#ifndef FRAME_1_H
#define FRAME_1_H

#include <Arduino.h>

const uint16_t frame_1_bitmap[] PROGMEM =  {
	0x0000, 0x0000, 0x0000, 0x0000, 0x0000, 0x0000, 0x0000, 0x0000, 0x0000, 0x0000, 0x0000, 0x0000, 0x0000, 0x0000, 0x0000, 0x0000, 
	0x0000, 0x0000, 0x0000, 0x0000, 0x0000, 0x0000, 0x0000, 0x0000, 0x0000, 0x0000, 0x0000, 0x0000, 0x0000, 0x0000, 0x0000, 0x0000, 
	0x0000, 0x0000, 0x0000, 0x0000, 0x0000, 0x0000, 0x0000, 0x0000, 0x0000, 0x0000, 0x0000, 0x0000, 0x0000, 0x0000, 0x0000, 0x0000, 
	0x0000, 0x0000, 0x0000, 0x0000, 0x0000, 0x0000, 0x0000, 0x0000, 0x0000, 0x0000, 0x0000, 0x0000, 0x0000, 0x0000, 0x0000, 0x0000, 
	0x0000, 0x0000, 0x0000, 0x0000, 0x0000, 0x0000, 0x0000, 0x0000, 0x0000, 0x0000, 0x0000, 0x0000, 0x0000, 0x0000, 0x0000, 0x0000, 
	0x0000, 0x0000, 0x0000, 0x0000, 0x0000, 0x0000, 0x0000, 0x0000, 0x0000, 0x0000, 0x0000, 0x0000, 0x0000, 0x0000, 0x0000, 0x0000, 
	0x0000, 0x0000, 0x0000, 0x0000, 0x0000, 0x0000, 0x0000, 0x0000, 0x0000, 0x0000, 0x0000, 0x0000, 0x0000, 0x0000, 0x0000, 0x0000, 
	0x0000, 0x0000, 0x0000, 0x0000, 0x0000, 0x0000, 0x0000, 0x0000, 0x0000, 0x0000, 0x0000, 0x0000, 0x0000, 0x0000, 0x0000, 0x0000, 
	0x0000, 0x0000, 0x0000, 0x0000, 0x0000, 0x0000, 0x0000, 0x0000, 0x0000, 0x0000, 0x0000, 0x0000, 0x0000, 0x0000, 0x0000, 0x0000, 
	0x0000, 0x0000, 0x0000, 0x0000, 0x0000, 0x0000, 0x0000, 0x0000, 0x0000, 0x0000, 0x0000, 0x0000, 0x0000, 0x0000, 0x0000, 0x0000, 
	0x0000, 0x0000, 0x0000, 0x0000, 0x0000, 0x0000, 0x0000, 0x0000, 0x0000, 0x0000, 0x0000, 0x0000, 0x0000, 0x0000, 0x0000, 0x0000, 
	0x0000, 0x0000, 0x0000, 0x0000, 0x0000, 0x0000, 0x0000, 0x0000, 0x0000, 0x0000, 0x0000, 0x0000, 0x0000, 0x0000, 0x0000, 0x0000, 
	0x0000, 0x0000, 0x0000, 0x0000, 0x0000, 0x0000, 0x0000, 0x0000, 0x0000, 0x0000, 0x0000, 0x0000, 0x0000, 0x0000, 0x0000, 0x0000, 
	0x0000, 0x0000, 0x0000, 0x0000, 0x0000, 0x0000, 0x0000, 0x0000, 0x0000, 0x0000, 0x0000, 0x0000, 0x0000, 0x0000, 0x0000, 0x0000, 
	0x0000, 0x0000, 0x0000, 0x0000, 0x0000, 0x0000, 0x0000, 0x0000, 0x0000, 0x0000, 0x0000, 0x0000, 0x0000, 0x0000, 0x0000, 0x0000, 
	0x0000, 0x0000, 0x0000, 0x0000, 0x0000, 0x0000, 0x0000, 0x0000, 0x0000, 0x0000, 0x0000, 0x0000, 0x0000, 0x0000, 0x0000, 0x0000, 
	0x0000, 0x0000, 0x0000, 0x0000, 0x0000, 0x0000, 0x0000, 0x0000, 0x0000, 0x0000, 0x0000, 0x0000, 0x0000, 0x0000, 0x0000, 0x0000, 
	0x0000, 0x0000, 0x0000, 0x0000, 0x0000, 0x0000, 0x0000, 0x0000, 0x0000, 0x0000, 0x0000, 0x0000, 0x0000, 0x0000, 0x0000, 0x0000, 
	0x0000, 0x0000, 0x0000, 0x0000, 0x0000, 0x0000, 0x0000, 0x0000, 0x0000, 0x0000, 0x0000, 0x0000, 0x0000, 0x0000, 0x0000, 0x0000, 
	0x0000, 0x0000, 0x0000, 0x0000, 0x0000, 0x0000, 0x0000, 0x0000, 0x0000, 0x0000, 0x0000, 0x0000, 0x0000, 0x0000, 0x0000, 0x0000, 
	0x0000, 0x0000, 0x0000, 0x0000, 0x0000, 0x0000, 0x0000, 0x0000, 0x0000, 0x0000, 0x0000, 0x0000, 0x0000, 0x0000, 0x0000, 0x0000, 
	0x0000, 0x0000, 0x0000, 0x0000, 0x0000, 0x0000, 0x0000, 0x0000, 0x0000, 0x0000, 0x0000, 0x0000, 0x0000, 0x0000, 0x0000, 0x0000, 
	0x0000, 0x0000, 0x0000, 0x0000, 0x0000, 0x0000, 0x0000, 0x0000, 0x0000, 0x0000, 0x0000, 0x0000, 0x0000, 0x0000, 0x0000, 0x0000, 
	0x0000, 0x0000, 0x0000, 0x0000, 0x0000, 0x0000, 0x0000, 0x0000, 0x0000, 0x0000, 0x0000, 0x0000, 0x0000, 0x0000, 0x0000, 0x0000, 
	0x0000, 0x0000, 0x0000, 0x0000, 0x0000, 0x0000, 0x0000, 0x0000, 0x0000, 0x0000, 0x0000, 0x0000, 0x0000, 0x0000, 0x0000, 0x0000, 
	0x0000, 0x0000, 0x0000, 0x0000, 0x0000, 0x0000, 0x0000, 0x0000, 0x0000, 0x0000, 0x0000, 0x0000, 0x0000, 0x0000, 0x0000, 0x0000, 
	0x0000, 0x0000, 0x0000, 0x0000, 0x0000, 0x0000, 0x0000, 0x0000, 0x0000, 0x0000, 0x0000, 0x0000, 0x0000, 0x0000, 0x0000, 0x0000, 
	0x0000, 0x0000, 0x0000, 0x0000, 0x0000, 0x0000, 0x0000, 0x0000, 0x0000, 0x0000, 0x0000, 0x0000, 0x0000, 0x0000, 0x0000, 0x0000, 
	0x0000, 0x0000, 0x0000, 0x0000, 0x0000, 0x0000, 0x0000, 0x0000, 0x0000, 0x0000, 0x0000, 0x0000, 0x0000, 0x0000, 0x0000, 0x0000, 
	0x0000, 0x0000, 0x0000, 0x0000, 0x0000, 0x0000, 0x0000, 0x0000, 0x0000, 0x0000, 0x0000, 0x0000, 0x0000, 0x0000, 0x0000, 0x0000, 
	0x0000, 0x0000, 0x0000, 0x0000, 0x0000, 0x0000, 0x0000, 0x0000, 0x0000, 0x0000, 0x0000, 0x0000, 0x0000, 0x0000, 0x0000, 0x0000, 
	0x0000, 0x0000, 0x0000, 0x0000, 0x0000, 0x0000, 0x0000, 0x0000, 0x0000, 0x0000, 0x0000, 0x0000, 0x0000, 0x0000, 0x0000, 0x0000, 
	0x0000, 0x0000, 0x0000, 0x0000, 0x0000, 0x0000, 0x0000, 0x0000, 0x0000, 0x0000, 0x0000, 0x0000, 0x0000, 0x0000, 0x0000, 0x0000, 
	0x0000, 0x0000, 0x0000, 0x0000, 0x0000, 0x0000, 0x0000, 0x0000, 0x0000, 0x0000, 0x0000, 0x0000, 0x0000, 0x0000, 0x0000, 0x0000, 
	0x0000, 0x0000, 0x0000, 0x0000, 0x0000, 0x0000, 0x0000, 0x0000, 0x0000, 0x0000, 0x0000, 0x0000, 0x0000, 0x0000, 0x0000, 0x0000, 
	0x0000, 0x0000, 0x0000, 0x0000, 0x0000, 0x0000, 0x0000, 0x0000, 0x0000, 0x0000, 0x0000, 0x0000, 0x0000, 0x0000, 0x0000, 0x0000, 
	0x0000, 0x0000, 0x0000, 0x0000, 0x0000, 0x0000, 0x0000, 0x0000, 0x0000, 0x0000, 0x0000, 0x0000, 0x0000, 0x0000, 0x0000, 0x0000, 
	0x0000, 0x0000, 0x0000, 0x0000, 0x0000, 0x0000, 0x0000, 0x0000, 0x0000, 0x0000, 0x0000, 0x0000, 0x0000, 0x0000, 0x0000, 0x0000, 
	0x0000, 0x0000, 0x0000, 0x0000, 0x0000, 0x0000, 0x0000, 0x0000, 0x0000, 0x0000, 0x0000, 0x0000, 0x0000, 0x0000, 0x0000, 0x0000, 
	0x0000, 0x0000, 0x0000, 0x0000, 0x0000, 0x0000, 0x0000, 0x0000, 0x0000, 0x0000, 0x0000, 0x0000, 0x0000, 0x0000, 0x0000, 0x0000, 
	0x0000, 0x0000, 0x0000, 0x0000, 0x0000, 0x0000, 0x0000, 0x0000, 0x0000, 0x0000, 0x0000, 0x0000, 0x0000, 0x0000, 0x0000, 0x0000, 
	0x0000, 0x0000, 0x0000, 0x0000, 0x0000, 0x0000, 0x0000, 0x0000, 0x0000, 0x0000, 0x0000, 0x0000, 0x0000, 0x0000, 0x0000, 0x0000, 
	0x0000, 0x0000, 0x0000, 0x0000, 0x0000, 0x0000, 0x0000, 0x0000, 0x0000, 0x0000, 0x0000, 0x0000, 0x0000, 0x0000, 0x0000, 0x0000, 
	0x0000, 0x0000, 0x0000, 0x0000, 0x0000, 0x0000, 0x0000, 0x0000, 0x0000, 0x0000, 0x0000, 0x0000, 0x0000, 0x0000, 0x0000, 0x0000, 
	0x0000, 0x0000, 0x0000, 0x0000, 0x0000, 0x0000, 0x0000, 0x0000, 0x0000, 0x0000, 0x0000, 0x0000, 0x0000, 0x0000, 0x0000, 0x0000, 
	0x0000, 0x0000, 0x0000, 0x0000, 0x0000, 0x0000, 0x0000, 0x0000, 0x0000, 0x0000, 0x0000, 0x0000, 0x0000, 0x0000, 0x0000, 0x0000, 
	0x0000, 0x0000, 0x0000, 0x0000, 0x0000, 0x0000, 0x0000, 0x0000, 0x0000, 0x0000, 0x0000, 0x0000, 0x0000, 0x0000, 0x0000, 0x0000, 
	0x0000, 0x0000, 0x0000, 0x0000, 0x0000, 0x0000, 0x0000, 0x0000, 0x0000, 0x0000, 0x0000, 0x0000, 0x0000, 0x0000, 0x0000, 0x0000, 
	0x0000, 0x0000, 0x0000, 0x0000, 0x0000, 0x0000, 0x0000, 0x0000, 0x0000, 0x0000, 0x0000, 0x0000, 0x0000, 0x0000, 0x0000, 0x0000, 
	0x0000, 0x0000, 0x0000, 0x0000, 0x0000, 0x0000, 0x0000, 0x0000, 0x0000, 0x0000, 0x0000, 0x0000, 0x0000, 0x0000, 0x0000, 0x0000, 
	0x0000, 0x0000, 0x0000, 0x0000, 0x0000, 0x0000, 0x0000, 0x0000, 0x0000, 0x0000, 0x0000, 0x0000, 0x0000, 0x0000, 0x0000, 0x0000, 
	0x0000, 0x0000, 0x0000, 0x0000, 0x0000, 0x0000, 0x0000, 0x0000, 0x0000, 0x0000, 0x0000, 0x0000, 0x0000, 0x0000, 0x0000, 0x0000, 
	0x0000, 0x0000, 0x0000, 0x0000, 0x0000, 0x0000, 0x0000, 0x0000, 0x0000, 0x0000, 0x0000, 0x0000, 0x0000, 0x0000, 0x0000, 0x0000, 
	0x0000, 0x0000, 0x0000, 0x0000, 0x0000, 0x0000, 0x0000, 0x0000, 0x0000, 0x0000, 0x0000, 0x0000, 0x0000, 0x0000, 0x0000, 0x0000, 
	0x0000, 0x0000, 0x0000, 0x0000, 0x0000, 0x0000, 0x0000, 0x0000, 0x0000, 0x0000, 0x0000, 0x0000, 0x0000, 0x0000, 0x0000, 0x0000, 
	0x0000, 0x0000, 0x0000, 0x0000, 0x0000, 0x0000, 0x0000, 0x0000, 0x0000, 0x0000, 0x0000, 0x0000, 0x0000, 0x0000, 0x0000, 0x0000, 
	0x0000, 0x0000, 0x0000, 0x0000, 0x0000, 0x0000, 0x0000, 0x0000, 0x0000, 0x0000, 0x0000, 0x0000, 0x0000, 0x0000, 0x0000, 0x0000, 
	0x0000, 0x0000, 0x0000, 0x0000, 0x0000, 0x0000, 0x0000, 0x0000, 0x0000, 0x0000, 0x0000, 0x0000, 0x0000, 0x0000, 0x0000, 0x0000, 
	0x0000, 0x0000, 0x0000, 0x0000, 0x0000, 0x0000, 0x0000, 0x0000, 0x0000, 0x0000, 0x0000, 0x0000, 0x0000, 0x0000, 0x0000, 0x0000, 
	0x0000, 0x0000, 0x0000, 0x0000, 0x0000, 0x0000, 0x0000, 0x0000, 0x0000, 0x0000, 0x0000, 0x0000, 0x0000, 0x0000, 0x0000, 0x0000, 
	0x0000, 0x0000, 0x0000, 0x0000, 0x0000, 0x0000, 0x0000, 0x0000, 0x0000, 0x0000, 0x0000, 0x0000, 0x0000, 0x0000, 0x0000, 0x0000, 
	0x0000, 0x0000, 0x0000, 0x0000, 0x0000, 0x0000, 0x0000, 0x0000, 0x0000, 0x0000, 0x0000, 0x0000, 0x0000, 0x0000, 0x0000, 0x0000, 
	0x0000, 0x0000, 0x0000, 0x0000, 0x0000, 0x0000, 0x0000, 0x0000, 0x0000, 0x0000, 0x0000, 0x0000, 0x0000, 0x0000, 0x0000, 0x0000, 
	0x0000, 0x0000, 0x0000, 0x0000, 0x0000, 0x0000, 0x0000, 0x0000, 0x0000, 0x0000, 0x0000, 0x0000, 0x0000, 0x0000, 0x0000, 0x0000, 
	0x0000, 0x0000, 0x0000, 0x0000, 0x0000, 0x0000, 0x0000, 0x0000, 0x0000, 0x0000, 0x0000, 0x0000, 0x0000, 0x0000, 0x0000, 0x0000, 
	0x0000, 0x0000, 0x0000, 0x0000, 0x0000, 0x0000, 0x0000, 0x0000, 0x0000, 0x0000, 0x0000, 0x0000, 0x0000, 0x0000, 0x0000, 0x0000, 
	0x0000, 0x0000, 0x0000, 0x0000, 0x0000, 0x0000, 0x0000, 0x0000, 0x0000, 0x0000, 0x0000, 0x0000, 0x0000, 0x0000, 0x0000, 0x0000, 
	0x0000, 0x0000, 0x0000, 0x0000, 0x0000, 0x0000, 0x0000, 0x0000, 0x0000, 0x0000, 0x0000, 0x0000, 0x0000, 0x0000, 0x0000, 0x0000, 
	0x0000, 0x0000, 0x0000, 0x0000, 0x0000, 0x0000, 0x0000, 0x0000, 0x0000, 0x0000, 0x0000, 0x0000, 0x0000, 0x0000, 0x0000, 0x0000, 
	0x0000, 0x0000, 0x0000, 0x0000, 0x0000, 0x0000, 0x0000, 0x0000, 0x0000, 0x0000, 0x0000, 0x0000, 0x0000, 0x0000, 0x0000, 0x0000, 
	0x0000, 0x0000, 0x0000, 0x0000, 0x0000, 0x0000, 0x0000, 0x0000, 0x0000, 0x0000, 0x0000, 0x0000, 0x0000, 0x0000, 0x0000, 0x0000, 
	0x0000, 0x0000, 0x0000, 0x0000, 0x0000, 0x0000, 0x0000, 0x0000, 0x0000, 0x0000, 0x0000, 0x0000, 0x0000, 0x0000, 0x0000, 0x0000, 
	0x0000, 0x0000, 0x0000, 0x0000, 0x0000, 0x0000, 0x0000, 0x0000, 0x0000, 0x0000, 0x0000, 0x0000, 0x0000, 0x0000, 0x0000, 0x0000, 
	0x0000, 0x0000, 0x0000, 0x0000, 0x0000, 0x0000, 0x0000, 0x0000, 0x0000, 0x0000, 0x0000, 0x0000, 0x0000, 0x0000, 0x0000, 0x0000, 
	0x0000, 0x0000, 0x0000, 0x0000, 0x0000, 0x0000, 0x0000, 0x0000, 0x0000, 0x0000, 0x0000, 0x0000, 0x0000, 0x0000, 0x0000, 0x0000, 
	0x0000, 0x0000, 0x0000, 0x0000, 0x0000, 0x0000, 0x0000, 0x0000, 0x0000, 0x0000, 0x0000, 0x0000, 0x0000, 0x0000, 0x0000, 0x0000, 
	0x0000, 0x0000, 0x0000, 0x0000, 0x0000, 0x0000, 0x0000, 0x0000, 0x0000, 0x0000, 0x0000, 0x0000, 0x0000, 0x0000, 0x0000, 0x0000, 
	0x0000, 0x0000, 0x0000, 0x0000, 0x0000, 0x0000, 0x0000, 0x0000, 0x0000, 0x0000, 0x0000, 0x0000, 0x0000, 0x0000, 0x0000, 0x0000, 
	0x0000, 0x0000, 0x0000, 0x0000, 0x0000, 0x0000, 0x0000, 0x0000, 0x0000, 0x0000, 0x0000, 0x0000, 0x0000, 0x0000, 0x0000, 0x0000, 
	0x0000, 0x0000, 0x0000, 0x0000, 0x0000, 0x0000, 0x0000, 0x0000, 0x0000, 0x0000, 0x0000, 0x0000, 0x0000, 0x0000, 0x0000, 0x0000, 
	0x0000, 0x0000, 0x0000, 0x0000, 0x0000, 0x0000, 0x0000, 0x0000, 0x0000, 0x0000, 0x0000, 0x0000, 0x0000, 0x0000, 0x0000, 0x0000, 
	0x0000, 0x0000, 0x0000, 0x0000, 0x0000, 0x0000, 0x0000, 0x0000, 0x0000, 0x0000, 0x0000, 0x0000, 0x0000, 0x0000, 0x0000, 0x0000, 
	0x0000, 0x0000, 0x0000, 0x0000, 0x0000, 0x0000, 0x0000, 0x0000, 0x0000, 0x0000, 0x0000, 0x0000, 0x0000, 0x0000, 0x0000, 0x0000, 
	0x0000, 0x0000, 0x0000, 0x0000, 0x0000, 0x0000, 0x0000, 0x0000, 0x0000, 0x0000, 0x0000, 0x0000, 0x0000, 0x0000, 0x0000, 0x0000, 
	0x0000, 0x0000, 0x0000, 0x0000, 0x0000, 0x0000, 0x0000, 0x0000, 0x0000, 0x0000, 0x0000, 0x0000, 0x0000, 0x0000, 0x0000, 0x0000, 
	0x0000, 0x0000, 0x0000, 0x0000, 0x0000, 0x0000, 0x0000, 0x0000, 0x0000, 0x0000, 0x0000, 0x0000, 0x0000, 0x0000, 0x0000, 0x0000, 
	0x0000, 0x0000, 0x0000, 0x0000, 0x0000, 0x0000, 0x0000, 0x0000, 0x0000, 0x0000, 0x0000, 0x0000, 0x0000, 0x0000, 0x0000, 0x0000, 
	0x0000, 0x0000, 0x0000, 0x0000, 0x0000, 0x0000, 0x0000, 0x0000, 0x0000, 0x0000, 0x0000, 0x0000, 0x0000, 0x0000, 0x0000, 0x0000, 
	0x0000, 0x0000, 0x0000, 0x0000, 0x0000, 0x0000, 0x0000, 0x0000, 0x0000, 0x0000, 0x0000, 0x0000, 0x0000, 0x0000, 0x0000, 0x0000, 
	0x0000, 0x0000, 0x0000, 0x0000, 0x0000, 0x0000, 0x0000, 0x0000, 0x0000, 0x0000, 0x0000, 0x0000, 0x0000, 0x0000, 0x0000, 0x0000, 
	0x0000, 0x0000, 0x0000, 0x0000, 0x0000, 0x0000, 0x0000, 0x0000, 0x0000, 0x0000, 0x0000, 0x0000, 0x0000, 0x0000, 0x0000, 0x0000, 
	0x0000, 0x0000, 0x0000, 0x0000, 0x0000, 0x0000, 0x0000, 0x0000, 0x0000, 0x0000, 0x0000, 0x0000, 0x0000, 0x0000, 0x0000, 0x0000, 
	0x0000, 0x0000, 0x0000, 0x0000, 0x0000, 0x0000, 0x0000, 0x0000, 0x0000, 0x0000, 0x0000, 0x0000, 0x0000, 0x0000, 0x0000, 0x0000, 
	0x0000, 0x0000, 0x0000, 0x0000, 0x0000, 0x0000, 0x0000, 0x0000, 0x0000, 0x0000, 0x0000, 0x0000, 0x0000, 0x0000, 0x0000, 0x0000, 
	0x0000, 0x0000, 0x0000, 0x0000, 0x0000, 0x0000, 0x0000, 0x0000, 0x0000, 0x0000, 0x0000, 0x0000, 0x0000, 0x0000, 0x0000, 0x0000, 
	0x0000, 0x0000, 0x0000, 0x0000, 0x0000, 0x0000, 0x0000, 0x0000, 0x0000, 0x0000, 0x0000, 0x0000, 0x0000, 0x0000, 0x0000, 0x0000, 
	0x0000, 0x0000, 0x0000, 0x0000, 0x0000, 0x0000, 0x0000, 0x0000, 0x0000, 0x0000, 0x0000, 0x0000, 0x0000, 0x0000, 0x0000, 0x0000, 
	0x0000, 0x0000, 0x0000, 0x0000, 0x0000, 0x0000, 0x0000, 0x0000, 0x0000, 0x0000, 0x0000, 0x0000, 0x0000, 0x0000, 0x0000, 0x0000, 
	0x0000, 0x0000, 0x0000, 0x0000, 0x0000, 0x0000, 0x0000, 0x0000, 0x0000, 0x0000, 0x0000, 0x0000, 0x0000, 0x0000, 0x0000, 0x0000, 
	0x0000, 0x0000, 0x0000, 0x0000, 0x0000, 0x0000, 0x0000, 0x0000, 0x0000, 0x0000, 0x0000, 0x0000, 0x0000, 0x0000, 0x0000, 0x0000, 
	0x0000, 0x0000, 0x0000, 0x0000, 0x0000, 0x0000, 0x0000, 0x0000, 0x0000, 0x0000, 0x0000, 0x0000, 0x0000, 0x0000, 0x0000, 0x0000, 
	0x0000, 0x0000, 0x0000, 0x0000, 0x0000, 0x0000, 0x0000, 0x0000, 0x0000, 0x0000, 0x0000, 0x0000, 0x0000, 0x0000, 0x0000, 0x0000, 
	0x0000, 0x0000, 0x0000, 0x0000, 0x0000, 0x0000, 0x0000, 0x0000, 0x0000, 0x0000, 0x0000, 0x0000, 0x0000, 0x0000, 0x0000, 0x0000, 
	0x0000, 0x0000, 0x0000, 0x0000, 0x0000, 0x0000, 0x0000, 0x0000, 0x0000, 0x0000, 0x0000, 0x0000, 0x0000, 0x0000, 0x0000, 0x0000, 
	0x0000, 0x0000, 0x0000, 0x0000, 0x0000, 0x0000, 0x0000, 0x0000, 0x0000, 0x0000, 0x0000, 0x0000, 0x0000, 0x0000, 0x0000, 0x0000, 
	0x0000, 0x0000, 0x0000, 0x0000, 0x0000, 0x0000, 0x0000, 0x0000, 0x0000, 0x0000, 0x0000, 0x0000, 0x0000, 0x0000, 0x0000, 0x0000, 
	0x0000, 0x0000, 0x0000, 0x0000, 0x0000, 0x0000, 0x0000, 0x0000, 0x0000, 0x0000, 0x0000, 0x0000, 0x0000, 0x0000, 0x0000, 0x0000, 
	0x0000, 0x0000, 0x0000, 0x0000, 0x0000, 0x0000, 0x0000, 0x0000, 0x0000, 0x0000, 0x0000, 0x0000, 0x0000, 0x0000, 0x0000, 0x0000, 
	0x0000, 0x0000, 0x0000, 0x0000, 0x0000, 0x0000, 0x0000, 0x0000, 0x0000, 0x0000, 0x0000, 0x0000, 0x0000, 0x0000, 0x0000, 0x0000, 
	0x0000, 0x0000, 0x0000, 0x0000, 0x0000, 0x0000, 0x0000, 0x0000, 0x0000, 0x0000, 0x0000, 0x0000, 0x0000, 0x0000, 0x0000, 0x0000, 
	0x0000, 0x0000, 0x0000, 0x0000, 0x0000, 0x0000, 0x0000, 0x0000, 0x0000, 0x0000, 0x0000, 0x0000, 0x0000, 0x0000, 0x0000, 0x0000, 
	0x0000, 0x0000, 0x0000, 0x0000, 0x0000, 0x0000, 0x0000, 0x0000, 0x0000, 0x0000, 0x0000, 0x0000, 0x0000, 0x0000, 0x0000, 0x0000, 
	0x0000, 0x0000, 0x0000, 0x0000, 0x0000, 0x0000, 0x0000, 0x0000, 0x0000, 0x0000, 0x0000, 0x0000, 0x0000, 0x0000, 0x0000, 0x0000, 
	0x0000, 0x0000, 0x0000, 0x0000, 0x0000, 0x0000, 0x0000, 0x0000, 0x0000, 0x0000, 0x0000, 0x0000, 0x0000, 0x0000, 0x0000, 0x0000, 
	0x0000, 0x0000, 0x0000, 0x0000, 0x0000, 0x0000, 0x0000, 0x0000, 0x0000, 0x0000, 0x0000, 0x0000, 0x0000, 0x0000, 0x0000, 0x0000, 
	0x0000, 0x0000, 0x0000, 0x0000, 0x0000, 0x0000, 0x0000, 0x0000, 0x0000, 0x0000, 0x0000, 0x0000, 0x0000, 0x0000, 0x0000, 0x0000, 
	0x0000, 0x0000, 0x0000, 0x0000, 0x0000, 0x0000, 0x0000, 0x0000, 0x0000, 0x0000, 0x0000, 0x0000, 0x0000, 0x0000, 0x0000, 0x0000, 
	0x0000, 0x0000, 0x0000, 0x0000, 0x0000, 0x0000, 0x0000, 0x0000, 0x0000, 0x0000, 0x0000, 0x0000, 0x0000, 0x0000, 0x0000, 0x0000, 
	0x0000, 0x0000, 0x0000, 0x0000, 0x0000, 0x0000, 0x0000, 0x0000, 0x0000, 0x0000, 0x0000, 0x0000, 0x0000, 0x0000, 0x0000, 0x0000, 
	0x0000, 0x0000, 0x0000, 0x0000, 0x0000, 0x0000, 0x0000, 0x0000, 0x0000, 0x0000, 0x0000, 0x0000, 0x0000, 0x0000, 0x0000, 0x0000, 
	0x0000, 0x0000, 0x0000, 0x0000, 0x0000, 0x0000, 0x0000, 0x0000, 0x0000, 0x0000, 0x0000, 0x0000, 0x0000, 0x0000, 0x0000, 0x0000, 
	0x0000, 0x0000, 0x0000, 0x0000, 0x0000, 0x0000, 0x0000, 0x0000, 0x0000, 0x0000, 0x0000, 0x0000, 0x0000, 0x0000, 0x0000, 0x0000, 
	0x0000, 0x0000, 0x0000, 0x0000, 0x0000, 0x0000, 0x0000, 0x0000, 0x0000, 0x0000, 0x0000, 0x0000, 0x0000, 0x0000, 0x0000, 0x0000, 
	0x0000, 0x0000, 0x0000, 0x0000, 0x0000, 0x0000, 0x0000, 0x0000, 0x0000, 0x0000, 0x0000, 0x0000, 0x0000, 0x0000, 0x0000, 0x0000, 
	0x0000, 0x0000, 0x0000, 0x0000, 0x0000, 0x0000, 0x0000, 0x0000, 0x0000, 0x0000, 0x0000, 0x0000, 0x0000, 0x0000, 0x0000, 0x0000, 
	0x0000, 0x0000, 0x0000, 0x0000, 0x0000, 0x0000, 0xdb84, 0xdb84, 0xdb84, 0xdb84, 0x0000, 0x0000, 0x0000, 0x0000, 0x0000, 0x0000, 
	0x0000, 0x0000, 0x0000, 0x0000, 0x0000, 0x0000, 0x0000, 0x0000, 0x0000, 0x0000, 0x0000, 0x0000, 0x0000, 0x0000, 0x0000, 0x0000, 
	0x0000, 0x0000, 0x0000, 0x0000, 0x0000, 0x0000, 0x0000, 0x0000, 0x0000, 0x0000, 0x0000, 0x0000, 0x0000, 0x0000, 0x0000, 0x0000, 
	0x0000, 0x0000, 0x0000, 0x0000, 0x0000, 0x0000, 0x0000, 0x0000, 0x0000, 0x0000, 0x0000, 0x0000, 0x0000, 0x0000, 0x0000, 0x0000, 
	0x0000, 0x0000, 0x0000, 0x0000, 0x0000, 0x0000, 0x0000, 0x0000, 0x0000, 0x0000, 0x0000, 0x0000, 0x0000, 0x0000, 0x0000, 0x0000, 
	0x0000, 0x0000, 0x0000, 0x0000, 0x0000, 0x0000, 0x0000, 0x0000, 0x0000, 0x0000, 0x0000, 0x0000, 0x0000, 0x0000, 0x0000, 0x0000, 
	0x0000, 0x0000, 0x0000, 0x0000, 0x0000, 0x0000, 0x0000, 0x0000, 0x0000, 0x0000, 0x0000, 0x0000, 0x0000, 0x0000, 0x0000, 0x0000, 
	0x0000, 0x0000, 0x0000, 0x0000, 0x0000, 0x0000, 0x0000, 0x0000, 0x0000, 0x0000, 0x0000, 0x0000, 0x0000, 0x0000, 0x0000, 0x0000, 
	0x0000, 0x0000, 0x0000, 0x0000, 0x0000, 0x0000, 0x0000, 0x0000, 0x0000, 0x0000, 0x0000, 0x0000, 0x0000, 0x0000, 0x0000, 0x0000, 
	0x0000, 0x0000, 0x0000, 0x0000, 0x0000, 0x0000, 0x0000, 0x0000, 0x0000, 0x0000, 0x0000, 0x0000, 0x0000, 0x0000, 0x0000, 0x0000, 
	0x0000, 0x0000, 0x0000, 0x0000, 0x0000, 0x0000, 0xdb84, 0xdb84, 0xdb84, 0xdb84, 0x0000, 0x0000, 0x0000, 0x0000, 0x0000, 0x0000, 
	0x0000, 0x0000, 0x0000, 0x0000, 0x0000, 0x0000, 0x0000, 0x0000, 0x0000, 0x0000, 0x0000, 0x0000, 0x0000, 0x0000, 0x0000, 0x0000, 
	0x0000, 0x0000, 0x0000, 0x0000, 0x0000, 0x0000, 0x0000, 0x0000, 0x0000, 0x0000, 0x0000, 0x0000, 0x0000, 0x0000, 0x0000, 0x0000, 
	0x0000, 0x0000, 0x0000, 0x0000, 0x0000, 0x0000, 0x0000, 0x0000, 0x0000, 0x0000, 0x0000, 0x0000, 0x0000, 0x0000, 0x0000, 0x0000, 
	0x0000, 0x0000, 0x0000, 0x0000, 0x0000, 0x0000, 0x0000, 0x0000, 0x0000, 0x0000, 0x0000, 0x0000, 0x0000, 0x0000, 0x0000, 0x0000, 
	0x0000, 0x0000, 0x0000, 0x0000, 0x0000, 0x0000, 0x0000, 0x0000, 0x0000, 0x0000, 0x0000, 0x0000, 0x0000, 0x0000, 0x0000, 0x0000, 
	0x0000, 0x0000, 0x0000, 0x0000, 0x0000, 0x0000, 0x0000, 0x0000, 0x0000, 0x0000, 0x0000, 0x0000, 0x0000, 0x0000, 0x0000, 0x0000, 
	0x0000, 0x0000, 0x0000, 0x0000, 0x0000, 0x0000, 0x0000, 0x0000, 0x0000, 0x0000, 0x0000, 0x0000, 0x0000, 0x0000, 0x0000, 0x0000, 
	0x0000, 0x0000, 0x0000, 0x0000, 0x0000, 0x0000, 0x0000, 0x0000, 0x0000, 0x0000, 0x0000, 0x0000, 0x0000, 0x0000, 0x0000, 0x0000, 
	0x0000, 0x0000, 0x0000, 0x0000, 0x0000, 0x0000, 0x0000, 0x0000, 0x0000, 0x0000, 0x0000, 0x0000, 0x0000, 0x0000, 0x0000, 0x0000, 
	0x0000, 0x0000, 0x0000, 0x0000, 0x0000, 0x0000, 0xdb84, 0xdb84, 0xdb84, 0xdb84, 0x0000, 0x0000, 0x0000, 0x0000, 0x0000, 0x0000, 
	0x0000, 0x0000, 0x0000, 0x0000, 0x0000, 0x0000, 0x0000, 0x0000, 0x0000, 0x0000, 0x0000, 0x0000, 0x0000, 0x0000, 0x0000, 0x0000, 
	0x0000, 0x0000, 0x0000, 0x0000, 0x0000, 0x0000, 0x0000, 0x0000, 0x0000, 0x0000, 0x0000, 0x0000, 0x0000, 0x0000, 0x0000, 0x0000, 
	0x0000, 0x0000, 0x0000, 0x0000, 0x0000, 0x0000, 0x0000, 0x0000, 0x0000, 0x0000, 0x0000, 0x0000, 0x0000, 0x0000, 0x0000, 0x0000, 
	0x0000, 0x0000, 0x0000, 0x0000, 0x0000, 0x0000, 0x0000, 0x0000, 0x0000, 0x0000, 0x0000, 0x0000, 0x0000, 0x0000, 0x0000, 0x0000, 
	0x0000, 0x0000, 0x0000, 0x0000, 0x0000, 0x0000, 0x0000, 0x0000, 0x0000, 0x0000, 0x0000, 0x0000, 0x0000, 0x0000, 0x0000, 0x0000, 
	0x0000, 0x0000, 0x0000, 0x0000, 0x0000, 0x0000, 0x0000, 0x0000, 0x0000, 0x0000, 0x0000, 0x0000, 0x0000, 0x0000, 0x0000, 0x0000, 
	0x0000, 0x0000, 0x0000, 0x0000, 0x0000, 0x0000, 0x0000, 0x0000, 0x0000, 0x0000, 0x0000, 0x0000, 0x0000, 0x0000, 0x0000, 0x0000, 
	0x0000, 0x0000, 0x0000, 0x0000, 0x0000, 0x0000, 0x0000, 0x0000, 0x0000, 0x0000, 0x0000, 0x0000, 0x0000, 0x0000, 0x0000, 0x0000, 
	0x0000, 0x0000, 0x0000, 0x0000, 0x0000, 0x0000, 0x0000, 0x0000, 0x0000, 0x0000, 0x0000, 0x0000, 0x0000, 0x0000, 0x0000, 0x0000, 
	0x0000, 0x0000, 0x0000, 0x0000, 0x0000, 0x0000, 0xdb84, 0xdb84, 0xdb84, 0xdb84, 0x0000, 0x0000, 0x0000, 0x0000, 0x0000, 0x0000, 
	0x0000, 0x0000, 0x0000, 0x0000, 0x0000, 0x0000, 0x0000, 0x0000, 0x0000, 0x0000, 0x0000, 0x0000, 0x0000, 0x0000, 0x0000, 0x0000, 
	0x0000, 0x0000, 0x0000, 0x0000, 0x0000, 0x0000, 0x0000, 0x0000, 0x0000, 0x0000, 0x0000, 0x0000, 0x0000, 0x0000, 0x0000, 0x0000, 
	0x0000, 0x0000, 0x0000, 0x0000, 0x0000, 0x0000, 0x0000, 0x0000, 0x0000, 0x0000, 0x0000, 0x0000, 0x0000, 0x0000, 0x0000, 0x0000, 
	0x0000, 0x0000, 0x0000, 0x0000, 0x0000, 0x0000, 0x0000, 0x0000, 0x0000, 0x0000, 0x0000, 0x0000, 0x0000, 0x0000, 0x0000, 0x0000, 
	0x0000, 0x0000, 0x0000, 0x0000, 0x0000, 0x0000, 0x0000, 0x0000, 0x0000, 0x0000, 0x0000, 0x0000, 0x0000, 0x0000, 0x0000, 0x0000, 
	0x0000, 0x0000, 0x0000, 0x0000, 0x0000, 0x0000, 0x0000, 0x0000, 0x0000, 0x0000, 0x0000, 0x0000, 0x0000, 0x0000, 0x0000, 0x0000, 
	0x0000, 0x0000, 0x0000, 0x0000, 0x0000, 0x0000, 0x0000, 0x0000, 0x0000, 0x0000, 0x0000, 0x0000, 0x0000, 0x0000, 0x0000, 0x0000, 
	0x0000, 0x0000, 0x0000, 0x0000, 0x0000, 0x0000, 0x0000, 0x0000, 0x0000, 0x0000, 0x0000, 0x0000, 0x0000, 0x0000, 0x0000, 0x0000, 
	0x0000, 0x0000, 0x0000, 0x0000, 0x0000, 0x0000, 0x0000, 0x0000, 0x0000, 0x0000, 0x0000, 0x0000, 0x0000, 0x0000, 0x0000, 0x0000, 
	0x0000, 0x0000, 0xdb84, 0xdb84, 0xdb84, 0xdb84, 0xff86, 0xff86, 0xff86, 0xff86, 0xdb84, 0xdb84, 0xdb84, 0xdb84, 0x0000, 0x0000, 
	0x0000, 0x0000, 0x0000, 0x0000, 0x0000, 0x0000, 0x0000, 0x0000, 0x0000, 0x0000, 0x0000, 0x0000, 0x0000, 0x0000, 0x0000, 0x0000, 
	0x0000, 0x0000, 0x0000, 0x0000, 0x0000, 0x0000, 0x0000, 0x0000, 0x0000, 0x0000, 0x0000, 0x0000, 0x0000, 0x0000, 0x0000, 0x0000, 
	0x0000, 0x0000, 0x0000, 0x0000, 0x0000, 0x0000, 0x0000, 0x0000, 0x0000, 0x0000, 0x0000, 0x0000, 0x0000, 0x0000, 0x0000, 0x0000, 
	0x0000, 0x0000, 0x0000, 0x0000, 0x0000, 0x0000, 0x0000, 0x0000, 0x0000, 0x0000, 0x0000, 0x0000, 0x0000, 0x0000, 0x0000, 0x0000, 
	0x0000, 0x0000, 0x0000, 0x0000, 0x0000, 0x0000, 0x0000, 0x0000, 0x0000, 0x0000, 0x0000, 0x0000, 0x0000, 0x0000, 0x0000, 0x0000, 
	0x0000, 0x0000, 0x0000, 0x0000, 0x0000, 0x0000, 0x0000, 0x0000, 0x0000, 0x0000, 0x0000, 0x0000, 0x0000, 0x0000, 0x0000, 0x0000, 
	0x0000, 0x0000, 0x0000, 0x0000, 0x0000, 0x0000, 0x0000, 0x0000, 0x0000, 0x0000, 0x0000, 0x0000, 0x0000, 0x0000, 0x0000, 0x0000, 
	0x0000, 0x0000, 0x0000, 0x0000, 0x0000, 0x0000, 0x0000, 0x0000, 0x0000, 0x0000, 0x0000, 0x0000, 0x0000, 0x0000, 0x0000, 0x0000, 
	0x0000, 0x0000, 0x0000, 0x0000, 0x0000, 0x0000, 0x0000, 0x0000, 0x0000, 0x0000, 0x0000, 0x0000, 0x0000, 0x0000, 0x0000, 0x0000, 
	0x0000, 0x0000, 0xdb84, 0xdb84, 0xdb84, 0xdb84, 0xff86, 0xff86, 0xff86, 0xff86, 0xdb84, 0xdb84, 0xdb84, 0xdb84, 0x0000, 0x0000, 
	0x0000, 0x0000, 0x0000, 0x0000, 0x0000, 0x0000, 0x0000, 0x0000, 0x0000, 0x0000, 0x0000, 0x0000, 0x0000, 0x0000, 0x0000, 0x0000, 
	0x0000, 0x0000, 0x0000, 0x0000, 0x0000, 0x0000, 0x0000, 0x0000, 0x0000, 0x0000, 0x0000, 0x0000, 0x0000, 0x0000, 0x0000, 0x0000, 
	0x0000, 0x0000, 0x0000, 0x0000, 0x0000, 0x0000, 0x0000, 0x0000, 0x0000, 0x0000, 0x0000, 0x0000, 0x0000, 0x0000, 0x0000, 0x0000, 
	0x0000, 0x0000, 0x0000, 0x0000, 0x0000, 0x0000, 0x0000, 0x0000, 0x0000, 0x0000, 0x0000, 0x0000, 0x0000, 0x0000, 0x0000, 0x0000, 
	0x0000, 0x0000, 0x0000, 0x0000, 0x0000, 0x0000, 0x0000, 0x0000, 0x0000, 0x0000, 0x0000, 0x0000, 0x0000, 0x0000, 0x0000, 0x0000, 
	0x0000, 0x0000, 0x0000, 0x0000, 0x0000, 0x0000, 0x0000, 0x0000, 0x0000, 0x0000, 0x0000, 0x0000, 0x0000, 0x0000, 0x0000, 0x0000, 
	0x0000, 0x0000, 0x0000, 0x0000, 0x0000, 0x0000, 0x0000, 0x0000, 0x0000, 0x0000, 0x0000, 0x0000, 0x0000, 0x0000, 0x0000, 0x0000, 
	0x0000, 0x0000, 0x0000, 0x0000, 0x0000, 0x0000, 0x0000, 0x0000, 0x0000, 0x0000, 0x0000, 0x0000, 0x0000, 0x0000, 0x0000, 0x0000, 
	0x0000, 0x0000, 0x0000, 0x0000, 0x0000, 0x0000, 0x0000, 0x0000, 0x0000, 0x0000, 0x0000, 0x0000, 0x0000, 0x0000, 0x0000, 0x0000, 
	0x0000, 0x0000, 0xdb84, 0xdb84, 0xdb84, 0xdb84, 0xff86, 0xff86, 0xff86, 0xff86, 0xdb84, 0xdb84, 0xdb84, 0xdb84, 0x0000, 0x0000, 
	0x0000, 0x0000, 0x0000, 0x0000, 0x0000, 0x0000, 0x0000, 0x0000, 0x0000, 0x0000, 0x0000, 0x0000, 0x0000, 0x0000, 0x0000, 0x0000, 
	0x0000, 0x0000, 0x0000, 0x0000, 0x0000, 0x0000, 0x0000, 0x0000, 0x0000, 0x0000, 0x0000, 0x0000, 0x0000, 0x0000, 0x0000, 0x0000, 
	0x0000, 0x0000, 0x0000, 0x0000, 0x0000, 0x0000, 0x0000, 0x0000, 0x0000, 0x0000, 0x0000, 0x0000, 0x0000, 0x0000, 0x0000, 0x0000, 
	0x0000, 0x0000, 0x0000, 0x0000, 0x0000, 0x0000, 0x0000, 0x0000, 0x0000, 0x0000, 0x0000, 0x0000, 0x0000, 0x0000, 0x0000, 0x0000, 
	0x0000, 0x0000, 0x0000, 0x0000, 0x0000, 0x0000, 0x0000, 0x0000, 0x0000, 0x0000, 0x0000, 0x0000, 0x0000, 0x0000, 0x0000, 0x0000, 
	0x0000, 0x0000, 0x0000, 0x0000, 0x0000, 0x0000, 0x0000, 0x0000, 0x0000, 0x0000, 0x0000, 0x0000, 0x0000, 0x0000, 0x0000, 0x0000, 
	0x0000, 0x0000, 0x0000, 0x0000, 0x0000, 0x0000, 0x0000, 0x0000, 0x0000, 0x0000, 0x0000, 0x0000, 0x0000, 0x0000, 0x0000, 0x0000, 
	0x0000, 0x0000, 0x0000, 0x0000, 0x0000, 0x0000, 0x0000, 0x0000, 0x0000, 0x0000, 0x0000, 0x0000, 0x0000, 0x0000, 0x0000, 0x0000, 
	0x0000, 0x0000, 0x0000, 0x0000, 0x0000, 0x0000, 0x0000, 0x0000, 0x0000, 0x0000, 0x0000, 0x0000, 0x0000, 0x0000, 0xdb84, 0xdb84, 
	0xdb84, 0xdb84, 0xdb84, 0xdb84, 0xdb84, 0xdb84, 0xff86, 0xff86, 0xff86, 0xff86, 0xdb84, 0xdb84, 0xdb84, 0xdb84, 0x0000, 0x0000, 
	0x0000, 0x0000, 0x0000, 0x0000, 0x0000, 0x0000, 0x0000, 0x0000, 0x0000, 0x0000, 0x0000, 0x0000, 0x0000, 0x0000, 0x0000, 0x0000, 
	0x0000, 0x0000, 0x0000, 0x0000, 0x0000, 0x0000, 0x0000, 0x0000, 0x0000, 0x0000, 0x0000, 0x0000, 0x0000, 0x0000, 0x0000, 0x0000, 
	0x0000, 0x0000, 0x0000, 0x0000, 0x0000, 0x0000, 0x0000, 0x0000, 0x0000, 0x0000, 0x0000, 0x0000, 0x0000, 0x0000, 0x0000, 0x0000, 
	0x0000, 0x0000, 0x0000, 0x0000, 0x0000, 0x0000, 0x0000, 0x0000, 0x0000, 0x0000, 0x0000, 0x0000, 0x0000, 0x0000, 0x0000, 0x0000, 
	0x0000, 0x0000, 0x0000, 0x0000, 0x0000, 0x0000, 0x0000, 0x0000, 0x0000, 0x0000, 0x0000, 0x0000, 0x0000, 0x0000, 0x0000, 0x0000, 
	0x0000, 0x0000, 0x0000, 0x0000, 0x0000, 0x0000, 0x0000, 0x0000, 0x0000, 0x0000, 0x0000, 0x0000, 0x0000, 0x0000, 0x0000, 0x0000, 
	0x0000, 0x0000, 0x0000, 0x0000, 0x0000, 0x0000, 0x0000, 0x0000, 0x0000, 0x0000, 0x0000, 0x0000, 0x0000, 0x0000, 0x0000, 0x0000, 
	0x0000, 0x0000, 0x0000, 0x0000, 0x0000, 0x0000, 0x0000, 0x0000, 0x0000, 0x0000, 0x0000, 0x0000, 0x0000, 0x0000, 0x0000, 0x0000, 
	0x0000, 0x0000, 0x0000, 0x0000, 0x0000, 0x0000, 0x0000, 0x0000, 0x0000, 0x0000, 0x0000, 0x0000, 0x0000, 0x0000, 0xdb84, 0xdb84, 
	0xdb84, 0xdb84, 0xff86, 0xff86, 0xff86, 0xff86, 0xff86, 0xff86, 0xff86, 0xff86, 0xdb84, 0xdb84, 0xdb84, 0xdb84, 0x0000, 0x0000, 
	0x0000, 0x0000, 0x0000, 0x0000, 0x0000, 0x0000, 0x0000, 0x0000, 0x0000, 0x0000, 0x0000, 0x0000, 0x0000, 0x0000, 0x0000, 0x0000, 
	0x0000, 0x0000, 0x0000, 0x0000, 0x0000, 0x0000, 0x0000, 0x0000, 0x0000, 0x0000, 0x0000, 0x0000, 0x0000, 0x0000, 0x0000, 0x0000, 
	0x0000, 0x0000, 0x0000, 0x0000, 0x0000, 0x0000, 0x0000, 0x0000, 0x0000, 0x0000, 0x0000, 0x0000, 0x0000, 0x0000, 0x0000, 0x0000, 
	0x0000, 0x0000, 0x0000, 0x0000, 0x0000, 0x0000, 0x0000, 0x0000, 0x0000, 0x0000, 0x0000, 0x0000, 0x0000, 0x0000, 0x0000, 0x0000, 
	0x0000, 0x0000, 0x0000, 0x0000, 0x0000, 0x0000, 0x0000, 0x0000, 0x0000, 0x0000, 0x0000, 0x0000, 0x0000, 0x0000, 0x0000, 0x0000, 
	0x0000, 0x0000, 0x0000, 0x0000, 0x0000, 0x0000, 0x0000, 0x0000, 0x0000, 0x0000, 0x0000, 0x0000, 0x0000, 0x0000, 0x0000, 0x0000, 
	0x0000, 0x0000, 0x0000, 0x0000, 0x0000, 0x0000, 0x0000, 0x0000, 0x0000, 0x0000, 0x0000, 0x0000, 0x0000, 0x0000, 0x0000, 0x0000, 
	0x0000, 0x0000, 0x0000, 0x0000, 0x0000, 0x0000, 0x0000, 0x0000, 0x0000, 0x0000, 0x0000, 0x0000, 0x0000, 0x0000, 0x0000, 0x0000, 
	0x0000, 0x0000, 0x0000, 0x0000, 0x0000, 0x0000, 0x0000, 0x0000, 0x0000, 0x0000, 0x0000, 0x0000, 0x0000, 0x0000, 0xdb84, 0xdb84, 
	0xdb84, 0xdb84, 0xff86, 0xff86, 0xff86, 0xff86, 0xff86, 0xff86, 0xff86, 0xff86, 0xdb84, 0xdb84, 0xdb84, 0xdb84, 0x0000, 0x0000, 
	0x0000, 0x0000, 0x0000, 0x0000, 0x0000, 0x0000, 0x0000, 0x0000, 0x0000, 0x0000, 0x0000, 0x0000, 0x0000, 0x0000, 0x0000, 0x0000, 
	0x0000, 0x0000, 0x0000, 0x0000, 0x0000, 0x0000, 0x0000, 0x0000, 0x0000, 0x0000, 0x0000, 0x0000, 0x0000, 0x0000, 0x0000, 0x0000, 
	0x0000, 0x0000, 0x0000, 0x0000, 0x0000, 0x0000, 0x0000, 0x0000, 0x0000, 0x0000, 0x0000, 0x0000, 0x0000, 0x0000, 0x0000, 0x0000, 
	0x0000, 0x0000, 0x0000, 0x0000, 0x0000, 0x0000, 0x0000, 0x0000, 0x0000, 0x0000, 0x0000, 0x0000, 0x0000, 0x0000, 0x0000, 0x0000, 
	0x0000, 0x0000, 0x0000, 0x0000, 0x0000, 0x0000, 0x0000, 0x0000, 0x0000, 0x0000, 0x0000, 0x0000, 0x0000, 0x0000, 0x0000, 0x0000, 
	0x0000, 0x0000, 0x0000, 0x0000, 0x0000, 0x0000, 0x0000, 0x0000, 0x0000, 0x0000, 0x0000, 0x0000, 0x0000, 0x0000, 0x0000, 0x0000, 
	0x0000, 0x0000, 0x0000, 0x0000, 0x0000, 0x0000, 0x0000, 0x0000, 0x0000, 0x0000, 0x0000, 0x0000, 0x0000, 0x0000, 0x0000, 0x0000, 
	0x0000, 0x0000, 0x0000, 0x0000, 0x0000, 0x0000, 0x0000, 0x0000, 0x0000, 0x0000, 0x0000, 0x0000, 0x0000, 0x0000, 0x0000, 0x0000, 
	0x0000, 0x0000, 0x0000, 0x0000, 0x0000, 0x0000, 0x0000, 0x0000, 0x0000, 0x0000, 0x0000, 0x0000, 0x0000, 0x0000, 0xdb84, 0xdb84, 
	0xdb84, 0xdb84, 0xff86, 0xff86, 0xff86, 0xff86, 0xff86, 0xff86, 0xff86, 0xff86, 0xdb84, 0xdb84, 0xdb84, 0xdb84, 0x0000, 0x0000, 
	0x0000, 0x0000, 0x0000, 0x0000, 0x0000, 0x0000, 0x0000, 0x0000, 0x0000, 0x0000, 0x0000, 0x0000, 0x0000, 0x0000, 0x0000, 0x0000, 
	0x0000, 0x0000, 0x0000, 0x0000, 0x0000, 0x0000, 0x0000, 0x0000, 0x0000, 0x0000, 0x0000, 0x0000, 0x0000, 0x0000, 0x0000, 0x0000, 
	0x0000, 0x0000, 0x0000, 0x0000, 0x0000, 0x0000, 0x0000, 0x0000, 0x0000, 0x0000, 0x0000, 0x0000, 0x0000, 0x0000, 0x0000, 0x0000, 
	0x0000, 0x0000, 0x0000, 0x0000, 0x0000, 0x0000, 0x0000, 0x0000, 0x0000, 0x0000, 0x0000, 0x0000, 0x0000, 0x0000, 0x0000, 0x0000, 
	0x0000, 0x0000, 0x0000, 0x0000, 0x0000, 0x0000, 0x0000, 0x0000, 0x0000, 0x0000, 0x0000, 0x0000, 0x0000, 0x0000, 0x0000, 0x0000, 
	0x0000, 0x0000, 0x0000, 0x0000, 0x0000, 0x0000, 0x0000, 0x0000, 0x0000, 0x0000, 0x0000, 0x0000, 0x0000, 0x0000, 0x0000, 0x0000, 
	0x0000, 0x0000, 0x0000, 0x0000, 0x0000, 0x0000, 0x0000, 0x0000, 0x0000, 0x0000, 0x0000, 0x0000, 0x0000, 0x0000, 0x0000, 0x0000, 
	0x0000, 0x0000, 0x0000, 0x0000, 0x0000, 0x0000, 0x0000, 0x0000, 0x0000, 0x0000, 0x0000, 0x0000, 0x0000, 0x0000, 0x0000, 0x0000, 
	0x0000, 0x0000, 0x0000, 0x0000, 0x0000, 0x0000, 0x0000, 0x0000, 0x0000, 0x0000, 0xdb84, 0xdb84, 0xdb84, 0xdb84, 0xff86, 0xff86, 
	0xff86, 0xff86, 0xff86, 0xff86, 0xff86, 0xff86, 0xff86, 0xff86, 0xff86, 0xff86, 0xdb84, 0xdb84, 0xdb84, 0xdb84, 0x0000, 0x0000, 
	0x0000, 0x0000, 0x0000, 0x0000, 0x0000, 0x0000, 0x0000, 0x0000, 0x0000, 0x0000, 0x0000, 0x0000, 0x0000, 0x0000, 0x0000, 0x0000, 
	0x0000, 0x0000, 0x0000, 0x0000, 0x0000, 0x0000, 0x0000, 0x0000, 0x0000, 0x0000, 0x0000, 0x0000, 0x0000, 0x0000, 0x0000, 0x0000, 
	0x0000, 0x0000, 0x0000, 0x0000, 0x0000, 0x0000, 0x0000, 0x0000, 0x0000, 0x0000, 0x0000, 0x0000, 0x0000, 0x0000, 0x0000, 0x0000, 
	0x0000, 0x0000, 0x0000, 0x0000, 0x0000, 0x0000, 0x0000, 0x0000, 0x0000, 0x0000, 0x0000, 0x0000, 0x0000, 0x0000, 0x0000, 0x0000, 
	0x0000, 0x0000, 0x0000, 0x0000, 0x0000, 0x0000, 0x0000, 0x0000, 0x0000, 0x0000, 0x0000, 0x0000, 0x0000, 0x0000, 0x0000, 0x0000, 
	0x0000, 0x0000, 0x0000, 0x0000, 0x0000, 0x0000, 0x0000, 0x0000, 0x0000, 0x0000, 0x0000, 0x0000, 0x0000, 0x0000, 0x0000, 0x0000, 
	0x0000, 0x0000, 0x0000, 0x0000, 0x0000, 0x0000, 0x0000, 0x0000, 0x0000, 0x0000, 0x0000, 0x0000, 0x0000, 0x0000, 0x0000, 0x0000, 
	0x0000, 0x0000, 0x0000, 0x0000, 0x0000, 0x0000, 0x0000, 0x0000, 0x0000, 0x0000, 0x0000, 0x0000, 0x0000, 0x0000, 0x0000, 0x0000, 
	0x0000, 0x0000, 0x0000, 0x0000, 0x0000, 0x0000, 0x0000, 0x0000, 0x0000, 0x0000, 0xdb84, 0xdb84, 0xdb84, 0xdb84, 0xff86, 0xff86, 
	0xff86, 0xff86, 0xff86, 0xff86, 0xff86, 0xff86, 0xdb84, 0xdb84, 0xdb84, 0xdb84, 0x0000, 0x0000, 0x0000, 0x0000, 0x0000, 0x0000, 
	0x0000, 0x0000, 0x0000, 0x0000, 0x0000, 0x0000, 0x0000, 0x0000, 0x0000, 0x0000, 0x0000, 0x0000, 0x0000, 0x0000, 0x0000, 0x0000, 
	0x0000, 0x0000, 0x0000, 0x0000, 0x0000, 0x0000, 0x0000, 0x0000, 0x0000, 0x0000, 0x0000, 0x0000, 0x0000, 0x0000, 0x0000, 0x0000, 
	0x0000, 0x0000, 0x0000, 0x0000, 0x0000, 0x0000, 0x0000, 0x0000, 0x0000, 0x0000, 0x0000, 0x0000, 0x0000, 0x0000, 0x0000, 0x0000, 
	0x0000, 0x0000, 0x0000, 0x0000, 0x0000, 0x0000, 0x0000, 0x0000, 0x0000, 0x0000, 0x0000, 0x0000, 0x0000, 0x0000, 0x0000, 0x0000, 
	0x0000, 0x0000, 0x0000, 0x0000, 0x0000, 0x0000, 0x0000, 0x0000, 0x0000, 0x0000, 0x0000, 0x0000, 0x0000, 0x0000, 0x0000, 0x0000, 
	0x0000, 0x0000, 0x0000, 0x0000, 0x0000, 0x0000, 0x0000, 0x0000, 0x0000, 0x0000, 0x0000, 0x0000, 0x0000, 0x0000, 0x0000, 0x0000, 
	0x0000, 0x0000, 0x0000, 0x0000, 0x0000, 0x0000, 0x0000, 0x0000, 0x0000, 0x0000, 0x0000, 0x0000, 0x0000, 0x0000, 0x0000, 0x0000, 
	0x0000, 0x0000, 0x0000, 0x0000, 0x0000, 0x0000, 0x0000, 0x0000, 0x0000, 0x0000, 0x0000, 0x0000, 0x0000, 0x0000, 0x0000, 0x0000, 
	0x0000, 0x0000, 0x0000, 0x0000, 0x0000, 0x0000, 0x0000, 0x0000, 0x0000, 0x0000, 0xdb84, 0xdb84, 0xdb84, 0xdb84, 0xff86, 0xff86, 
	0xff86, 0xff86, 0xff86, 0xff86, 0xff86, 0xff86, 0xdb84, 0xdb84, 0xdb84, 0xdb84, 0x0000, 0x0000, 0x0000, 0x0000, 0x0000, 0x0000, 
	0x0000, 0x0000, 0x0000, 0x0000, 0x0000, 0x0000, 0x0000, 0x0000, 0x0000, 0x0000, 0x0000, 0x0000, 0x0000, 0x0000, 0x0000, 0x0000, 
	0x0000, 0x0000, 0x0000, 0x0000, 0x0000, 0x0000, 0x0000, 0x0000, 0x0000, 0x0000, 0x0000, 0x0000, 0x0000, 0x0000, 0x0000, 0x0000, 
	0x0000, 0x0000, 0x0000, 0x0000, 0x0000, 0x0000, 0x0000, 0x0000, 0x0000, 0x0000, 0x0000, 0x0000, 0x0000, 0x0000, 0x0000, 0x0000, 
	0x0000, 0x0000, 0x0000, 0x0000, 0x0000, 0x0000, 0x0000, 0x0000, 0x0000, 0x0000, 0x0000, 0x0000, 0x0000, 0x0000, 0x0000, 0x0000, 
	0x0000, 0x0000, 0x0000, 0x0000, 0x0000, 0x0000, 0x0000, 0x0000, 0x0000, 0x0000, 0x0000, 0x0000, 0x0000, 0x0000, 0x0000, 0x0000, 
	0x0000, 0x0000, 0x0000, 0x0000, 0x0000, 0x0000, 0x0000, 0x0000, 0x0000, 0x0000, 0x0000, 0x0000, 0x0000, 0x0000, 0x0000, 0x0000, 
	0x0000, 0x0000, 0x0000, 0x0000, 0x0000, 0x0000, 0x0000, 0x0000, 0x0000, 0x0000, 0x0000, 0x0000, 0x0000, 0x0000, 0x0000, 0x0000, 
	0x0000, 0x0000, 0x0000, 0x0000, 0x0000, 0x0000, 0x0000, 0x0000, 0x0000, 0x0000, 0x0000, 0x0000, 0x0000, 0x0000, 0x0000, 0x0000, 
	0x0000, 0x0000, 0x0000, 0x0000, 0x0000, 0x0000, 0x0000, 0x0000, 0x0000, 0x0000, 0xdb84, 0xdb84, 0xdb84, 0xdb84, 0xff86, 0xff86, 
	0xff86, 0xff86, 0xff86, 0xff86, 0xff86, 0xff86, 0xdb84, 0xdb84, 0xdb84, 0xdb84, 0x0000, 0x0000, 0x0000, 0x0000, 0x0000, 0x0000, 
	0x0000, 0x0000, 0x0000, 0x0000, 0x0000, 0x0000, 0x0000, 0x0000, 0x0000, 0x0000, 0x0000, 0x0000, 0x0000, 0x0000, 0x0000, 0x0000, 
	0x0000, 0x0000, 0x0000, 0x0000, 0x0000, 0x0000, 0x0000, 0x0000, 0x0000, 0x0000, 0x0000, 0x0000, 0x0000, 0x0000, 0x0000, 0x0000, 
	0x0000, 0x0000, 0x0000, 0x0000, 0x0000, 0x0000, 0x0000, 0x0000, 0x0000, 0x0000, 0x0000, 0x0000, 0x0000, 0x0000, 0x0000, 0x0000, 
	0x0000, 0x0000, 0x0000, 0x0000, 0x0000, 0x0000, 0x0000, 0x0000, 0x0000, 0x0000, 0x0000, 0x0000, 0x0000, 0x0000, 0x0000, 0x0000, 
	0x0000, 0x0000, 0x0000, 0x0000, 0x0000, 0x0000, 0x0000, 0x0000, 0x0000, 0x0000, 0x0000, 0x0000, 0x0000, 0x0000, 0x0000, 0x0000, 
	0x0000, 0x0000, 0x0000, 0x0000, 0x0000, 0x0000, 0x0000, 0x0000, 0x0000, 0x0000, 0x0000, 0x0000, 0x0000, 0x0000, 0x0000, 0x0000, 
	0x0000, 0x0000, 0x0000, 0x0000, 0x0000, 0x0000, 0x0000, 0x0000, 0x0000, 0x0000, 0x0000, 0x0000, 0x0000, 0x0000, 0x0000, 0x0000, 
	0x0000, 0x0000, 0x0000, 0x0000, 0x0000, 0x0000, 0x0000, 0x0000, 0x0000, 0x0000, 0x0000, 0x0000, 0x0000, 0x0000, 0x0000, 0x0000, 
	0x0000, 0x0000, 0x0000, 0x0000, 0x0000, 0x0000, 0x0000, 0x0000, 0x0000, 0x0000, 0xdb84, 0xdb84, 0xdb84, 0xdb84, 0xff86, 0xff86, 
	0xff86, 0xff86, 0xff86, 0xff86, 0xff86, 0xff86, 0xdb84, 0xdb84, 0xdb84, 0xdb84, 0x0000, 0x0000, 0x0000, 0x0000, 0x0000, 0x0000, 
	0x0000, 0x0000, 0x0000, 0x0000, 0x0000, 0x0000, 0x0000, 0x0000, 0x0000, 0x0000, 0x0000, 0x0000, 0x0000, 0x0000, 0x0000, 0x0000, 
	0x0000, 0x0000, 0x0000, 0x0000, 0x0000, 0x0000, 0x0000, 0x0000, 0x0000, 0x0000, 0x0000, 0x0000, 0x0000, 0x0000, 0x0000, 0x0000, 
	0x0000, 0x0000, 0x0000, 0x0000, 0x0000, 0x0000, 0x0000, 0x0000, 0x0000, 0x0000, 0x0000, 0x0000, 0x0000, 0x0000, 0x0000, 0x0000, 
	0x0000, 0x0000, 0x0000, 0x0000, 0x0000, 0x0000, 0x0000, 0x0000, 0x0000, 0x0000, 0x0000, 0x0000, 0x0000, 0x0000, 0x0000, 0x0000, 
	0x0000, 0x0000, 0x0000, 0x0000, 0x0000, 0x0000, 0x0000, 0x0000, 0x0000, 0x0000, 0x0000, 0x0000, 0x0000, 0x0000, 0x0000, 0x0000, 
	0x0000, 0x0000, 0x0000, 0x0000, 0x0000, 0x0000, 0x0000, 0x0000, 0x0000, 0x0000, 0x0000, 0x0000, 0x0000, 0x0000, 0x0000, 0x0000, 
	0x0000, 0x0000, 0x0000, 0x0000, 0x0000, 0x0000, 0x0000, 0x0000, 0x0000, 0x0000, 0x0000, 0x0000, 0x0000, 0x0000, 0x0000, 0x0000, 
	0x0000, 0x0000, 0x0000, 0x0000, 0x0000, 0x0000, 0x0000, 0x0000, 0x0000, 0x0000, 0x0000, 0x0000, 0x0000, 0x0000, 0x0000, 0x0000, 
	0x0000, 0x0000, 0x0000, 0x0000, 0x0000, 0x0000, 0x0000, 0x0000, 0x0000, 0x0000, 0xdb84, 0xdb84, 0xdb84, 0xdb84, 0xff86, 0xff86, 
	0xff86, 0xff86, 0xdb84, 0xdb84, 0xdb84, 0xdb84, 0x0000, 0x0000, 0x0000, 0x0000, 0x0000, 0x0000, 0x0000, 0x0000, 0x0000, 0x0000, 
	0x0000, 0x0000, 0x0000, 0x0000, 0x0000, 0x0000, 0x0000, 0x0000, 0x0000, 0x0000, 0x0000, 0x0000, 0x0000, 0x0000, 0x0000, 0x0000, 
	0x0000, 0x0000, 0x0000, 0x0000, 0x0000, 0x0000, 0x0000, 0x0000, 0x0000, 0x0000, 0x0000, 0x0000, 0x0000, 0x0000, 0x0000, 0x0000, 
	0x0000, 0x0000, 0x0000, 0x0000, 0x0000, 0x0000, 0x0000, 0x0000, 0x0000, 0x0000, 0x0000, 0x0000, 0x0000, 0x0000, 0x0000, 0x0000, 
	0x0000, 0x0000, 0x0000, 0x0000, 0x0000, 0x0000, 0x0000, 0x0000, 0x0000, 0x0000, 0x0000, 0x0000, 0x0000, 0x0000, 0x0000, 0x0000, 
	0x0000, 0x0000, 0x0000, 0x0000, 0x0000, 0x0000, 0x0000, 0x0000, 0x0000, 0x0000, 0x0000, 0x0000, 0x0000, 0x0000, 0x0000, 0x0000, 
	0x0000, 0x0000, 0x0000, 0x0000, 0x0000, 0x0000, 0x0000, 0x0000, 0x0000, 0x0000, 0x0000, 0x0000, 0x0000, 0x0000, 0x0000, 0x0000, 
	0x0000, 0x0000, 0x0000, 0x0000, 0x0000, 0x0000, 0x0000, 0x0000, 0x0000, 0x0000, 0x0000, 0x0000, 0x0000, 0x0000, 0x0000, 0x0000, 
	0x0000, 0x0000, 0x0000, 0x0000, 0x0000, 0x0000, 0x0000, 0x0000, 0x0000, 0x0000, 0x0000, 0x0000, 0x0000, 0x0000, 0x0000, 0x0000, 
	0x0000, 0x0000, 0x0000, 0x0000, 0x0000, 0x0000, 0x0000, 0x0000, 0x0000, 0x0000, 0xdb84, 0xdb84, 0xdb84, 0xdb84, 0xff86, 0xff86, 
	0xff86, 0xff86, 0xdb84, 0xdb84, 0xdb84, 0xdb84, 0x0000, 0x0000, 0x0000, 0x0000, 0x0000, 0x0000, 0x0000, 0x0000, 0x0000, 0x0000, 
	0x0000, 0x0000, 0x0000, 0x0000, 0x0000, 0x0000, 0x0000, 0x0000, 0x0000, 0x0000, 0x0000, 0x0000, 0x0000, 0x0000, 0x0000, 0x0000, 
	0x0000, 0x0000, 0x0000, 0x0000, 0x0000, 0x0000, 0x0000, 0x0000, 0x0000, 0x0000, 0x0000, 0x0000, 0x0000, 0x0000, 0x0000, 0x0000, 
	0x0000, 0x0000, 0x0000, 0x0000, 0x0000, 0x0000, 0x0000, 0x0000, 0x0000, 0x0000, 0x0000, 0x0000, 0x0000, 0x0000, 0x0000, 0x0000, 
	0x0000, 0x0000, 0x0000, 0x0000, 0x0000, 0x0000, 0x0000, 0x0000, 0x0000, 0x0000, 0x0000, 0x0000, 0x0000, 0x0000, 0x0000, 0x0000, 
	0x0000, 0x0000, 0x0000, 0x0000, 0x0000, 0x0000, 0x0000, 0x0000, 0x0000, 0x0000, 0x0000, 0x0000, 0x0000, 0x0000, 0x0000, 0x0000, 
	0x0000, 0x0000, 0x0000, 0x0000, 0x0000, 0x0000, 0x0000, 0x0000, 0x0000, 0x0000, 0x0000, 0x0000, 0x0000, 0x0000, 0x0000, 0x0000, 
	0x0000, 0x0000, 0x0000, 0x0000, 0x0000, 0x0000, 0x0000, 0x0000, 0x0000, 0x0000, 0x0000, 0x0000, 0x0000, 0x0000, 0x0000, 0x0000, 
	0x0000, 0x0000, 0x0000, 0x0000, 0x0000, 0x0000, 0x0000, 0x0000, 0x0000, 0x0000, 0x0000, 0x0000, 0x0000, 0x0000, 0x0000, 0x0000, 
	0x0000, 0x0000, 0x0000, 0x0000, 0x0000, 0x0000, 0x0000, 0x0000, 0x0000, 0x0000, 0xdb84, 0xdb84, 0xdb84, 0xdb84, 0xff86, 0xff86, 
	0xff86, 0xff86, 0xdb84, 0xdb84, 0xdb84, 0xdb84, 0x0000, 0x0000, 0x0000, 0x0000, 0x0000, 0x0000, 0x0000, 0x0000, 0x0000, 0x0000, 
	0x0000, 0x0000, 0x0000, 0x0000, 0x0000, 0x0000, 0x0000, 0x0000, 0x0000, 0x0000, 0x0000, 0x0000, 0x0000, 0x0000, 0x0000, 0x0000, 
	0x0000, 0x0000, 0x0000, 0x0000, 0x0000, 0x0000, 0x0000, 0x0000, 0x0000, 0x0000, 0x0000, 0x0000, 0x0000, 0x0000, 0x0000, 0x0000, 
	0x0000, 0x0000, 0x0000, 0x0000, 0x0000, 0x0000, 0x0000, 0x0000, 0x0000, 0x0000, 0x0000, 0x0000, 0x0000, 0x0000, 0x0000, 0x0000, 
	0x0000, 0x0000, 0x0000, 0x0000, 0x0000, 0x0000, 0x0000, 0x0000, 0x0000, 0x0000, 0x0000, 0x0000, 0x0000, 0x0000, 0x0000, 0x0000, 
	0x0000, 0x0000, 0x0000, 0x0000, 0x0000, 0x0000, 0x0000, 0x0000, 0x0000, 0x0000, 0x0000, 0x0000, 0x0000, 0x0000, 0x0000, 0x0000, 
	0x0000, 0x0000, 0x0000, 0x0000, 0x0000, 0x0000, 0x0000, 0x0000, 0x0000, 0x0000, 0x0000, 0x0000, 0x0000, 0x0000, 0x0000, 0x0000, 
	0x0000, 0x0000, 0x0000, 0x0000, 0x0000, 0x0000, 0x0000, 0x0000, 0x0000, 0x0000, 0x0000, 0x0000, 0x0000, 0x0000, 0x0000, 0x0000, 
	0x0000, 0x0000, 0x0000, 0x0000, 0x0000, 0x0000, 0x0000, 0x0000, 0x0000, 0x0000, 0x0000, 0x0000, 0x0000, 0x0000, 0x0000, 0x0000, 
	0x0000, 0x0000, 0x0000, 0x0000, 0x0000, 0x0000, 0x0000, 0x0000, 0x0000, 0x0000, 0x0000, 0x0000, 0x0000, 0x0000, 0xdb84, 0xdb84, 
	0xdb84, 0xdb84, 0xdb84, 0xdb84, 0xdb84, 0xdb84, 0x0000, 0x0000, 0x0000, 0x0000, 0x0000, 0x0000, 0x0000, 0x0000, 0x0000, 0x0000, 
	0x0000, 0x0000, 0x0000, 0x0000, 0x0000, 0x0000, 0x0000, 0x0000, 0x0000, 0x0000, 0x0000, 0x0000, 0x0000, 0x0000, 0x0000, 0x0000, 
	0x0000, 0x0000, 0x0000, 0x0000, 0x0000, 0x0000, 0x0000, 0x0000, 0x0000, 0x0000, 0x0000, 0x0000, 0x0000, 0x0000, 0x0000, 0x0000, 
	0x0000, 0x0000, 0x0000, 0x0000, 0x0000, 0x0000, 0x0000, 0x0000, 0x0000, 0x0000, 0x0000, 0x0000, 0x0000, 0x0000, 0x0000, 0x0000, 
	0x0000, 0x0000, 0x0000, 0x0000, 0x0000, 0x0000, 0x0000, 0x0000, 0x0000, 0x0000, 0x0000, 0x0000, 0x0000, 0x0000, 0x0000, 0x0000, 
	0x0000, 0x0000, 0x0000, 0x0000, 0x0000, 0x0000, 0x0000, 0x0000, 0x0000, 0x0000, 0x0000, 0x0000, 0x0000, 0x0000, 0x0000, 0x0000, 
	0x0000, 0x0000, 0x0000, 0x0000, 0x0000, 0x0000, 0x0000, 0x0000, 0x0000, 0x0000, 0x0000, 0x0000, 0x0000, 0x0000, 0x0000, 0x0000, 
	0x0000, 0x0000, 0x0000, 0x0000, 0x0000, 0x0000, 0x0000, 0x0000, 0x0000, 0x0000, 0x0000, 0x0000, 0x0000, 0x0000, 0x0000, 0x0000, 
	0x0000, 0x0000, 0x0000, 0x0000, 0x0000, 0x0000, 0x0000, 0x0000, 0x0000, 0x0000, 0x0000, 0x0000, 0x0000, 0x0000, 0x0000, 0x0000, 
	0x0000, 0x0000, 0x0000, 0x0000, 0x0000, 0x0000, 0x0000, 0x0000, 0x0000, 0x0000, 0x0000, 0x0000, 0x0000, 0x0000, 0xdb84, 0xdb84, 
	0xdb84, 0xdb84, 0x0000, 0x0000, 0x0000, 0x0000, 0x0000, 0x0000, 0x0000, 0x0000, 0x0000, 0x0000, 0x0000, 0x0000, 0x0000, 0x0000, 
	0x0000, 0x0000, 0x0000, 0x0000, 0x0000, 0x0000, 0x0000, 0x0000, 0x0000, 0x0000, 0x0000, 0x0000, 0x0000, 0x0000, 0x0000, 0x0000, 
	0x0000, 0x0000, 0x0000, 0x0000, 0x0000, 0x0000, 0x0000, 0x0000, 0x0000, 0x0000, 0x0000, 0x0000, 0x0000, 0x0000, 0x0000, 0x0000, 
	0x0000, 0x0000, 0x0000, 0x0000, 0x0000, 0x0000, 0x0000, 0x0000, 0x0000, 0x0000, 0x0000, 0x0000, 0x0000, 0x0000, 0x0000, 0x0000, 
	0x0000, 0x0000, 0x0000, 0x0000, 0x0000, 0x0000, 0x0000, 0x0000, 0x0000, 0x0000, 0x0000, 0x0000, 0x0000, 0x0000, 0x0000, 0x0000, 
	0x0000, 0x0000, 0x0000, 0x0000, 0x0000, 0x0000, 0x0000, 0x0000, 0x0000, 0x0000, 0x0000, 0x0000, 0x0000, 0x0000, 0x0000, 0x0000, 
	0x0000, 0x0000, 0x0000, 0x0000, 0x0000, 0x0000, 0x0000, 0x0000, 0x0000, 0x0000, 0x0000, 0x0000, 0x0000, 0x0000, 0x0000, 0x0000, 
	0x0000, 0x0000, 0x0000, 0x0000, 0x0000, 0x0000, 0x0000, 0x0000, 0x0000, 0x0000, 0x0000, 0x0000, 0x0000, 0x0000, 0x0000, 0x0000, 
	0x0000, 0x0000, 0x0000, 0x0000, 0x0000, 0x0000, 0x0000, 0x0000, 0x0000, 0x0000, 0x0000, 0x0000, 0x0000, 0x0000, 0x0000, 0x0000, 
	0x0000, 0x0000, 0x0000, 0x0000, 0x0000, 0x0000, 0x0000, 0x0000, 0x0000, 0x0000, 0x0000, 0x0000, 0x0000, 0x0000, 0xdb84, 0xdb84, 
	0xdb84, 0xdb84, 0x0000, 0x0000, 0x0000, 0x0000, 0x0000, 0x0000, 0x0000, 0x0000, 0x0000, 0x0000, 0x0000, 0x0000, 0x0000, 0x0000, 
	0x0000, 0x0000, 0x0000, 0x0000, 0x0000, 0x0000, 0x0000, 0x0000, 0x0000, 0x0000, 0x0000, 0x0000, 0x0000, 0x0000, 0x0000, 0x0000, 
	0x0000, 0x0000, 0x0000, 0x0000, 0x0000, 0x0000, 0x0000, 0x0000, 0x0000, 0x0000, 0x0000, 0x0000, 0x0000, 0x0000, 0x0000, 0x0000, 
	0x0000, 0x0000, 0x0000, 0x0000, 0x0000, 0x0000, 0x0000, 0x0000, 0x0000, 0x0000, 0x0000, 0x0000, 0x0000, 0x0000, 0x0000, 0x0000, 
	0x0000, 0x0000, 0x0000, 0x0000, 0x0000, 0x0000, 0x0000, 0x0000, 0x0000, 0x0000, 0x0000, 0x0000, 0x0000, 0x0000, 0x0000, 0x0000, 
	0x0000, 0x0000, 0x0000, 0x0000, 0x0000, 0x0000, 0x0000, 0x0000, 0x0000, 0x0000, 0x0000, 0x0000, 0x0000, 0x0000, 0x0000, 0x0000, 
	0x0000, 0x0000, 0x0000, 0x0000, 0x0000, 0x0000, 0x0000, 0x0000, 0x0000, 0x0000, 0x0000, 0x0000, 0x0000, 0x0000, 0x0000, 0x0000, 
	0x0000, 0x0000, 0x0000, 0x0000, 0x0000, 0x0000, 0x0000, 0x0000, 0x0000, 0x0000, 0x0000, 0x0000, 0x0000, 0x0000, 0x0000, 0x0000, 
	0x0000, 0x0000, 0x0000, 0x0000, 0x0000, 0x0000, 0x0000, 0x0000, 0x0000, 0x0000, 0x0000, 0x0000, 0x0000, 0x0000, 0x0000, 0x0000, 
	0x0000, 0x0000, 0x0000, 0x0000, 0x0000, 0x0000, 0x0000, 0x0000, 0x0000, 0x0000, 0x0000, 0x0000, 0x0000, 0x0000, 0xdb84, 0xdb84, 
	0xdb84, 0xdb84, 0x0000, 0x0000, 0x0000, 0x0000, 0x0000, 0x0000, 0x0000, 0x0000, 0x0000, 0x0000, 0x0000, 0x0000, 0x0000, 0x0000, 
	0x0000, 0x0000, 0x0000, 0x0000, 0x0000, 0x0000, 0x0000, 0x0000, 0x0000, 0x0000, 0x0000, 0x0000, 0x0000, 0x0000, 0x0000, 0x0000, 
	0x0000, 0x0000, 0x0000, 0x0000, 0x0000, 0x0000, 0x0000, 0x0000, 0x0000, 0x0000, 0x0000, 0x0000, 0x0000, 0x0000, 0x0000, 0x0000, 
	0x0000, 0x0000, 0x0000, 0x0000, 0x0000, 0x0000, 0x0000, 0x0000, 0x0000, 0x0000, 0x0000, 0x0000, 0x0000, 0x0000, 0x0000, 0x0000, 
	0x0000, 0x0000, 0x0000, 0x0000, 0x0000, 0x0000, 0x0000, 0x0000, 0x0000, 0x0000, 0x0000, 0x0000, 0x0000, 0x0000, 0x0000, 0x0000, 
	0x0000, 0x0000, 0x0000, 0x0000, 0x0000, 0x0000, 0x0000, 0x0000, 0x0000, 0x0000, 0x0000, 0x0000, 0x0000, 0x0000, 0x0000, 0x0000, 
	0x0000, 0x0000, 0x0000, 0x0000, 0x0000, 0x0000, 0x0000, 0x0000, 0x0000, 0x0000, 0x0000, 0x0000, 0x0000, 0x0000, 0x0000, 0x0000, 
	0x0000, 0x0000, 0x0000, 0x0000, 0x0000, 0x0000, 0x0000, 0x0000, 0x0000, 0x0000, 0x0000, 0x0000, 0x0000, 0x0000, 0x0000, 0x0000, 
	0x0000, 0x0000, 0x0000, 0x0000, 0x0000, 0x0000, 0x0000, 0x0000, 0x0000, 0x0000, 0x0000, 0x0000, 0x0000, 0x0000, 0x0000, 0x0000, 
	0x0000, 0x0000, 0x0000, 0x0000, 0x0000, 0x0000, 0x0000, 0x0000, 0x0000, 0x0000, 0x0000, 0x0000, 0x0000, 0x0000, 0x0000, 0x0000, 
	0x0000, 0x0000, 0x0000, 0x0000, 0x0000, 0x0000, 0x0000, 0x0000, 0x0000, 0x0000, 0x0000, 0x0000, 0x0000, 0x0000, 0x0000, 0x0000, 
	0x0000, 0x0000, 0x0000, 0x0000, 0x0000, 0x0000, 0x0000, 0x0000, 0x0000, 0x0000, 0x0000, 0x0000, 0x0000, 0x0000, 0x0000, 0x0000, 
	0x0000, 0x0000, 0x0000, 0x0000, 0x0000, 0x0000, 0x0000, 0x0000, 0x0000, 0x0000, 0x0000, 0x0000, 0x0000, 0x0000, 0x0000, 0x0000, 
	0x0000, 0x0000, 0x0000, 0x0000, 0x0000, 0x0000, 0x0000, 0x0000, 0x0000, 0x0000, 0x0000, 0x0000, 0x0000, 0x0000, 0x0000, 0x0000, 
	0x0000, 0x0000, 0x0000, 0x0000, 0x0000, 0x0000, 0x0000, 0x0000, 0x0000, 0x0000, 0x0000, 0x0000, 0x0000, 0x0000, 0x0000, 0x0000, 
	0x0000, 0x0000, 0x0000, 0x0000, 0x0000, 0x0000, 0x0000, 0x0000, 0x0000, 0x0000, 0x0000, 0x0000, 0x0000, 0x0000, 0x0000, 0x0000, 
	0x0000, 0x0000, 0x0000, 0x0000, 0x0000, 0x0000, 0x0000, 0x0000, 0x0000, 0x0000, 0x0000, 0x0000, 0x0000, 0x0000, 0x0000, 0x0000, 
	0x0000, 0x0000, 0x0000, 0x0000, 0x0000, 0x0000, 0x0000, 0x0000, 0x0000, 0x0000, 0x0000, 0x0000, 0x0000, 0x0000, 0x0000, 0x0000, 
	0x0000, 0x0000, 0x0000, 0x0000, 0x0000, 0x0000, 0x0000, 0x0000, 0x0000, 0x0000, 0x0000, 0x0000, 0x0000, 0x0000, 0x0000, 0x0000, 
	0x0000, 0x0000, 0x0000, 0x0000, 0x0000, 0x0000, 0x0000, 0x0000, 0x0000, 0x0000, 0x0000, 0x0000, 0x0000, 0x0000, 0x0000, 0x0000, 
	0x2104, 0x20e4, 0x20e4, 0x20e4, 0x20e4, 0x0000, 0x0000, 0x0000, 0x0000, 0x0000, 0x0000, 0x0000, 0x0000, 0x0000, 0x0000, 0x0000, 
	0x0000, 0x0000, 0x0000, 0x0000, 0x0000, 0x0000, 0x0000, 0x0000, 0x0000, 0x0000, 0x0000, 0x0000, 0x0000, 0x0000, 0x0000, 0x0000, 
	0x0000, 0x0000, 0x0000, 0x0000, 0x0000, 0x0000, 0x0000, 0x0000, 0x0000, 0x0000, 0x0000, 0x0000, 0x0000, 0x0000, 0x0000, 0x0000, 
	0x0000, 0x0000, 0x0000, 0x0000, 0x0000, 0x0000, 0x0000, 0x0000, 0x0000, 0x0000, 0x0000, 0x0000, 0x0000, 0x0000, 0x0000, 0x0000, 
	0x0000, 0x0000, 0x0000, 0x0000, 0x0000, 0x0000, 0x0000, 0x0000, 0x0000, 0x0000, 0x0000, 0x0000, 0x0000, 0x0000, 0x0000, 0x0000, 
	0x0000, 0x0000, 0x0000, 0x0000, 0x0000, 0x0000, 0x0000, 0x0000, 0x0000, 0x0000, 0x0000, 0x0000, 0x0000, 0x0000, 0x0000, 0x0000, 
	0x0000, 0x0000, 0x0000, 0x0000, 0x0000, 0x0000, 0x0000, 0x0000, 0x0000, 0x0000, 0x0000, 0x0000, 0x0000, 0x0000, 0x0000, 0x0000, 
	0x0000, 0x0000, 0x0000, 0x0000, 0x0000, 0x0000, 0x0000, 0x0000, 0x0000, 0x0000, 0x0000, 0x0000, 0x0000, 0x0000, 0x0000, 0x0000, 
	0x0000, 0x0000, 0x0000, 0x0000, 0x0000, 0x0000, 0x0000, 0x0000, 0x0000, 0x0000, 0x0000, 0x0000, 0x0000, 0x0000, 0x0000, 0x0000, 
	0x0000, 0x0000, 0x0000, 0x0000, 0x0000, 0x0000, 0x0000, 0x0000, 0x0000, 0x0000, 0x0000, 0x0000, 0x0000, 0x0000, 0x0000, 0x0000, 
	0x2104, 0x20e4, 0x20e4, 0x20e4, 0x20e4, 0x0000, 0x0000, 0x0000, 0x0000, 0x0000, 0x0000, 0x0000, 0x0000, 0x0000, 0x0000, 0x0000, 
	0x0000, 0x0000, 0x0000, 0x0000, 0x0000, 0x0000, 0x0000, 0x0000, 0x0000, 0x0000, 0x0000, 0x0000, 0x0000, 0x0000, 0x0000, 0x0000, 
	0x0000, 0x0000, 0x0000, 0x0000, 0x0000, 0x0000, 0x0000, 0x0000, 0x0000, 0x0000, 0x0000, 0x0000, 0x0000, 0x0000, 0x0000, 0x0000, 
	0x0000, 0x0000, 0x0000, 0x0000, 0x0000, 0x0000, 0x0000, 0x0000, 0x0000, 0x0000, 0x0000, 0x0000, 0x0000, 0x0000, 0x0000, 0x0000, 
	0x0000, 0x0000, 0x0000, 0x0000, 0x0000, 0x0000, 0x0000, 0x0000, 0x0000, 0x0000, 0x0000, 0x0000, 0x0000, 0x0000, 0x0000, 0x0000, 
	0x0000, 0x0000, 0x0000, 0x0000, 0x0000, 0x0000, 0x0000, 0x0000, 0x0000, 0x0000, 0x0000, 0x0000, 0x0000, 0x0000, 0x0000, 0x0000, 
	0x0000, 0x0000, 0x0000, 0x0000, 0x0000, 0x0000, 0x0000, 0x0000, 0x0000, 0x0000, 0x0000, 0x0000, 0x0000, 0x0000, 0x0000, 0x0000, 
	0x0000, 0x0000, 0x0000, 0x0000, 0x0000, 0x0000, 0x0000, 0x0000, 0x0000, 0x0000, 0x0000, 0x0000, 0x0000, 0x0000, 0x0000, 0x0000, 
	0x0000, 0x0000, 0x0000, 0x0000, 0x0000, 0x0000, 0x0000, 0x0000, 0x0000, 0x0000, 0x0000, 0x0000, 0x0000, 0x0000, 0x0000, 0x0000, 
	0x0000, 0x0000, 0x0000, 0x0000, 0x0000, 0x0000, 0x0000, 0x0000, 0x0000, 0x0000, 0x0000, 0x0000, 0x0000, 0x0000, 0x0000, 0x0000, 
	0x20e5, 0x20e4, 0x20e4, 0x20e4, 0x1904, 0x0000, 0x0000, 0x0000, 0x0000, 0x0000, 0x0000, 0x0000, 0x0000, 0x0000, 0x0000, 0x0000, 
	0x0000, 0x0000, 0x0000, 0x0000, 0x0000, 0x0000, 0x0000, 0x0000, 0x0000, 0x0000, 0x0000, 0x0000, 0x0000, 0x0000, 0x0000, 0x0000, 
	0x0000, 0x0000, 0x0000, 0x0000, 0x0000, 0x0000, 0x0000, 0x0000, 0x0000, 0x0000, 0x0000, 0x0000, 0x0000, 0x0000, 0x0000, 0x0000, 
	0x0000, 0x0000, 0x0000, 0x0000, 0x0000, 0x0000, 0x0000, 0x0000, 0x0000, 0x0000, 0x0000, 0x0000, 0x0000, 0x0000, 0x0000, 0x0000, 
	0x0000, 0x0000, 0x0000, 0x0000, 0x0000, 0x0000, 0x0000, 0x0000, 0x0000, 0x0000, 0x0000, 0x0000, 0x0000, 0x0000, 0x0000, 0x0000, 
	0x0000, 0x0000, 0x0000, 0x0000, 0x0000, 0x0000, 0x0000, 0x0000, 0x0000, 0x0000, 0x0000, 0x0000, 0x0000, 0x0000, 0x0000, 0x0000, 
	0x0000, 0x0000, 0x0000, 0x0000, 0x0000, 0x0000, 0x0000, 0x0000, 0x0000, 0x0000, 0x0000, 0x0000, 0x0000, 0x0000, 0x0000, 0x0000, 
	0x0000, 0x0000, 0x0000, 0x0000, 0x0000, 0x0000, 0x0000, 0x0000, 0x0000, 0x0000, 0x0000, 0x0000, 0x0000, 0x0000, 0x0000, 0x0000, 
	0x0000, 0x0000, 0x0000, 0x0000, 0x0000, 0x0000, 0x0000, 0x0000, 0x0000, 0x0000, 0x0000, 0x0000, 0x0000, 0x0000, 0x0000, 0x0000, 
	0x0000, 0x0000, 0x0000, 0x0000, 0x0000, 0x0000, 0x0000, 0x0000, 0x0000, 0x0000, 0x0000, 0x738e, 0x630c, 0x630c, 0x62ec, 0x5b0c, 
	0x1bb1, 0x13f2, 0x13f2, 0x13f2, 0x1bd1, 0x5b6e, 0x630c, 0x630c, 0x630c, 0x630c, 0x0000, 0x0000, 0x0000, 0x0000, 0x0000, 0x0000, 
	0x0000, 0x0000, 0x0000, 0x0000, 0x0000, 0x0000, 0x0000, 0x0000, 0x0000, 0x0000, 0x0000, 0x0000, 0x0000, 0x0000, 0x0000, 0x0000, 
	0x0000, 0x0000, 0x0000, 0x0000, 0x0000, 0x0000, 0x0000, 0x0000, 0x0000, 0x0000, 0x0000, 0x0000, 0x0000, 0x0000, 0x0000, 0x0000, 
	0x0000, 0x0000, 0x0000, 0x0000, 0x0000, 0x0000, 0x0000, 0x0000, 0x0000, 0x0000, 0x0000, 0x0000, 0x0000, 0x0000, 0x0000, 0x0000, 
	0x0000, 0x0000, 0x0000, 0x0000, 0x0000, 0x0000, 0x0000, 0x0000, 0x0000, 0x0000, 0x0000, 0x0000, 0x0000, 0x0000, 0x0000, 0x0000, 
	0x0000, 0x0000, 0x0000, 0x0000, 0x0000, 0x0000, 0x0000, 0x0000, 0x0000, 0x0000, 0x0000, 0x0000, 0x0000, 0x0000, 0x0000, 0x0000, 
	0x0000, 0x0000, 0x0000, 0x0000, 0x0000, 0x0000, 0x0000, 0x0000, 0x0000, 0x0000, 0x0000, 0x0000, 0x0000, 0x0000, 0x0000, 0x0000, 
	0x0000, 0x0000, 0x0000, 0x0000, 0x0000, 0x0000, 0x0000, 0x0000, 0x0000, 0x0000, 0x0000, 0x0000, 0x0000, 0x0000, 0x0000, 0x0000, 
	0x0000, 0x0000, 0x0000, 0x0000, 0x0000, 0x0000, 0x0000, 0x0000, 0x0000, 0x0000, 0x0000, 0x0000, 0x0000, 0x0000, 0x0000, 0x0000, 
	0x0000, 0x0000, 0x0000, 0x0000, 0x0000, 0x0000, 0x0000, 0x0000, 0x0000, 0x0000, 0x0000, 0x2124, 0x20e4, 0x20e4, 0x20e3, 0x28e4, 
	0x053b, 0x055c, 0x055c, 0x055c, 0x055a, 0x2104, 0x20e4, 0x20e4, 0x20e4, 0x20e4, 0x0000, 0x0000, 0x0000, 0x0000, 0x0000, 0x0000, 
	0x0000, 0x0000, 0x0000, 0x0000, 0x0000, 0x0000, 0x0000, 0x0000, 0x0000, 0x0000, 0x0000, 0x0000, 0x0000, 0x0000, 0x0000, 0x0000, 
	0x0000, 0x0000, 0x0000, 0x0000, 0x0000, 0x0000, 0x0000, 0x0000, 0x0000, 0x0000, 0x0000, 0x0000, 0x0000, 0x0000, 0x0000, 0x0000, 
	0x0000, 0x0000, 0x0000, 0x0000, 0x0000, 0x0000, 0x0000, 0x0000, 0x0000, 0x0000, 0x0000, 0x0000, 0x0000, 0x0000, 0x0000, 0x0000, 
	0x0000, 0x0000, 0x0000, 0x0000, 0x0000, 0x0000, 0x0000, 0x0000, 0x0000, 0x0000, 0x0000, 0x0000, 0x0000, 0x0000, 0x0000, 0x0000, 
	0x0000, 0x0000, 0x0000, 0x0000, 0x0000, 0x0000, 0x0000, 0x0000, 0x0000, 0x0000, 0x0000, 0x0000, 0x0000, 0x0000, 0x0000, 0x0000, 
	0x0000, 0x0000, 0x0000, 0x0000, 0x0000, 0x0000, 0x0000, 0x0000, 0x0000, 0x0000, 0x0000, 0x0000, 0x0000, 0x0000, 0x0000, 0x0000, 
	0x0000, 0x0000, 0x0000, 0x0000, 0x0000, 0x0000, 0x0000, 0x0000, 0x0000, 0x0000, 0x0000, 0x0000, 0x0000, 0x0000, 0x0000, 0x0000, 
	0x0000, 0x0000, 0x0000, 0x0000, 0x0000, 0x0000, 0x0000, 0x0000, 0x0000, 0x0000, 0x0000, 0x0000, 0x0000, 0x0000, 0x0000, 0x0000, 
	0x0000, 0x0000, 0x0000, 0x0000, 0x0000, 0x0000, 0x0000, 0x0000, 0x0000, 0x0000, 0x0000, 0x2124, 0x20e4, 0x20e4, 0x20e3, 0x28e4, 
	0x053b, 0x055c, 0x055c, 0x055c, 0x055a, 0x2104, 0x20e4, 0x20e4, 0x20e4, 0x20e4, 0x0000, 0x0000, 0x0000, 0x0000, 0x0000, 0x0000, 
	0x0000, 0x0000, 0x0000, 0x0000, 0x0000, 0x0000, 0x0000, 0x0000, 0x0000, 0x0000, 0x0000, 0x0000, 0x0000, 0x0000, 0x0000, 0x0000, 
	0x0000, 0x0000, 0x0000, 0x0000, 0x0000, 0x0000, 0x0000, 0x0000, 0x0000, 0x0000, 0x0000, 0x0000, 0x0000, 0x0000, 0x0000, 0x0000, 
	0x0000, 0x0000, 0x0000, 0x0000, 0x0000, 0x0000, 0x0000, 0x0000, 0x0000, 0x0000, 0x0000, 0x0000, 0x0000, 0x0000, 0x0000, 0x0000, 
	0x0000, 0x0000, 0x0000, 0x0000, 0x0000, 0x0000, 0x0000, 0x0000, 0x0000, 0x0000, 0x0000, 0x0000, 0x0000, 0x0000, 0x0000, 0x0000, 
	0x0000, 0x0000, 0x0000, 0x0000, 0x0000, 0x0000, 0x0000, 0x0000, 0x0000, 0x0000, 0x0000, 0x0000, 0x0000, 0x0000, 0x0000, 0x0000, 
	0x0000, 0x0000, 0x0000, 0x0000, 0x0000, 0x0000, 0x0000, 0x0000, 0x0000, 0x0000, 0x0000, 0x0000, 0x0000, 0x0000, 0x0000, 0x0000, 
	0x0000, 0x0000, 0x0000, 0x0000, 0x0000, 0x0000, 0x0000, 0x0000, 0x0000, 0x0000, 0x0000, 0x0000, 0x0000, 0x0000, 0x0000, 0x0000, 
	0x0000, 0x0000, 0x0000, 0x0000, 0x0000, 0x0000, 0x0000, 0x0000, 0x0000, 0x0000, 0x0000, 0x0000, 0x0000, 0x0000, 0x0000, 0x0000, 
	0x0000, 0x0000, 0x0000, 0x0000, 0x0000, 0x0000, 0x0000, 0x0000, 0x0000, 0x0000, 0x0000, 0x2124, 0x20e4, 0x20e4, 0x20e3, 0x28e4, 
	0x053b, 0x055c, 0x055c, 0x055c, 0x055a, 0x2104, 0x20e4, 0x20e4, 0x20e4, 0x20e4, 0x0000, 0x0000, 0x0000, 0x0000, 0x0000, 0x0000, 
	0x0000, 0x0000, 0x0000, 0x0000, 0x0000, 0x0000, 0x0000, 0x0000, 0x0000, 0x0000, 0x0000, 0x0000, 0x0000, 0x0000, 0x0000, 0x0000, 
	0x0000, 0x0000, 0x0000, 0x0000, 0x0000, 0x0000, 0x0000, 0x0000, 0x0000, 0x0000, 0x0000, 0x0000, 0x0000, 0x0000, 0x0000, 0x0000, 
	0x0000, 0x0000, 0x0000, 0x0000, 0x0000, 0x0000, 0x0000, 0x0000, 0x0000, 0x0000, 0x0000, 0x0000, 0x0000, 0x0000, 0x0000, 0x0000, 
	0x0000, 0x0000, 0x0000, 0x0000, 0x0000, 0x0000, 0x0000, 0x0000, 0x0000, 0x0000, 0x0000, 0x0000, 0x0000, 0x0000, 0x0000, 0x0000, 
	0x0000, 0x0000, 0x0000, 0x0000, 0x0000, 0x0000, 0x0000, 0x0000, 0x0000, 0x0000, 0x0000, 0x0000, 0x0000, 0x0000, 0x0000, 0x0000, 
	0x0000, 0x0000, 0x0000, 0x0000, 0x0000, 0x0000, 0x0000, 0x0000, 0x0000, 0x0000, 0x0000, 0x0000, 0x0000, 0x0000, 0x0000, 0x0000, 
	0x0000, 0x0000, 0x0000, 0x0000, 0x0000, 0x0000, 0x0000, 0x0000, 0x0000, 0x0000, 0x0000, 0x0000, 0x0000, 0x0000, 0x0000, 0x0000, 
	0x0000, 0x0000, 0x0000, 0x0000, 0x0000, 0x0000, 0x0000, 0x0000, 0x0000, 0x0000, 0x0000, 0x0000, 0x0000, 0x0000, 0x0000, 0x0000, 
	0x0000, 0x0000, 0x0000, 0x0000, 0x0000, 0x0000, 0x0000, 0x0000, 0x0000, 0x0000, 0x0000, 0x2124, 0x20e4, 0x20e4, 0x20e3, 0x28e4, 
	0x053b, 0x055c, 0x055c, 0x055c, 0x055a, 0x2104, 0x20e4, 0x20e4, 0x20e4, 0x20e4, 0x0000, 0x0000, 0x0000, 0x0000, 0x0000, 0x0000, 
	0x0000, 0x0000, 0x0000, 0x0000, 0x0000, 0x0000, 0x0000, 0x0000, 0x0000, 0x0000, 0x0000, 0x0000, 0x0000, 0x0000, 0x0000, 0x0000, 
	0x0000, 0x0000, 0x0000, 0x0000, 0x0000, 0x0000, 0x0000, 0x0000, 0x0000, 0x0000, 0x0000, 0x0000, 0x0000, 0x0000, 0x0000, 0x0000, 
	0x0000, 0x0000, 0x0000, 0x0000, 0x0000, 0x0000, 0x0000, 0x0000, 0x0000, 0x0000, 0x0000, 0x0000, 0x0000, 0x0000, 0x0000, 0x0000, 
	0x0000, 0x0000, 0x0000, 0x0000, 0x0000, 0x0000, 0x0000, 0x0000, 0x0000, 0x0000, 0x0000, 0x0000, 0x0000, 0x0000, 0x0000, 0x0000, 
	0x0000, 0x0000, 0x0000, 0x0000, 0x0000, 0x0000, 0x0000, 0x0000, 0x0000, 0x0000, 0x0000, 0x0000, 0x0000, 0x0000, 0x0000, 0x0000, 
	0x0000, 0x0000, 0x0000, 0x0000, 0x0000, 0x0000, 0x0000, 0x0000, 0x0000, 0x0000, 0x0000, 0x0000, 0x0000, 0x0000, 0x0000, 0x0000, 
	0x0000, 0x0000, 0x0000, 0x0000, 0x0000, 0x0000, 0x0000, 0x0000, 0x0000, 0x0000, 0x0000, 0x0000, 0x0000, 0x0000, 0x0000, 0x0000, 
	0x0000, 0x0000, 0x0000, 0x0000, 0x0000, 0x0000, 0x0000, 0x0000, 0x0000, 0x0000, 0x0000, 0x0000, 0x0000, 0x0000, 0x0000, 0x0000, 
	0x0000, 0x0000, 0x0000, 0x0000, 0x0000, 0x0000, 0x0000, 0x0000, 0x0000, 0x0000, 0x0000, 0x2124, 0x20e4, 0x20e4, 0x20e3, 0x28e4, 
	0x053b, 0x055c, 0x055c, 0x055c, 0x055a, 0x2104, 0x20e4, 0x20e4, 0x20e4, 0x20e4, 0x0000, 0x0000, 0x0000, 0x0000, 0x0000, 0x0000, 
	0x0000, 0x0000, 0x0000, 0x0000, 0x0000, 0x0000, 0x0000, 0x0000, 0x0000, 0x0000, 0x0000, 0x0000, 0x0000, 0x0000, 0x0000, 0x0000, 
	0x0000, 0x0000, 0x0000, 0x0000, 0x0000, 0x0000, 0x0000, 0x0000, 0x0000, 0x0000, 0x0000, 0x0000, 0x0000, 0x0000, 0x0000, 0x0000, 
	0x0000, 0x0000, 0x0000, 0x0000, 0x0000, 0x0000, 0x0000, 0x0000, 0x0000, 0x0000, 0x0000, 0x0000, 0x0000, 0x0000, 0x0000, 0x0000, 
	0x0000, 0x0000, 0x0000, 0x0000, 0x0000, 0x0000, 0x0000, 0x0000, 0x0000, 0x0000, 0x0000, 0x0000, 0x0000, 0x0000, 0x0000, 0x0000, 
	0x0000, 0x0000, 0x0000, 0x0000, 0x0000, 0x0000, 0x0000, 0x0000, 0x0000, 0x0000, 0x0000, 0x0000, 0x0000, 0x0000, 0x0000, 0x0000, 
	0x0000, 0x0000, 0x0000, 0x0000, 0x0000, 0x0000, 0x0000, 0x0000, 0x0000, 0x0000, 0x0000, 0x0000, 0x0000, 0x0000, 0x0000, 0x0000, 
	0x0000, 0x0000, 0x0000, 0x0000, 0x0000, 0x0000, 0x0000, 0x0000, 0x0000, 0x0000, 0x0000, 0x0000, 0x0000, 0x0000, 0x0000, 0x0000, 
	0x0000, 0x0000, 0x0000, 0x0000, 0x0000, 0x0000, 0x0000, 0x0000, 0x0000, 0x0000, 0x0000, 0x0000, 0x0000, 0x0000, 0x0000, 0x0000, 
	0x0000, 0x0000, 0x0000, 0x0000, 0x0000, 0x0000, 0x0000, 0x0000, 0x0000, 0x0000, 0x0000, 0x2124, 0x20e4, 0x20e4, 0x20e3, 0x28e4, 
	0x053b, 0x055c, 0x055c, 0x055c, 0x055a, 0x2104, 0x20e4, 0x20e4, 0x20e4, 0x20e4, 0x0000, 0x0000, 0x0000, 0x0000, 0x0000, 0x0000, 
	0x0000, 0x0000, 0x0000, 0x0000, 0x0000, 0x0000, 0x0000, 0x0000, 0x0000, 0x0000, 0x0000, 0x0000, 0x0000, 0x0000, 0x0000, 0x0000, 
	0x0000, 0x0000, 0x0000, 0x0000, 0x0000, 0x0000, 0x0000, 0x0000, 0x0000, 0x0000, 0x0000, 0x0000, 0x0000, 0x0000, 0x0000, 0x0000, 
	0x0000, 0x0000, 0x0000, 0x0000, 0x0000, 0x0000, 0x0000, 0x0000, 0x0000, 0x0000, 0x0000, 0x0000, 0x0000, 0x0000, 0x0000, 0x0000, 
	0x0000, 0x0000, 0x0000, 0x0000, 0x0000, 0x0000, 0x0000, 0x0000, 0x0000, 0x0000, 0x0000, 0x0000, 0x0000, 0x0000, 0x0000, 0x0000, 
	0x0000, 0x0000, 0x0000, 0x0000, 0x0000, 0x0000, 0x0000, 0x0000, 0x0000, 0x0000, 0x0000, 0x0000, 0x0000, 0x0000, 0x0000, 0x0000, 
	0x0000, 0x0000, 0x0000, 0x0000, 0x0000, 0x0000, 0x0000, 0x0000, 0x0000, 0x0000, 0x0000, 0x0000, 0x0000, 0x0000, 0x0000, 0x0000, 
	0x0000, 0x0000, 0x0000, 0x0000, 0x0000, 0x0000, 0x0000, 0x0000, 0x0000, 0x0000, 0x0000, 0x0000, 0x0000, 0x0000, 0x0000, 0x0000, 
	0x0000, 0x0000, 0x0000, 0x0000, 0x0000, 0x0000, 0x0000, 0x0000, 0x0000, 0x0000, 0x0000, 0x0000, 0x0000, 0x0000, 0x0000, 0x0000, 
	0x0000, 0x0000, 0x0000, 0x0000, 0x0000, 0x0000, 0x0000, 0x0000, 0x0000, 0x0000, 0x0000, 0x2124, 0x20e4, 0x20e4, 0x20e3, 0x28e4, 
	0x053b, 0x055c, 0x055c, 0x055c, 0x055a, 0x2104, 0x20e4, 0x20e4, 0x20e4, 0x20e4, 0x0000, 0x0000, 0x0000, 0x0000, 0x0000, 0x0000, 
	0x0000, 0x0000, 0x0000, 0x0000, 0x0000, 0x0000, 0x0000, 0x0000, 0x0000, 0x0000, 0x0000, 0x0000, 0x0000, 0x0000, 0x0000, 0x0000, 
	0x0000, 0x0000, 0x0000, 0x0000, 0x0000, 0x0000, 0x0000, 0x0000, 0x0000, 0x0000, 0x0000, 0x0000, 0x0000, 0x0000, 0x0000, 0x0000, 
	0x0000, 0x0000, 0x0000, 0x0000, 0x0000, 0x0000, 0x0000, 0x0000, 0x0000, 0x0000, 0x0000, 0x0000, 0x0000, 0x0000, 0x0000, 0x0000, 
	0x0000, 0x0000, 0x0000, 0x0000, 0x0000, 0x0000, 0x0000, 0x0000, 0x0000, 0x0000, 0x0000, 0x0000, 0x0000, 0x0000, 0x0000, 0x0000, 
	0x0000, 0x0000, 0x0000, 0x0000, 0x0000, 0x0000, 0x0000, 0x0000, 0x0000, 0x0000, 0x0000, 0x0000, 0x0000, 0x0000, 0x0000, 0x0000, 
	0x0000, 0x0000, 0x0000, 0x0000, 0x0000, 0x0000, 0x0000, 0x0000, 0x0000, 0x0000, 0x0000, 0x0000, 0x0000, 0x0000, 0x0000, 0x0000, 
	0x0000, 0x0000, 0x0000, 0x0000, 0x0000, 0x0000, 0x0000, 0x0000, 0x0000, 0x0000, 0x0000, 0x0000, 0x0000, 0x0000, 0x0000, 0x0000, 
	0x0000, 0x0000, 0x0000, 0x0000, 0x0000, 0x0000, 0x0000, 0x0000, 0x0000, 0x0000, 0x0000, 0x0000, 0x0000, 0x0000, 0x0000, 0x0000, 
	0x0000, 0x0000, 0x0000, 0x0000, 0x0000, 0x0000, 0x0000, 0x0000, 0x0000, 0x0000, 0x0000, 0x2124, 0x20e4, 0x20e4, 0x20e3, 0x28e4, 
	0x053b, 0x055c, 0x055c, 0x055c, 0x055a, 0x2104, 0x20e4, 0x20e4, 0x20e4, 0x20e4, 0x0000, 0x0000, 0x0000, 0x0000, 0x0000, 0x0000, 
	0x0000, 0x0000, 0x0000, 0x0000, 0x0000, 0x0000, 0x0000, 0x0000, 0x0000, 0x0000, 0x0000, 0x0000, 0x0000, 0x0000, 0x0000, 0x0000, 
	0x0000, 0x0000, 0x0000, 0x0000, 0x0000, 0x0000, 0x0000, 0x0000, 0x0000, 0x0000, 0x0000, 0x0000, 0x0000, 0x0000, 0x0000, 0x0000, 
	0x0000, 0x0000, 0x0000, 0x0000, 0x0000, 0x0000, 0x0000, 0x0000, 0x0000, 0x0000, 0x0000, 0x0000, 0x0000, 0x0000, 0x0000, 0x0000, 
	0x0000, 0x0000, 0x0000, 0x0000, 0x0000, 0x0000, 0x0000, 0x0000, 0x0000, 0x0000, 0x0000, 0x0000, 0x0000, 0x0000, 0x0000, 0x0000, 
	0x0000, 0x0000, 0x0000, 0x0000, 0x0000, 0x0000, 0x0000, 0x0000, 0x0000, 0x0000, 0x0000, 0x0000, 0x0000, 0x0000, 0x0000, 0x0000, 
	0x0000, 0x0000, 0x0000, 0x0000, 0x0000, 0x0000, 0x0000, 0x0000, 0x0000, 0x0000, 0x0000, 0x0000, 0x0000, 0x0000, 0x0000, 0x0000, 
	0x0000, 0x0000, 0x0000, 0x0000, 0x0000, 0x0000, 0x0000, 0x0000, 0x0000, 0x0000, 0x0000, 0x0000, 0x0000, 0x0000, 0x0000, 0x0000, 
	0x0000, 0x0000, 0x0000, 0x0000, 0x0000, 0x0000, 0x0000, 0x0000, 0x0000, 0x0000, 0x0000, 0x0000, 0x0000, 0x0000, 0x0000, 0x0000, 
	0x0000, 0x0000, 0x0000, 0x0000, 0x0000, 0x0000, 0x0000, 0x0000, 0x0000, 0x0000, 0x0000, 0x2124, 0x20e4, 0x20e4, 0x20e3, 0x28e4, 
	0x053b, 0x055c, 0x055c, 0x055c, 0x055a, 0x2104, 0x20e4, 0x20e4, 0x20e4, 0x20e4, 0x0000, 0x0000, 0x0000, 0x0000, 0x0000, 0x0000, 
	0x0000, 0x0000, 0x0000, 0x0000, 0x0000, 0x0000, 0x0000, 0x0000, 0x0000, 0x0000, 0x0000, 0x0000, 0x0000, 0x0000, 0x0000, 0x0000, 
	0x0000, 0x0000, 0x0000, 0x0000, 0x0000, 0x0000, 0x0000, 0x0000, 0x0000, 0x0000, 0x0000, 0x0000, 0x0000, 0x0000, 0x0000, 0x0000, 
	0x0000, 0x0000, 0x0000, 0x0000, 0x0000, 0x0000, 0x0000, 0x0000, 0x0000, 0x0000, 0x0000, 0x0000, 0x0000, 0x0000, 0x0000, 0x0000, 
	0x0000, 0x0000, 0x0000, 0x0000, 0x0000, 0x0000, 0x0000, 0x0000, 0x0000, 0x0000, 0x0000, 0x0000, 0x0000, 0x0000, 0x0000, 0x0000, 
	0x0000, 0x0000, 0x0000, 0x0000, 0x0000, 0x0000, 0x0000, 0x0000, 0x0000, 0x0000, 0x0000, 0x0000, 0x0000, 0x0000, 0x0000, 0x0000, 
	0x0000, 0x0000, 0x0000, 0x0000, 0x0000, 0x0000, 0x0000, 0x0000, 0x0000, 0x0000, 0x0000, 0x0000, 0x0000, 0x0000, 0x0000, 0x0000, 
	0x0000, 0x0000, 0x0000, 0x0000, 0x0000, 0x0000, 0x0000, 0x0000, 0x0000, 0x0000, 0x0000, 0x0000, 0x0000, 0x0000, 0x0000, 0x0000, 
	0x0000, 0x0000, 0x0000, 0x0000, 0x0000, 0x0000, 0x0000, 0x0000, 0x0000, 0x0000, 0x0000, 0x0000, 0x0000, 0x0000, 0x0000, 0x0000, 
	0x0000, 0x0000, 0x0000, 0x0000, 0x0000, 0x0000, 0x0000, 0x0000, 0x0000, 0x0000, 0x0000, 0x2124, 0x20e4, 0x20e4, 0x20e3, 0x28e4, 
	0x053b, 0x055c, 0x055c, 0x055c, 0x055a, 0x2104, 0x20e4, 0x20e4, 0x20e4, 0x20e4, 0x0000, 0x0000, 0x0000, 0x0000, 0x0000, 0x0000, 
	0x0000, 0x0000, 0x0000, 0x0000, 0x0000, 0x0000, 0x0000, 0x0000, 0x0000, 0x0000, 0x0000, 0x0000, 0x0000, 0x0000, 0x0000, 0x0000, 
	0x0000, 0x0000, 0x0000, 0x0000, 0x0000, 0x0000, 0x0000, 0x0000, 0x0000, 0x0000, 0x0000, 0x0000, 0x0000, 0x0000, 0x0000, 0x0000, 
	0x0000, 0x0000, 0x0000, 0x0000, 0x0000, 0x0000, 0x0000, 0x0000, 0x0000, 0x0000, 0x0000, 0x0000, 0x0000, 0x0000, 0x0000, 0x0000, 
	0x0000, 0x0000, 0x0000, 0x0000, 0x0000, 0x0000, 0x0000, 0x0000, 0x0000, 0x0000, 0x0000, 0x0000, 0x0000, 0x0000, 0x0000, 0x0000, 
	0x0000, 0x0000, 0x0000, 0x0000, 0x0000, 0x0000, 0x0000, 0x0000, 0x0000, 0x0000, 0x0000, 0x0000, 0x0000, 0x0000, 0x0000, 0x0000, 
	0x0000, 0x0000, 0x0000, 0x0000, 0x0000, 0x0000, 0x0000, 0x0000, 0x0000, 0x0000, 0x0000, 0x0000, 0x0000, 0x0000, 0x0000, 0x0000, 
	0x0000, 0x0000, 0x0000, 0x0000, 0x0000, 0x0000, 0x0000, 0x0000, 0x0000, 0x0000, 0x0000, 0x0000, 0x0000, 0x0000, 0x0000, 0x0000, 
	0x0000, 0x0000, 0x0000, 0x0000, 0x0000, 0x0000, 0x0000, 0x0000, 0x0000, 0x0000, 0x0000, 0x0000, 0x0000, 0x0000, 0x0000, 0x0000, 
	0x0000, 0x0000, 0x0000, 0x0000, 0x0000, 0x0000, 0x0000, 0x0000, 0x0000, 0x0000, 0x0000, 0x2124, 0x20e4, 0x20e4, 0x20e3, 0x28e4, 
	0x053b, 0x055c, 0x055c, 0x055c, 0x055a, 0x2104, 0x20e4, 0x20e4, 0x20e4, 0x20e4, 0x0000, 0x0000, 0x0000, 0x0000, 0x0000, 0x0000, 
	0x0000, 0x0000, 0x0000, 0x0000, 0x0000, 0x0000, 0x0000, 0x0000, 0x0000, 0x0000, 0x0000, 0x0000, 0x0000, 0x0000, 0x0000, 0x0000, 
	0x0000, 0x0000, 0x0000, 0x0000, 0x0000, 0x0000, 0x0000, 0x0000, 0x0000, 0x0000, 0x0000, 0x0000, 0x0000, 0x0000, 0x0000, 0x0000, 
	0x0000, 0x0000, 0x0000, 0x0000, 0x0000, 0x0000, 0x0000, 0x0000, 0x0000, 0x0000, 0x0000, 0x0000, 0x0000, 0x0000, 0x0000, 0x0000, 
	0x0000, 0x0000, 0x0000, 0x0000, 0x0000, 0x0000, 0x0000, 0x0000, 0x0000, 0x0000, 0x0000, 0x0000, 0x0000, 0x0000, 0x0000, 0x0000, 
	0x0000, 0x0000, 0x0000, 0x0000, 0x0000, 0x0000, 0x0000, 0x0000, 0x0000, 0x0000, 0x0000, 0x0000, 0x0000, 0x0000, 0x0000, 0x0000, 
	0x0000, 0x0000, 0x0000, 0x0000, 0x0000, 0x0000, 0x0000, 0x0000, 0x0000, 0x0000, 0x0000, 0x0000, 0x0000, 0x0000, 0x0000, 0x0000, 
	0x0000, 0x0000, 0x0000, 0x0000, 0x0000, 0x0000, 0x0000, 0x0000, 0x0000, 0x0000, 0x0000, 0x0000, 0x0000, 0x0000, 0x0000, 0x0000, 
	0x0000, 0x0000, 0x0000, 0x0000, 0x0000, 0x0000, 0x0000, 0x0000, 0x0000, 0x0000, 0x0000, 0x0000, 0x0000, 0x0000, 0x0000, 0x0000, 
	0x0000, 0x0000, 0x0000, 0x0000, 0x0000, 0x0000, 0x0000, 0x0000, 0x0000, 0x0000, 0x0000, 0x2124, 0x20e4, 0x20e4, 0x20e3, 0x28e4, 
	0x053b, 0x055c, 0x055c, 0x055c, 0x055a, 0x2104, 0x20e4, 0x20e4, 0x20e4, 0x20e4, 0x0000, 0x0000, 0x0000, 0x0000, 0x0000, 0x0000, 
	0x0000, 0x0000, 0x0000, 0x0000, 0x0000, 0x0000, 0x0000, 0x0000, 0x0000, 0x0000, 0x0000, 0x0000, 0x0000, 0x0000, 0x0000, 0x0000, 
	0x0000, 0x0000, 0x0000, 0x0000, 0x0000, 0x0000, 0x0000, 0x0000, 0x0000, 0x0000, 0x0000, 0x0000, 0x0000, 0x0000, 0x0000, 0x0000, 
	0x0000, 0x0000, 0x0000, 0x0000, 0x0000, 0x0000, 0x0000, 0x0000, 0x0000, 0x0000, 0x0000, 0x0000, 0x0000, 0x0000, 0x0000, 0x0000, 
	0x0000, 0x0000, 0x0000, 0x0000, 0x0000, 0x0000, 0x0000, 0x0000, 0x0000, 0x0000, 0x0000, 0x0000, 0x0000, 0x0000, 0x0000, 0x0000, 
	0x0000, 0x0000, 0x0000, 0x0000, 0x0000, 0x0000, 0x0000, 0x0000, 0x0000, 0x0000, 0x0000, 0x0000, 0x0000, 0x0000, 0x0000, 0x0000, 
	0x0000, 0x0000, 0x0000, 0x0000, 0x0000, 0x0000, 0x0000, 0x0000, 0x0000, 0x0000, 0x0000, 0x0000, 0x0000, 0x0000, 0x0000, 0x0000, 
	0x0000, 0x0000, 0x0000, 0x0000, 0x0000, 0x0000, 0x0000, 0x0000, 0x0000, 0x0000, 0x0000, 0x0000, 0x0000, 0x0000, 0x0000, 0x0000, 
	0x0000, 0x0000, 0x0000, 0x0000, 0x0000, 0x0000, 0x0000, 0x0000, 0x0000, 0x0000, 0x0000, 0x0000, 0x0000, 0x0000, 0x0000, 0x0000, 
	0x0000, 0x0000, 0x0000, 0x0000, 0x0000, 0x0000, 0x0000, 0x0000, 0x0000, 0x0000, 0x0000, 0x2124, 0x20e4, 0x20e4, 0x20e3, 0x28e4, 
	0x053b, 0x055c, 0x055c, 0x055c, 0x055a, 0x2104, 0x20e4, 0x20e4, 0x20e4, 0x20e4, 0x0000, 0x0000, 0x0000, 0x0000, 0x0000, 0x0000, 
	0x0000, 0x0000, 0x0000, 0x0000, 0x0000, 0x0000, 0x0000, 0x0000, 0x0000, 0x0000, 0x0000, 0x0000, 0x0000, 0x0000, 0x0000, 0x0000, 
	0x0000, 0x0000, 0x0000, 0x0000, 0x0000, 0x0000, 0x0000, 0x0000, 0x0000, 0x0000, 0x0000, 0x0000, 0x0000, 0x0000, 0x0000, 0x0000, 
	0x0000, 0x0000, 0x0000, 0x0000, 0x0000, 0x0000, 0x0000, 0x0000, 0x0000, 0x0000, 0x0000, 0x0000, 0x0000, 0x0000, 0x0000, 0x0000, 
	0x0000, 0x0000, 0x0000, 0x0000, 0x0000, 0x0000, 0x0000, 0x0000, 0x0000, 0x0000, 0x0000, 0x0000, 0x0000, 0x0000, 0x0000, 0x0000, 
	0x0000, 0x0000, 0x0000, 0x0000, 0x0000, 0x0000, 0x0000, 0x0000, 0x0000, 0x0000, 0x0000, 0x0000, 0x0000, 0x0000, 0x0000, 0x0000, 
	0x0000, 0x0000, 0x0000, 0x0000, 0x0000, 0x0000, 0x0000, 0x0000, 0x0000, 0x0000, 0x0000, 0x0000, 0x0000, 0x0000, 0x0000, 0x0000, 
	0x0000, 0x0000, 0x0000, 0x0000, 0x0000, 0x0000, 0x0000, 0x0000, 0x0000, 0x0000, 0x0000, 0x0000, 0x0000, 0x0000, 0x0000, 0x0000, 
	0x0000, 0x0000, 0x0000, 0x0000, 0x0000, 0x0000, 0x0000, 0x0000, 0x0000, 0x0000, 0x0000, 0x0000, 0x0000, 0x0000, 0x0000, 0x0000, 
	0x0000, 0x0000, 0x0000, 0x0000, 0x0000, 0x0000, 0x0000, 0x0000, 0x0000, 0x0000, 0x0000, 0x2124, 0x20e4, 0x20e4, 0x20e3, 0x28e4, 
	0x053b, 0x055c, 0x055c, 0x055c, 0x055a, 0x2104, 0x20e4, 0x20e4, 0x20e4, 0x20e4, 0x0000, 0x0000, 0x0000, 0x0000, 0x0000, 0x0000, 
	0x0000, 0x0000, 0x0000, 0x0000, 0x0000, 0x0000, 0x0000, 0x0000, 0x0000, 0x0000, 0x0000, 0x0000, 0x0000, 0x0000, 0x0000, 0x0000, 
	0x0000, 0x0000, 0x0000, 0x0000, 0x0000, 0x0000, 0x0000, 0x0000, 0x0000, 0x0000, 0x0000, 0x0000, 0x0000, 0x0000, 0x0000, 0x0000, 
	0x0000, 0x0000, 0x0000, 0x0000, 0x0000, 0x0000, 0x0000, 0x0000, 0x0000, 0x0000, 0x0000, 0x0000, 0x0000, 0x0000, 0x0000, 0x0000, 
	0x0000, 0x0000, 0x0000, 0x0000, 0x0000, 0x0000, 0x0000, 0x0000, 0x0000, 0x0000, 0x0000, 0x0000, 0x0000, 0x0000, 0x0000, 0x0000, 
	0x0000, 0x0000, 0x0000, 0x0000, 0x0000, 0x0000, 0x0000, 0x0000, 0x0000, 0x0000, 0x0000, 0x0000, 0x0000, 0x0000, 0x0000, 0x0000, 
	0x0000, 0x0000, 0x0000, 0x0000, 0x0000, 0x0000, 0x0000, 0x0000, 0x0000, 0x0000, 0x0000, 0x0000, 0x0000, 0x0000, 0x0000, 0x0000, 
	0x0000, 0x0000, 0x0000, 0x0000, 0x0000, 0x0000, 0x0000, 0x0000, 0x0000, 0x0000, 0x0000, 0x0000, 0x0000, 0x0000, 0x0000, 0x0000, 
	0x0000, 0x0000, 0x0000, 0x0000, 0x0000, 0x0000, 0x0000, 0x0000, 0x0000, 0x0000, 0x0000, 0x0000, 0x0000, 0x0000, 0x0000, 0x0000, 
	0x0000, 0x0000, 0x0000, 0x0000, 0x0000, 0x0000, 0x0000, 0x0000, 0x0000, 0x0000, 0x0000, 0x2124, 0x20e4, 0x20e4, 0x20e3, 0x28e4, 
	0x053b, 0x055c, 0x055c, 0x055c, 0x055a, 0x2104, 0x20e4, 0x20e4, 0x20e4, 0x20e4, 0x0000, 0x0000, 0x0000, 0x0000, 0x0000, 0x0000, 
	0x0000, 0x0000, 0x0000, 0x0000, 0x0000, 0x0000, 0x0000, 0x0000, 0x0000, 0x0000, 0x0000, 0x0000, 0x0000, 0x0000, 0x0000, 0x0000, 
	0x0000, 0x0000, 0x0000, 0x0000, 0x0000, 0x0000, 0x0000, 0x0000, 0x0000, 0x0000, 0x0000, 0x0000, 0x0000, 0x0000, 0x0000, 0x0000, 
	0x0000, 0x0000, 0x0000, 0x0000, 0x0000, 0x0000, 0x0000, 0x0000, 0x0000, 0x0000, 0x0000, 0x0000, 0x0000, 0x0000, 0x0000, 0x0000, 
	0x0000, 0x0000, 0x0000, 0x0000, 0x0000, 0x0000, 0x0000, 0x0000, 0x0000, 0x0000, 0x0000, 0x0000, 0x0000, 0x0000, 0x0000, 0x0000, 
	0x0000, 0x0000, 0x0000, 0x0000, 0x0000, 0x0000, 0x0000, 0x0000, 0x0000, 0x0000, 0x0000, 0x0000, 0x0000, 0x0000, 0x0000, 0x0000, 
	0x0000, 0x0000, 0x0000, 0x0000, 0x0000, 0x0000, 0x0000, 0x0000, 0x0000, 0x0000, 0x0000, 0x0000, 0x0000, 0x0000, 0x0000, 0x0000, 
	0x0000, 0x0000, 0x0000, 0x0000, 0x0000, 0x0000, 0x0000, 0x0000, 0x0000, 0x0000, 0x0000, 0x0000, 0x0000, 0x0000, 0x0000, 0x0000, 
	0x0000, 0x0000, 0x0000, 0x0000, 0x0000, 0x0000, 0x0000, 0x0000, 0x0000, 0x0000, 0x0000, 0x0000, 0x0000, 0x0000, 0x0000, 0x0000, 
	0x0000, 0x0000, 0x0000, 0x0000, 0x0000, 0x0000, 0x0000, 0x0000, 0x0000, 0x0000, 0x0000, 0x2124, 0x20e4, 0x20e4, 0x20e3, 0x28e4, 
	0x053b, 0x055c, 0x055c, 0x055c, 0x055a, 0x2104, 0x20e4, 0x20e4, 0x20e4, 0x20e4, 0x0000, 0x0000, 0x0000, 0x0000, 0x0000, 0x0000, 
	0x0000, 0x0000, 0x0000, 0x0000, 0x0000, 0x0000, 0x0000, 0x0000, 0x0000, 0x0000, 0x0000, 0x0000, 0x0000, 0x0000, 0x0000, 0x0000, 
	0x0000, 0x0000, 0x0000, 0x0000, 0x0000, 0x0000, 0x0000, 0x0000, 0x0000, 0x0000, 0x0000, 0x0000, 0x0000, 0x0000, 0x0000, 0x0000, 
	0x0000, 0x0000, 0x0000, 0x0000, 0x0000, 0x0000, 0x0000, 0x0000, 0x0000, 0x0000, 0x0000, 0x0000, 0x0000, 0x0000, 0x0000, 0x0000, 
	0x0000, 0x0000, 0x0000, 0x0000, 0x0000, 0x0000, 0x0000, 0x0000, 0x0000, 0x0000, 0x0000, 0x0000, 0x0000, 0x0000, 0x0000, 0x0000, 
	0x0000, 0x0000, 0x0000, 0x0000, 0x0000, 0x0000, 0x0000, 0x0000, 0x0000, 0x0000, 0x0000, 0x0000, 0x0000, 0x0000, 0x0000, 0x0000, 
	0x0000, 0x0000, 0x0000, 0x0000, 0x0000, 0x0000, 0x0000, 0x0000, 0x0000, 0x0000, 0x0000, 0x0000, 0x0000, 0x0000, 0x0000, 0x0000, 
	0x0000, 0x0000, 0x0000, 0x0000, 0x0000, 0x0000, 0x0000, 0x0000, 0x0000, 0x0000, 0x0000, 0x0000, 0x0000, 0x0000, 0x0000, 0x0000, 
	0x0000, 0x0000, 0x0000, 0x0000, 0x0000, 0x0000, 0x0000, 0x0000, 0x0000, 0x0000, 0x0000, 0x0000, 0x0000, 0x0000, 0x0000, 0x0000, 
	0x0000, 0x0000, 0x0000, 0x0000, 0x0000, 0x0000, 0x0000, 0x0000, 0x0000, 0x0000, 0x0000, 0x2124, 0x20e4, 0x20e4, 0x20e3, 0x28e4, 
	0x053b, 0x055c, 0x055c, 0x055c, 0x055a, 0x2104, 0x20e4, 0x20e4, 0x20e4, 0x20e4, 0x0000, 0x0000, 0x0000, 0x0000, 0x0000, 0x0000, 
	0x0000, 0x0000, 0x0000, 0x0000, 0x0000, 0x0000, 0x0000, 0x0000, 0x0000, 0x0000, 0x0000, 0x0000, 0x0000, 0x0000, 0x0000, 0x0000, 
	0x0000, 0x0000, 0x0000, 0x0000, 0x0000, 0x0000, 0x0000, 0x0000, 0x0000, 0x0000, 0x0000, 0x0000, 0x0000, 0x0000, 0x0000, 0x0000, 
	0x0000, 0x0000, 0x0000, 0x0000, 0x0000, 0x0000, 0x0000, 0x0000, 0x0000, 0x0000, 0x0000, 0x0000, 0x0000, 0x0000, 0x0000, 0x0000, 
	0x0000, 0x0000, 0x0000, 0x0000, 0x0000, 0x0000, 0x0000, 0x0000, 0x0000, 0x0000, 0x0000, 0x0000, 0x0000, 0x0000, 0x0000, 0x0000, 
	0x0000, 0x0000, 0x0000, 0x0000, 0x0000, 0x0000, 0x0000, 0x0000, 0x0000, 0x0000, 0x0000, 0x0000, 0x0000, 0x0000, 0x0000, 0x0000, 
	0x0000, 0x0000, 0x0000, 0x0000, 0x0000, 0x0000, 0x0000, 0x0000, 0x0000, 0x0000, 0x0000, 0x0000, 0x0000, 0x0000, 0x0000, 0x0000, 
	0x0000, 0x0000, 0x0000, 0x0000, 0x0000, 0x0000, 0x0000, 0x0000, 0x0000, 0x0000, 0x0000, 0x0000, 0x0000, 0x0000, 0x0000, 0x0000, 
	0x0000, 0x0000, 0x0000, 0x0000, 0x0000, 0x0000, 0x0000, 0x0000, 0x0000, 0x0000, 0x0000, 0x0000, 0x0000, 0x0000, 0x0000, 0x0000, 
	0x0000, 0x0000, 0x0000, 0x0000, 0x0000, 0x0000, 0x0000, 0x0000, 0x0000, 0x0000, 0x0000, 0x2124, 0x20e4, 0x20e4, 0x20e3, 0x28e4, 
	0x053b, 0x055c, 0x055c, 0x055c, 0x055a, 0x2104, 0x20e4, 0x20e4, 0x20e4, 0x20e4, 0x0000, 0x0000, 0x0000, 0x0000, 0x0000, 0x0000, 
	0x0000, 0x0000, 0x0000, 0x0000, 0x0000, 0x0000, 0x0000, 0x0000, 0x0000, 0x0000, 0x0000, 0x0000, 0x0000, 0x0000, 0x0000, 0x0000, 
	0x0000, 0x0000, 0x0000, 0x0000, 0x0000, 0x0000, 0x0000, 0x0000, 0x0000, 0x0000, 0x0000, 0x0000, 0x0000, 0x0000, 0x0000, 0x0000, 
	0x0000, 0x0000, 0x0000, 0x0000, 0x0000, 0x0000, 0x0000, 0x0000, 0x0000, 0x0000, 0x0000, 0x0000, 0x0000, 0x0000, 0x0000, 0x0000, 
	0x0000, 0x0000, 0x0000, 0x0000, 0x0000, 0x0000, 0x0000, 0x0000, 0x0000, 0x0000, 0x0000, 0x0000, 0x0000, 0x0000, 0x0000, 0x0000, 
	0x0000, 0x0000, 0x0000, 0x0000, 0x0000, 0x0000, 0x0000, 0x0000, 0x0000, 0x0000, 0x0000, 0x0000, 0x0000, 0x0000, 0x0000, 0x0000, 
	0x0000, 0x0000, 0x0000, 0x0000, 0x0000, 0x0000, 0x0000, 0x0000, 0x0000, 0x0000, 0x0000, 0x0000, 0x0000, 0x0000, 0x0000, 0x0000, 
	0x0000, 0x0000, 0x0000, 0x0000, 0x0000, 0x0000, 0x0000, 0x0000, 0x0000, 0x0000, 0x0000, 0x0000, 0x0000, 0x0000, 0x0000, 0x0000, 
	0x0000, 0x0000, 0x0000, 0x0000, 0x0000, 0x0000, 0x0000, 0x0000, 0x0000, 0x0000, 0x0000, 0x0000, 0x0000, 0x0000, 0x0000, 0x0000, 
	0x0000, 0x0000, 0x0000, 0x0000, 0x0000, 0x0000, 0x0000, 0x0000, 0x0000, 0x0000, 0x0000, 0x2124, 0x20e4, 0x20e4, 0x20e3, 0x28e4, 
	0x053b, 0x055c, 0x055c, 0x055c, 0x055a, 0x2104, 0x20e4, 0x20e4, 0x20e4, 0x20e4, 0x0000, 0x0000, 0x0000, 0x0000, 0x0000, 0x0000, 
	0x0000, 0x0000, 0x0000, 0x0000, 0x0000, 0x0000, 0x0000, 0x0000, 0x0000, 0x0000, 0x0000, 0x0000, 0x0000, 0x0000, 0x0000, 0x0000, 
	0x0000, 0x0000, 0x0000, 0x0000, 0x0000, 0x0000, 0x0000, 0x0000, 0x0000, 0x0000, 0x0000, 0x0000, 0x0000, 0x0000, 0x0000, 0x0000, 
	0x0000, 0x0000, 0x0000, 0x0000, 0x0000, 0x0000, 0x0000, 0x0000, 0x0000, 0x0000, 0x0000, 0x0000, 0x0000, 0x0000, 0x0000, 0x0000, 
	0x0000, 0x0000, 0x0000, 0x0000, 0x0000, 0x0000, 0x0000, 0x0000, 0x0000, 0x0000, 0x0000, 0x0000, 0x0000, 0x0000, 0x0000, 0x0000, 
	0x0000, 0x0000, 0x0000, 0x0000, 0x0000, 0x0000, 0x0000, 0x0000, 0x0000, 0x0000, 0x0000, 0x0000, 0x0000, 0x0000, 0x0000, 0x0000, 
	0x0000, 0x0000, 0x0000, 0x0000, 0x0000, 0x0000, 0x0000, 0x0000, 0x0000, 0x0000, 0x0000, 0x0000, 0x0000, 0x0000, 0x0000, 0x0000, 
	0x0000, 0x0000, 0x0000, 0x0000, 0x0000, 0x0000, 0x0000, 0x0000, 0x0000, 0x0000, 0x0000, 0x0000, 0x0000, 0x0000, 0x0000, 0x0000, 
	0x0000, 0x0000, 0x0000, 0x0000, 0x0000, 0x0000, 0x0000, 0x0000, 0x0000, 0x0000, 0x0000, 0x0000, 0x0000, 0x0000, 0x0000, 0x0000, 
	0x0000, 0x0000, 0x0000, 0x0000, 0x0000, 0x0000, 0x0000, 0x0000, 0x0000, 0x0000, 0x0000, 0x2124, 0x20e4, 0x20e4, 0x20e4, 0x20e4, 
	0x055c, 0x057c, 0x057c, 0x055c, 0x055a, 0x1904, 0x20e4, 0x20e4, 0x20e4, 0x20e4, 0x0000, 0x0000, 0x0000, 0x0000, 0x0000, 0x0000, 
	0x0000, 0x0000, 0x0000, 0x0000, 0x0000, 0x0000, 0x0000, 0x0000, 0x0000, 0x0000, 0x0000, 0x0000, 0x0000, 0x0000, 0x0000, 0x0000, 
	0x0000, 0x0000, 0x0000, 0x0000, 0x0000, 0x0000, 0x0000, 0x0000, 0x0000, 0x0000, 0x0000, 0x0000, 0x0000, 0x0000, 0x0000, 0x0000, 
	0x0000, 0x0000, 0x0000, 0x0000, 0x0000, 0x0000, 0x0000, 0x0000, 0x0000, 0x0000, 0x0000, 0x0000, 0x0000, 0x0000, 0x0000, 0x0000, 
	0x0000, 0x0000, 0x0000, 0x0000, 0x0000, 0x0000, 0x0000, 0x0000, 0x0000, 0x0000, 0x0000, 0x0000, 0x0000, 0x0000, 0x0000, 0x0000, 
	0x0000, 0x0000, 0x0000, 0x0000, 0x0000, 0x0000, 0x0000, 0x0000, 0x0000, 0x0000, 0x0000, 0x0000, 0x0000, 0x0000, 0x0000, 0x0000, 
	0x0000, 0x0000, 0x0000, 0x0000, 0x0000, 0x0000, 0x0000, 0x0000, 0x0000, 0x0000, 0x0000, 0x0000, 0x0000, 0x0000, 0x0000, 0x0000, 
	0x0000, 0x0000, 0x0000, 0x0000, 0x0000, 0x0000, 0x0000, 0x0000, 0x0000, 0x0000, 0x0000, 0x0000, 0x0000, 0x0000, 0x0000, 0x0000, 
	0x0000, 0x0000, 0x0000, 0x0000, 0x0000, 0x0000, 0x1082, 0x0861, 0x0861, 0x0861, 0x0861, 0x0861, 0x0861, 0x0861, 0x0861, 0x0861, 
	0x0861, 0x0861, 0x0861, 0x0861, 0x0861, 0x0861, 0x0861, 0x0861, 0x0861, 0x0841, 0x0820, 0x18e3, 0x20e4, 0x20e4, 0x1124, 0x2103, 
	0x0106, 0x0103, 0x0124, 0x0904, 0x0105, 0x2101, 0x20e4, 0x20e4, 0x20e4, 0x20e4, 0x0841, 0x0861, 0x0861, 0x0861, 0x0861, 0x0861, 
	0x0861, 0x0861, 0x0861, 0x0861, 0x0861, 0x0861, 0x0861, 0x0861, 0x0861, 0x0861, 0x0861, 0x0861, 0x0861, 0x0861, 0x0841, 0x0000, 
	0x0000, 0x0000, 0x0000, 0x0000, 0x0000, 0x0000, 0x0000, 0x0000, 0x0000, 0x0000, 0x0000, 0x0000, 0x0000, 0x0000, 0x0000, 0x0000, 
	0x0000, 0x0000, 0x0000, 0x0000, 0x0000, 0x0000, 0x0000, 0x0000, 0x0000, 0x0000, 0x0000, 0x0000, 0x0000, 0x0000, 0x0000, 0x0000, 
	0x0000, 0x0000, 0x0000, 0x0000, 0x0000, 0x0000, 0x0000, 0x0000, 0x0000, 0x0000, 0x0000, 0x0000, 0x0000, 0x0000, 0x0000, 0x0000, 
	0x0000, 0x0000, 0x0000, 0x0000, 0x0000, 0x0000, 0x0000, 0x0000, 0x0000, 0x0000, 0x0000, 0x0000, 0x0000, 0x0000, 0x0000, 0x0000, 
	0x0000, 0x0000, 0x0000, 0x0000, 0x0000, 0x0000, 0x0000, 0x0000, 0x0000, 0x0000, 0x0000, 0x0000, 0x0000, 0x0000, 0x0000, 0x0000, 
	0x0000, 0x0000, 0x0000, 0x0000, 0x0000, 0x0000, 0x0000, 0x0000, 0x0000, 0x0000, 0x0000, 0x0000, 0x0000, 0x0000, 0x0000, 0x0000, 
	0x0000, 0x0000, 0x0000, 0x0000, 0x0000, 0x0000, 0x2104, 0x20e4, 0x20e4, 0x20e4, 0x20e4, 0x20e4, 0x20e4, 0x20e4, 0x20e4, 0x20e4, 
	0x20e4, 0x20e4, 0x20e4, 0x20e4, 0x20e4, 0x20e4, 0x20e4, 0x20e4, 0x20e4, 0x20e4, 0x20e4, 0x20e4, 0x20e4, 0x20e4, 0x20e4, 0x20e4, 
	0x20e4, 0x20e4, 0x20e4, 0x20e4, 0x20e4, 0x20e4, 0x20e4, 0x20e4, 0x20e4, 0x20e4, 0x20e4, 0x20e4, 0x20e4, 0x20e4, 0x20e4, 0x20e4, 
	0x20e4, 0x20e4, 0x20e4, 0x20e4, 0x20e4, 0x20e4, 0x20e4, 0x20e4, 0x20e4, 0x20e4, 0x20e4, 0x20e4, 0x20e4, 0x20e4, 0x20e3, 0x0000, 
	0x0000, 0x0000, 0x0000, 0x0000, 0x0000, 0x0000, 0x0000, 0x0000, 0x0000, 0x0000, 0x0000, 0x0000, 0x0000, 0x0000, 0x0000, 0x0000, 
	0x0000, 0x0000, 0x0000, 0x0000, 0x0000, 0x0000, 0x0000, 0x0000, 0x0000, 0x0000, 0x0000, 0x0000, 0x0000, 0x0000, 0x0000, 0x0000, 
	0x0000, 0x0000, 0x0000, 0x0000, 0x0000, 0x0000, 0x0000, 0x0000, 0x0000, 0x0000, 0x0000, 0x0000, 0x0000, 0x0000, 0x0000, 0x0000, 
	0x0000, 0x0000, 0x0000, 0x0000, 0x0000, 0x0000, 0x0000, 0x0000, 0x0000, 0x0000, 0x0000, 0x0000, 0x0000, 0x0000, 0x0000, 0x0000, 
	0x0000, 0x0000, 0x0000, 0x0000, 0x0000, 0x0000, 0x0000, 0x0000, 0x0000, 0x0000, 0x0000, 0x0000, 0x0000, 0x0000, 0x0000, 0x0000, 
	0x0000, 0x0000, 0x0000, 0x0000, 0x0000, 0x0000, 0x0000, 0x0000, 0x0000, 0x0000, 0x0000, 0x0000, 0x0000, 0x0000, 0x0000, 0x0000, 
	0x0000, 0x0000, 0x0000, 0x0000, 0x0000, 0x0000, 0x2104, 0x20e4, 0x20e4, 0x20e4, 0x20e4, 0x20e4, 0x20e4, 0x20e4, 0x20e4, 0x20e4, 
	0x20e4, 0x20e4, 0x20e4, 0x20e4, 0x20e4, 0x20e4, 0x20e4, 0x20e4, 0x20e4, 0x20e4, 0x20e4, 0x20e4, 0x20e4, 0x20e4, 0x20e4, 0x20e4, 
	0x20e4, 0x20e4, 0x20e4, 0x20e4, 0x20e4, 0x20e4, 0x20e4, 0x20e4, 0x20e4, 0x20e4, 0x20e4, 0x20e4, 0x20e4, 0x20e4, 0x20e4, 0x20e4, 
	0x20e4, 0x20e4, 0x20e4, 0x20e4, 0x20e4, 0x20e4, 0x20e4, 0x20e4, 0x20e4, 0x20e4, 0x20e4, 0x20e4, 0x20e4, 0x20e4, 0x20e3, 0x0000, 
	0x0000, 0x0000, 0x0000, 0x0000, 0x0000, 0x0000, 0x0000, 0x0000, 0x0000, 0x0000, 0x0000, 0x0000, 0x0000, 0x0000, 0x0000, 0x0000, 
	0x0000, 0x0000, 0x0000, 0x0000, 0x0000, 0x0000, 0x0000, 0x0000, 0x0000, 0x0000, 0x0000, 0x0000, 0x0000, 0x0000, 0x0000, 0x0000, 
	0x0000, 0x0000, 0x0000, 0x0000, 0x0000, 0x0000, 0x0000, 0x0000, 0x0000, 0x0000, 0x0000, 0x0000, 0x0000, 0x0000, 0x0000, 0x0000, 
	0x0000, 0x0000, 0x0000, 0x0000, 0x0000, 0x0000, 0x0000, 0x0000, 0x0000, 0x0000, 0x0000, 0x0000, 0x0000, 0x0000, 0x0000, 0x0000, 
	0x0000, 0x0000, 0x0000, 0x0000, 0x0000, 0x0000, 0x0000, 0x0000, 0x0000, 0x0000, 0x0000, 0x0000, 0x0000, 0x0000, 0x0000, 0x0000, 
	0x0000, 0x0000, 0x0000, 0x0000, 0x0000, 0x0000, 0x0000, 0x0000, 0x0000, 0x0000, 0x0000, 0x0000, 0x0000, 0x0000, 0x0000, 0x0000, 
	0x0000, 0x0000, 0x0000, 0x0000, 0x0000, 0x0000, 0x1924, 0x20e4, 0x20e4, 0x20e4, 0x20e4, 0x20e4, 0x20e4, 0x20e4, 0x20e4, 0x20e4, 
	0x20e4, 0x20e4, 0x20e4, 0x20e4, 0x20e4, 0x20e4, 0x20e4, 0x20e4, 0x20e4, 0x20e4, 0x20e4, 0x20e4, 0x20e4, 0x20e4, 0x20e4, 0x20e3, 
	0x20e3, 0x2104, 0x20e4, 0x20e3, 0x20e4, 0x20e4, 0x20e3, 0x20e3, 0x20e3, 0x20e4, 0x20e4, 0x20e4, 0x20e4, 0x20e4, 0x20e4, 0x20e4, 
	0x20e4, 0x20e4, 0x20e4, 0x20e4, 0x20e4, 0x20e4, 0x20e4, 0x20e4, 0x20e4, 0x20e4, 0x20e4, 0x20e4, 0x20e4, 0x20e4, 0x20e3, 0x0000, 
	0x0000, 0x0000, 0x0000, 0x0000, 0x0000, 0x0000, 0x0000, 0x0000, 0x0000, 0x0000, 0x0000, 0x0000, 0x0000, 0x0000, 0x0000, 0x0000, 
	0x0000, 0x0000, 0x0000, 0x0000, 0x0000, 0x0000, 0x0000, 0x0000, 0x0000, 0x0000, 0x0000, 0x0000, 0x0000, 0x0000, 0x0000, 0x0000, 
	0x0000, 0x0000, 0x0000, 0x0000, 0x0000, 0x0000, 0x0000, 0x0000, 0x0000, 0x0000, 0x0000, 0x0000, 0x0000, 0x0000, 0x0000, 0x0000, 
	0x0000, 0x0000, 0x0000, 0x0000, 0x0000, 0x0000, 0x0000, 0x0000, 0x0000, 0x0000, 0x0000, 0x0000, 0x0000, 0x0000, 0x0000, 0x0000, 
	0x0000, 0x0000, 0x0000, 0x0000, 0x0000, 0x0000, 0x0000, 0x0000, 0x0000, 0x0000, 0x0000, 0x0000, 0x0000, 0x0000, 0x0000, 0x0000, 
	0x0000, 0x0000, 0x0000, 0x0000, 0x0000, 0x0000, 0x0000, 0x0000, 0x0000, 0x0000, 0x0000, 0x0000, 0x0000, 0x0000, 0x0000, 0x0000, 
	0x0000, 0x0000, 0x0000, 0x0000, 0x0000, 0x0000, 0x4024, 0x5066, 0x5046, 0x5046, 0x5046, 0x5046, 0x5046, 0x5046, 0x5046, 0x5046, 
	0x5066, 0x5066, 0x5066, 0x5066, 0x5066, 0x5066, 0x5066, 0x5066, 0x5046, 0x5046, 0x5046, 0x5046, 0x5046, 0x5046, 0x4845, 0x5026, 
	0x30a4, 0x38c5, 0x38c5, 0x38c5, 0x38e4, 0x4065, 0x5066, 0x5066, 0x5066, 0x5046, 0x5046, 0x5046, 0x5046, 0x5046, 0x5046, 0x5046, 
	0x5066, 0x5066, 0x5066, 0x5066, 0x5066, 0x5066, 0x5066, 0x5066, 0x5046, 0x5046, 0x5046, 0x5046, 0x5046, 0x5046, 0x5046, 0x0000, 
	0x0000, 0x0000, 0x0000, 0x0000, 0x0000, 0x0000, 0x0000, 0x0000, 0x0000, 0x0000, 0x0000, 0x0000, 0x0000, 0x0000, 0x0000, 0x0000, 
	0x0000, 0x0000, 0x0000, 0x0000, 0x0000, 0x0000, 0x0000, 0x0000, 0x0000, 0x0000, 0x0000, 0x0000, 0x0000, 0x0000, 0x0000, 0x0000, 
	0x0000, 0x0000, 0x0000, 0x0000, 0x0000, 0x0000, 0x0000, 0x0000, 0x0000, 0x0000, 0x0000, 0x0000, 0x0000, 0x0000, 0x0000, 0x0000, 
	0x0000, 0x0000, 0x0000, 0x0000, 0x0000, 0x0000, 0x0000, 0x0000, 0x0000, 0x0000, 0x0000, 0x0000, 0x0000, 0x0000, 0x0000, 0x0000, 
	0x0000, 0x0000, 0x0000, 0x0000, 0x0000, 0x0000, 0x0000, 0x0000, 0x0000, 0x0000, 0x0000, 0x0000, 0x0000, 0x0000, 0x0000, 0x0000, 
	0x0000, 0x0000, 0x0000, 0x0000, 0x0000, 0x0000, 0x0000, 0x20e4, 0x20e4, 0x20e4, 0x20e4, 0x20e4, 0x20e4, 0x20e4, 0x20e4, 0x20e4, 
	0x20e4, 0x20e4, 0x20e4, 0x20e4, 0x2103, 0x20e3, 0xe171, 0xe932, 0xe932, 0xe932, 0xe932, 0xe932, 0xe932, 0xe932, 0xe932, 0xe932, 
	0xe932, 0xe932, 0xe932, 0xe932, 0xe932, 0xe932, 0xe932, 0xe932, 0xe932, 0xe932, 0xe932, 0xe932, 0xe932, 0xe932, 0xe931, 0xe911, 
	0xecd7, 0xecd7, 0xecd7, 0xecd7, 0xecd6, 0xe972, 0xe932, 0xe932, 0xe932, 0xe932, 0xe932, 0xe932, 0xe932, 0xe932, 0xe932, 0xe932, 
	0xe932, 0xe932, 0xe932, 0xe932, 0xe932, 0xe932, 0xe932, 0xe932, 0xe932, 0xe932, 0xe932, 0xe932, 0xe932, 0xe932, 0xe131, 0x1904, 
	0x20e4, 0x20e4, 0x20e4, 0x20e4, 0x20e4, 0x20e4, 0x20e4, 0x20e4, 0x20e4, 0x20e4, 0x20e4, 0x20e4, 0x20e4, 0x20e4, 0x20e4, 0x0000, 
	0x0000, 0x0000, 0x0000, 0x0000, 0x0000, 0x0000, 0x0000, 0x0000, 0x0000, 0x0000, 0x0000, 0x0000, 0x0000, 0x0000, 0x0000, 0x0000, 
	0x0000, 0x0000, 0x0000, 0x0000, 0x0000, 0x0000, 0x0000, 0x0000, 0x0000, 0x0000, 0x0000, 0x0000, 0x0000, 0x0000, 0x0000, 0x0000, 
	0x0000, 0x0000, 0x0000, 0x0000, 0x0000, 0x0000, 0x0000, 0x0000, 0x0000, 0x0000, 0x0000, 0x0000, 0x0000, 0x0000, 0x0000, 0x0000, 
	0x0000, 0x0000, 0x0000, 0x0000, 0x0000, 0x0000, 0x0000, 0x0000, 0x0000, 0x0000, 0x0000, 0x0000, 0x0000, 0x0000, 0x0000, 0x0000, 
	0x0000, 0x0000, 0x0000, 0x0000, 0x0000, 0x0000, 0x0000, 0x20e4, 0x20e4, 0x20e4, 0x20e4, 0x20e4, 0x20e4, 0x20e4, 0x20e4, 0x20e4, 
	0x20e4, 0x20e4, 0x20e4, 0x20e4, 0x2103, 0x20e3, 0xe171, 0xe932, 0xe932, 0xe932, 0xe932, 0xe932, 0xe932, 0xe932, 0xe932, 0xe932, 
	0xe932, 0xe932, 0xe932, 0xe932, 0xe932, 0xe932, 0xe932, 0xe932, 0xe932, 0xe932, 0xe932, 0xe932, 0xe932, 0xe932, 0xe931, 0xe911, 
	0xecd7, 0xecd7, 0xecd7, 0xecd7, 0xecd6, 0xe972, 0xe932, 0xe932, 0xe932, 0xe932, 0xe932, 0xe932, 0xe932, 0xe932, 0xe932, 0xe932, 
	0xe932, 0xe932, 0xe932, 0xe932, 0xe932, 0xe932, 0xe932, 0xe932, 0xe932, 0xe932, 0xe932, 0xe932, 0xe932, 0xe932, 0xe131, 0x1904, 
	0x20e4, 0x20e4, 0x20e4, 0x20e4, 0x20e4, 0x20e4, 0x20e4, 0x20e4, 0x20e4, 0x20e4, 0x20e4, 0x20e4, 0x20e4, 0x20e4, 0x20e4, 0x0000, 
	0x0000, 0x0000, 0x0000, 0x0000, 0x0000, 0x0000, 0x0000, 0x0000, 0x0000, 0x0000, 0x0000, 0x0000, 0x0000, 0x0000, 0x0000, 0x0000, 
	0x0000, 0x0000, 0x0000, 0x0000, 0x0000, 0x0000, 0x0000, 0x0000, 0x0000, 0x0000, 0x0000, 0x0000, 0x0000, 0x0000, 0x0000, 0x0000, 
	0x0000, 0x0000, 0x0000, 0x0000, 0x0000, 0x0000, 0x0000, 0x0000, 0x0000, 0x0000, 0x0000, 0x0000, 0x0000, 0x0000, 0x0000, 0x0000, 
	0x0000, 0x0000, 0x0000, 0x0000, 0x0000, 0x0000, 0x0000, 0x0000, 0x0000, 0x0000, 0x0000, 0x0000, 0x0000, 0x0000, 0x0000, 0x0000, 
	0x0000, 0x0000, 0x0000, 0x0000, 0x0000, 0x0000, 0x0000, 0x2104, 0x20e4, 0x20e4, 0x1904, 0x20e4, 0x2104, 0x20e4, 0x20e4, 0x20e4, 
	0x20e4, 0x20e4, 0x20e4, 0x20e4, 0x1904, 0x20e3, 0xd970, 0xe932, 0xe932, 0xe932, 0xe932, 0xe932, 0xe932, 0xe932, 0xe932, 0xe932, 
	0xe932, 0xe932, 0xe932, 0xe932, 0xe932, 0xe932, 0xe932, 0xe932, 0xe932, 0xe932, 0xe951, 0xf131, 0xe912, 0xe912, 0xe911, 0xf111, 
	0xecd7, 0xecd7, 0xecd7, 0xecd7, 0xecd6, 0xe952, 0xe912, 0xe912, 0xe912, 0xe932, 0xe151, 0xe932, 0xe932, 0xe932, 0xe932, 0xe932, 
	0xe932, 0xe932, 0xe932, 0xe932, 0xe932, 0xe932, 0xe932, 0xe932, 0xe932, 0xe932, 0xe932, 0xe932, 0xe932, 0xe932, 0xe932, 0x1924, 
	0x20e4, 0x20e4, 0x20e4, 0x20e4, 0x20e4, 0x20e4, 0x20e4, 0x20e4, 0x18e4, 0x20e4, 0x1904, 0x1904, 0x2104, 0x1903, 0x20e4, 0x0000, 
	0x0000, 0x0000, 0x0000, 0x0000, 0x0000, 0x0000, 0x0000, 0x0000, 0x0000, 0x0000, 0x0000, 0x0000, 0x0000, 0x0000, 0x0000, 0x0000, 
	0x0000, 0x0000, 0x0000, 0x0000, 0x0000, 0x0000, 0x0000, 0x0000, 0x0000, 0x0000, 0x0000, 0x0000, 0x0000, 0x0000, 0x0000, 0x0000, 
	0x0000, 0x0000, 0x0000, 0x0000, 0x0000, 0x0000, 0x0000, 0x0000, 0x0000, 0x0000, 0x0000, 0x0000, 0x0000, 0x0000, 0x0000, 0x0000, 
	0x0000, 0x0000, 0x0000, 0x0000, 0x0000, 0x0000, 0x0000, 0x0000, 0x0000, 0x0000, 0x0000, 0x0000, 0x0000, 0x0000, 0x0000, 0x0000, 
	0x0000, 0x0000, 0x0000, 0x0000, 0x0000, 0x0000, 0x0000, 0x1883, 0x1862, 0x1862, 0x1882, 0x1082, 0x3064, 0x2864, 0x2864, 0x2864, 
	0x2864, 0x2864, 0x2864, 0x2864, 0x2864, 0x2864, 0xd9f2, 0xe932, 0xe932, 0xe932, 0xe932, 0xe932, 0xe932, 0xe932, 0xe932, 0xe932, 
	0xe932, 0xe932, 0xe932, 0xe932, 0xe932, 0xe932, 0xe932, 0xe932, 0xe932, 0xe931, 0xf193, 0xc96f, 0xd92f, 0xd92f, 0xd92f, 0xd92f, 
	0xdcb4, 0xdcf4, 0xdcf4, 0xdcf5, 0xe4d4, 0xd12f, 0xd92f, 0xd92f, 0xd92f, 0xc98f, 0xe131, 0xe932, 0xe932, 0xe932, 0xe932, 0xe932, 
	0xe932, 0xe932, 0xe932, 0xe932, 0xe932, 0xe932, 0xe932, 0xe932, 0xe932, 0xe932, 0xe932, 0xe932, 0xe932, 0xe932, 0xe952, 0x3844, 
	0x2864, 0x2864, 0x2864, 0x2864, 0x2864, 0x2864, 0x2864, 0x2864, 0x3063, 0x1862, 0x2083, 0x1082, 0x1082, 0x1821, 0x20e4, 0x0000, 
	0x0000, 0x0000, 0x0000, 0x0000, 0x0000, 0x0000, 0x0000, 0x0000, 0x0000, 0x0000, 0x0000, 0x0000, 0x0000, 0x0000, 0x0000, 0x0000, 
	0x0000, 0x0000, 0x0000, 0x0000, 0x0000, 0x0000, 0x0000, 0x0000, 0x0000, 0x0000, 0x0000, 0x0000, 0x0000, 0x0000, 0x0000, 0x0000, 
	0x0000, 0x0000, 0x0000, 0x0000, 0x0000, 0x0000, 0x0000, 0x0000, 0x0000, 0x0000, 0x0000, 0x0000, 0x0000, 0x0000, 0x0000, 0x0000, 
	0x0000, 0x0000, 0x0000, 0x0000, 0x0000, 0x0000, 0x0000, 0x0000, 0x0000, 0x0000, 0x0000, 0x0000, 0x0000, 0x0000, 0x0000, 0x0000, 
	0x0000, 0x7bef, 0x2104, 0x2104, 0x2104, 0x2104, 0x28a3, 0xecd7, 0xecd7, 0xecd7, 0xecb7, 0xf4d8, 0xe911, 0xe8f2, 0xe8f2, 0xe8f2, 
	0xe8f2, 0xe8f2, 0xe8f2, 0xe8f2, 0xe912, 0xf0f2, 0xe931, 0xe932, 0xe932, 0xe932, 0xe932, 0xe932, 0xe932, 0xe932, 0xe932, 0xe932, 
	0xe932, 0xe932, 0xe932, 0xe932, 0xe932, 0xe932, 0xe932, 0xe932, 0xe932, 0xe932, 0xe191, 0xe4d5, 0xf4b6, 0xf4b6, 0xecb6, 0xf4b6, 
	0xf6d6, 0xf716, 0xf716, 0xf716, 0xfef6, 0xf4d6, 0xecd6, 0xecd6, 0xecb6, 0xdcf6, 0xe170, 0xe932, 0xe932, 0xe932, 0xe932, 0xe932, 
	0xe932, 0xe932, 0xe932, 0xe932, 0xe932, 0xe932, 0xe932, 0xe932, 0xe932, 0xe932, 0xe932, 0xe932, 0xe932, 0xe932, 0xf153, 0xe131, 
	0xe8f2, 0xe8f2, 0xe8f2, 0xe8f2, 0xe8f2, 0xe8f2, 0xe8f2, 0xe8f2, 0xe932, 0xf478, 0xecf6, 0xecb7, 0xecb7, 0xf4b6, 0x82ac, 0x2104, 
	0x2104, 0x2104, 0x2104, 0x2945, 0x0000, 0x0000, 0x0000, 0x0000, 0x0000, 0x0000, 0x0000, 0x0000, 0x0000, 0x0000, 0x0000, 0x0000, 
	0x0000, 0x0000, 0x0000, 0x0000, 0x0000, 0x0000, 0x0000, 0x0000, 0x0000, 0x0000, 0x0000, 0x0000, 0x0000, 0x0000, 0x0000, 0x0000, 
	0x0000, 0x0000, 0x0000, 0x0000, 0x0000, 0x0000, 0x0000, 0x0000, 0x0000, 0x0000, 0x0000, 0x0000, 0x0000, 0x0000, 0x0000, 0x0000, 
	0x0000, 0x0000, 0x0000, 0x0000, 0x0000, 0x0000, 0x0000, 0x0000, 0x0000, 0x0000, 0x0000, 0x0000, 0x0000, 0x0000, 0x0000, 0x0000, 
	0x0000, 0x7bef, 0x20e4, 0x20e4, 0x20e3, 0x20e3, 0x28a4, 0xecb7, 0xecd7, 0xecd7, 0xf4b7, 0xf4b7, 0xe932, 0xe932, 0xe932, 0xe932, 
	0xe932, 0xe932, 0xe932, 0xe932, 0xe932, 0xe932, 0xe932, 0xe932, 0xe932, 0xe932, 0xe932, 0xe932, 0xe932, 0xe932, 0xe932, 0xe932, 
	0xe932, 0xe932, 0xe932, 0xe932, 0xe932, 0xe932, 0xe932, 0xe932, 0xe932, 0xe152, 0xf151, 0xecf7, 0xecb7, 0xecb7, 0xecd7, 0xecd6, 
	0xf718, 0xf6f7, 0xf6f7, 0xf6f7, 0xf717, 0xe4d6, 0xecd7, 0xecd7, 0xecd7, 0xe4f6, 0xd971, 0xe932, 0xe932, 0xe932, 0xe932, 0xe932, 
	0xe932, 0xe932, 0xe932, 0xe932, 0xe932, 0xe932, 0xe932, 0xe932, 0xe932, 0xe932, 0xe932, 0xe932, 0xe932, 0xe932, 0xe932, 0xe932, 
	0xe932, 0xe932, 0xe932, 0xe932, 0xe932, 0xe932, 0xe932, 0xe932, 0xe931, 0xfc98, 0xf4b7, 0xecb7, 0xecb7, 0xecd6, 0x82cd, 0x28e4, 
	0x20e4, 0x20e4, 0x20e4, 0x2945, 0x0000, 0x0000, 0x0000, 0x0000, 0x0000, 0x0000, 0x0000, 0x0000, 0x0000, 0x0000, 0x0000, 0x0000, 
	0x0000, 0x0000, 0x0000, 0x0000, 0x0000, 0x0000, 0x0000, 0x0000, 0x0000, 0x0000, 0x0000, 0x0000, 0x0000, 0x0000, 0x0000, 0x0000, 
	0x0000, 0x0000, 0x0000, 0x0000, 0x0000, 0x0000, 0x0000, 0x0000, 0x0000, 0x0000, 0x0000, 0x0000, 0x0000, 0x0000, 0x0000, 0x0000, 
	0x0000, 0x0000, 0x0000, 0x0000, 0x0000, 0x0000, 0x0000, 0x0000, 0x0000, 0x0000, 0x0000, 0x0000, 0x0000, 0x0000, 0x0000, 0x0000, 
	0x0000, 0x7bef, 0x20e4, 0x20e4, 0x20e4, 0x20e3, 0x28a4, 0xecd6, 0xecd6, 0xecd6, 0xecb7, 0xf4d7, 0xe932, 0xe932, 0xe932, 0xe932, 
	0xe932, 0xe932, 0xe932, 0xe932, 0xe932, 0xe932, 0xe932, 0xe932, 0xe932, 0xe932, 0xe932, 0xe932, 0xe932, 0xe932, 0xe932, 0xe932, 
	0xe932, 0xe932, 0xe932, 0xe932, 0xe932, 0xe932, 0xe932, 0xe932, 0xe932, 0xe152, 0xf151, 0xecf7, 0xecb7, 0xecb7, 0xecd7, 0xecd6, 
	0xff18, 0xf6f7, 0xf6f7, 0xf6f7, 0xf717, 0xe4d6, 0xecd7, 0xecd7, 0xecd7, 0xe4f6, 0xd170, 0xe931, 0xe932, 0xe932, 0xe932, 0xe932, 
	0xe931, 0xe932, 0xe932, 0xe932, 0xe932, 0xe932, 0xe932, 0xe932, 0xe932, 0xe932, 0xe932, 0xe932, 0xe932, 0xe932, 0xe932, 0xe932, 
	0xe932, 0xe932, 0xe932, 0xe932, 0xe932, 0xe951, 0xe931, 0xe931, 0xe931, 0xfc97, 0xecb7, 0xecd6, 0xecd6, 0xecd6, 0x82cd, 0x20e4, 
	0x20e4, 0x20e4, 0x20e4, 0x2945, 0x0000, 0x0000, 0x0000, 0x0000, 0x0000, 0x0000, 0x0000, 0x0000, 0x0000, 0x0000, 0x0000, 0x0000, 
	0x0000, 0x0000, 0x0000, 0x0000, 0x0000, 0x0000, 0x0000, 0x0000, 0x0000, 0x0000, 0x0000, 0x0000, 0x0000, 0x0000, 0x0000, 0x0000, 
	0x0000, 0x0000, 0x0000, 0x0000, 0x0000, 0x0000, 0x0000, 0x0000, 0x0000, 0x0000, 0x0000, 0x0000, 0x0000, 0x0000, 0x0000, 0x0000, 
	0x0000, 0x0000, 0x0000, 0x0000, 0x0000, 0x0000, 0x0000, 0x0000, 0x0000, 0x0000, 0x0000, 0x0000, 0x0000, 0x0000, 0x0000, 0x0000, 
	0x0000, 0x7bef, 0x20e4, 0x20e4, 0x20e4, 0x20e4, 0x28a3, 0xecd7, 0xecd7, 0xecd7, 0xecb6, 0xecb6, 0xe932, 0xe932, 0xe932, 0xe151, 
	0xe171, 0xe912, 0xe932, 0xe932, 0xe932, 0xe932, 0xe932, 0xe932, 0xe932, 0xe932, 0xe932, 0xe932, 0xe932, 0xe932, 0xe932, 0xe932, 
	0xe932, 0xe932, 0xe932, 0xe932, 0xe932, 0xe932, 0xe932, 0xe932, 0xe932, 0xe152, 0xf151, 0xecf7, 0xecb7, 0xecb7, 0xecb7, 0xecd6, 
	0xff18, 0xf6f7, 0xf6f7, 0xf6f7, 0xf717, 0xe4d6, 0xecd7, 0xecd7, 0xecd7, 0xe4f7, 0xd170, 0xe932, 0xe932, 0xe932, 0xe951, 0xe932, 
	0xe932, 0xe932, 0xe932, 0xe932, 0xe932, 0xe932, 0xe932, 0xe932, 0xe932, 0xe932, 0xe932, 0xe932, 0xe932, 0xe932, 0xe932, 0xe932, 
	0xe932, 0xe932, 0xe932, 0xe932, 0xe951, 0xe931, 0xe932, 0xe932, 0xe151, 0xfc77, 0xecd7, 0xecd7, 0xecd7, 0xecd6, 0x82cd, 0x1903, 
	0x20e4, 0x20e4, 0x20e4, 0x2945, 0x0000, 0x0000, 0x0000, 0x0000, 0x0000, 0x0000, 0x0000, 0x0000, 0x0000, 0x0000, 0x0000, 0x0000, 
	0x0000, 0x0000, 0x0000, 0x0000, 0x0000, 0x0000, 0x0000, 0x0000, 0x0000, 0x0000, 0x0000, 0x0000, 0x0000, 0x0000, 0x0000, 0x0000, 
	0x0000, 0x0000, 0x0000, 0x0000, 0x0000, 0x0000, 0x0000, 0x0000, 0x0000, 0x0000, 0x0000, 0x0000, 0x0000, 0x0000, 0x0000, 0x0000, 
	0x0000, 0x0000, 0x0000, 0x0000, 0x0000, 0x0000, 0x0000, 0x0000, 0x0000, 0x0000, 0x0000, 0x0000, 0x0000, 0x0000, 0x0000, 0x0000, 
	0x0000, 0x7bef, 0x20e4, 0x20e4, 0x2103, 0x20e4, 0x18e1, 0xf6f7, 0xf6f7, 0xf6f7, 0xf6d7, 0xeed7, 0xecd7, 0xf4b7, 0xf4b7, 0xe4f6, 
	0xe4b5, 0xf131, 0xe932, 0xe932, 0xe932, 0xe932, 0xe932, 0xe932, 0xe932, 0xe932, 0xe932, 0xe932, 0xe932, 0xe932, 0xe932, 0xe932, 
	0xe932, 0xe932, 0xe932, 0xe932, 0xe932, 0xe932, 0xe932, 0xe932, 0xe932, 0xe152, 0xf151, 0xecf7, 0xecb7, 0xecb7, 0xecb7, 0xecd6, 
	0xff18, 0xf6f7, 0xf6f7, 0xf6f7, 0xf717, 0xe4d6, 0xecd7, 0xecd7, 0xecd7, 0xf4b7, 0xe4b6, 0xf4b7, 0xf4b7, 0xf4b7, 0xecf6, 0xfbb6, 
	0xe131, 0xe932, 0xe932, 0xe932, 0xe932, 0xe932, 0xe932, 0xe932, 0xe932, 0xe932, 0xe932, 0xe932, 0xe932, 0xe932, 0xe932, 0xe932, 
	0xe932, 0xe932, 0xe932, 0xe110, 0xecb7, 0xf4b6, 0xf4b7, 0xf4b7, 0xe4b6, 0xf6d8, 0xf6d7, 0xf6f7, 0xf6f7, 0xef36, 0x83cd, 0x20e4, 
	0x20e4, 0x20e4, 0x20e4, 0x2945, 0x0000, 0x0000, 0x0000, 0x0000, 0x0000, 0x0000, 0x0000, 0x0000, 0x0000, 0x0000, 0x0000, 0x0000, 
	0x0000, 0x0000, 0x0000, 0x0000, 0x0000, 0x0000, 0x0000, 0x0000, 0x0000, 0x0000, 0x0000, 0x0000, 0x0000, 0x0000, 0x0000, 0x0000, 
	0x0000, 0x0000, 0x0000, 0x0000, 0x0000, 0x0000, 0x0000, 0x0000, 0x0000, 0x0000, 0x0000, 0x0000, 0x0000, 0x0000, 0x0000, 0x0000, 
	0x0000, 0x0000, 0x0000, 0x0000, 0x0000, 0x0000, 0x0000, 0x0000, 0x0000, 0x0000, 0x0000, 0x0000, 0x0000, 0x0000, 0x0000, 0x0000, 
	0x0000, 0x7bef, 0x20e4, 0x20e4, 0x20e4, 0x2103, 0x20c3, 0xf717, 0xf717, 0xf6f7, 0xf6f7, 0xf6d7, 0xecd7, 0xecd7, 0xecb7, 0xecb7, 
	0xe4d6, 0xe932, 0xe932, 0xe932, 0xe932, 0xe932, 0xe932, 0xe932, 0xe932, 0xe932, 0xe932, 0xe932, 0xe932, 0xe932, 0xe932, 0xe932, 
	0xe932, 0xe932, 0xe932, 0xe932, 0xe932, 0xe932, 0xe932, 0xe932, 0xe932, 0xe152, 0xf151, 0xecf7, 0xecb7, 0xecb7, 0xecb7, 0xecd6, 
	0xff18, 0xf6f7, 0xf6f7, 0xf6f7, 0xf717, 0xe4d6, 0xecd7, 0xecd7, 0xecd7, 0xecb7, 0xecb7, 0xecb7, 0xecb7, 0xecb7, 0xecb7, 0xf3d7, 
	0xe151, 0xe932, 0xe932, 0xe932, 0xe932, 0xe932, 0xe932, 0xe932, 0xe932, 0xe932, 0xe932, 0xe932, 0xe932, 0xe932, 0xe932, 0xe932, 
	0xe932, 0xe932, 0xe932, 0xd931, 0xecd7, 0xecd7, 0xecd7, 0xecd7, 0xecf7, 0xfed8, 0xf6f8, 0xf717, 0xf717, 0xf6f7, 0x7bac, 0x20e4, 
	0x20e4, 0x20e4, 0x20e4, 0x2945, 0x0000, 0x0000, 0x0000, 0x0000, 0x0000, 0x0000, 0x0000, 0x0000, 0x0000, 0x0000, 0x0000, 0x0000, 
	0x0000, 0x0000, 0x0000, 0x0000, 0x0000, 0x0000, 0x0000, 0x0000, 0x0000, 0x0000, 0x0000, 0x0000, 0x0000, 0x0000, 0x0000, 0x0000, 
	0x0000, 0x0000, 0x0000, 0x0000, 0x0000, 0x0000, 0x0000, 0x0000, 0x0000, 0x0000, 0x0000, 0x0000, 0x0000, 0x0000, 0x0000, 0x0000, 
	0x0000, 0x0000, 0x0000, 0x0000, 0x0000, 0x0000, 0x0000, 0x0000, 0x0000, 0x0000, 0x0000, 0x0000, 0x0000, 0x0000, 0x0000, 0x0000, 
	0x0000, 0x7bef, 0x20e4, 0x20e4, 0x20e4, 0x2103, 0x20c3, 0xf717, 0xf717, 0xf6f7, 0xf6f7, 0xf6d7, 0xecd7, 0xecd7, 0xecb7, 0xecb7, 
	0xe4d6, 0xe932, 0xe932, 0xe932, 0xe932, 0xe932, 0xe932, 0xe932, 0xe932, 0xe932, 0xe932, 0xe932, 0xe932, 0xe932, 0xe932, 0xe932, 
	0xe932, 0xe932, 0xe932, 0xe932, 0xe932, 0xe932, 0xe932, 0xe932, 0xe932, 0xe152, 0xf151, 0xecf7, 0xecb7, 0xecb7, 0xecb7, 0xecd6, 
	0xff18, 0xf6f7, 0xf6f7, 0xf6f7, 0xf717, 0xe4d6, 0xecd7, 0xecd7, 0xecd7, 0xecb7, 0xecb7, 0xecb7, 0xecb7, 0xecb7, 0xecb7, 0xf3d7, 
	0xe151, 0xe932, 0xe932, 0xe932, 0xe932, 0xe932, 0xe932, 0xe932, 0xe932, 0xe932, 0xe932, 0xe932, 0xe932, 0xe932, 0xe932, 0xe932, 
	0xe932, 0xe932, 0xe932, 0xd931, 0xecd7, 0xecd7, 0xecd7, 0xecd7, 0xecf7, 0xfed8, 0xf6f8, 0xf717, 0xf717, 0xf6f7, 0x7bac, 0x20e4, 
	0x20e4, 0x20e4, 0x20e4, 0x2945, 0x0000, 0x0000, 0x0000, 0x0000, 0x0000, 0x0000, 0x0000, 0x0000, 0x0000, 0x0000, 0x0000, 0x0000, 
	0x0000, 0x0000, 0x0000, 0x0000, 0x0000, 0x0000, 0x0000, 0x0000, 0x0000, 0x0000, 0x0000, 0x0000, 0x0000, 0x0000, 0x0000, 0x0000, 
	0x0000, 0x0000, 0x0000, 0x0000, 0x0000, 0x0000, 0x0000, 0x0000, 0x0000, 0x0000, 0x0000, 0x0000, 0x0000, 0x0000, 0x0000, 0x0000, 
	0x0000, 0x0000, 0x0000, 0x0000, 0x0000, 0x0000, 0x0000, 0x0000, 0x0000, 0x0000, 0x0000, 0x0000, 0x0000, 0x0000, 0x0000, 0x0000, 
	0x0000, 0x7bef, 0x20e4, 0x20e4, 0x20e4, 0x2103, 0x20c3, 0xf717, 0xf717, 0xf6f7, 0xf716, 0xf6d8, 0xecd6, 0xecd7, 0xecd7, 0xecb7, 
	0xecb6, 0xe132, 0xe932, 0xe932, 0xf132, 0xe932, 0xf112, 0xe932, 0xe932, 0xe932, 0xe932, 0xe932, 0xe932, 0xe932, 0xe932, 0xe932, 
	0xf111, 0xe932, 0xe932, 0xe932, 0xe932, 0xe932, 0xe932, 0xe932, 0xe932, 0xe932, 0xe951, 0xf4d7, 0xecd7, 0xecd7, 0xecd6, 0xecd6, 
	0xfed7, 0xf6f7, 0xf6f7, 0xf717, 0xf6f7, 0xdcf4, 0xecd7, 0xecd7, 0xecb7, 0xecd7, 0xecd7, 0xecd7, 0xecd7, 0xecd7, 0xecb6, 0xfbb7, 
	0xe952, 0xe932, 0xe932, 0xf131, 0xe951, 0xe951, 0xe932, 0xe932, 0xe932, 0xe932, 0xe932, 0xe932, 0xe932, 0xe932, 0xe932, 0xe931, 
	0xe932, 0xe932, 0xe932, 0xe132, 0xf497, 0xf4b7, 0xecd7, 0xecd7, 0xe4f6, 0xfed8, 0xf6f8, 0xf717, 0xf717, 0xf6f7, 0x7bac, 0x20e4, 
	0x20e4, 0x20e4, 0x20e4, 0x2945, 0x0000, 0x0000, 0x0000, 0x0000, 0x0000, 0x0000, 0x0000, 0x0000, 0x0000, 0x0000, 0x0000, 0x0000, 
	0x0000, 0x0000, 0x0000, 0x0000, 0x0000, 0x0000, 0x0000, 0x0000, 0x0000, 0x0000, 0x0000, 0x0000, 0x0000, 0x0000, 0x0000, 0x0000, 
	0x0000, 0x0000, 0x0000, 0x0000, 0x0000, 0x0000, 0x0000, 0x0000, 0x0000, 0x0000, 0x0000, 0x0000, 0x0000, 0x0000, 0x0000, 0x0000, 
	0x0000, 0x0000, 0x0000, 0x0000, 0x0000, 0x0000, 0x0000, 0x0000, 0x0000, 0x0000, 0x0000, 0x0000, 0x0000, 0x0000, 0x0000, 0x0000, 
	0x0000, 0x7bef, 0x20e4, 0x20e4, 0x20e4, 0x2103, 0x20c3, 0xf717, 0xf717, 0xf6f7, 0xfef7, 0xef17, 0xff17, 0xf717, 0xf717, 0xff17, 
	0xf717, 0xf4b7, 0xecd6, 0xecd6, 0xe4d7, 0xecd6, 0xd991, 0xe932, 0xe932, 0xe932, 0xe932, 0xe932, 0xe932, 0xe932, 0xe932, 0xf112, 
	0xfbd7, 0xecd6, 0xecd6, 0xecd6, 0xecd6, 0xecd6, 0xecd6, 0xecd6, 0xecd7, 0xecf6, 0xf4f6, 0xf717, 0xf717, 0xf717, 0xff18, 0xf738, 
	0xf717, 0xf6f7, 0xf6f7, 0xf6f7, 0xf6f7, 0xff18, 0xff17, 0xff17, 0xff17, 0xf717, 0xf717, 0xf717, 0xf717, 0xf717, 0xf737, 0xfe58, 
	0xecb6, 0xecd6, 0xecd6, 0xecd6, 0xfc99, 0xf132, 0xe932, 0xe932, 0xe932, 0xe932, 0xe932, 0xe932, 0xe932, 0xe932, 0xe931, 0xecd8, 
	0xe517, 0xe517, 0xe4f6, 0xf4b7, 0xf718, 0xff18, 0xf717, 0xf717, 0xf6d7, 0xf6f7, 0xf718, 0xf717, 0xf717, 0xf6f7, 0x7bac, 0x20e4, 
	0x20e4, 0x20e4, 0x20e4, 0x2945, 0x0000, 0x0000, 0x0000, 0x0000, 0x0000, 0x0000, 0x0000, 0x0000, 0x0000, 0x0000, 0x0000, 0x0000, 
	0x0000, 0x0000, 0x0000, 0x0000, 0x0000, 0x0000, 0x0000, 0x0000, 0x0000, 0x0000, 0x0000, 0x0000, 0x0000, 0x0000, 0x0000, 0x0000, 
	0x0000, 0x0000, 0x0000, 0x0000, 0x0000, 0x0000, 0x0000, 0x0000, 0x0000, 0x0000, 0x0000, 0x0000, 0x0000, 0x0000, 0x0000, 0x0000, 
	0x0000, 0x0000, 0x0000, 0x0000, 0x0000, 0x0000, 0x0000, 0x0000, 0x0000, 0x0000, 0x0000, 0x0000, 0x0000, 0x0000, 0x0000, 0x0000, 
	0x0000, 0x7bef, 0x20e4, 0x20e4, 0x20e4, 0x2103, 0x20c3, 0xf717, 0xf717, 0xf6f7, 0xf717, 0xf717, 0xf717, 0xf717, 0xf717, 0xf717, 
	0xf717, 0xecb7, 0xecb7, 0xecb7, 0xecd6, 0xecd6, 0xe150, 0xe932, 0xe932, 0xe932, 0xe932, 0xe932, 0xe932, 0xe932, 0xe932, 0xe152, 
	0xf3f6, 0xecd7, 0xecd7, 0xecd7, 0xecb7, 0xecb7, 0xecb7, 0xecb7, 0xecb7, 0xecd7, 0xe4d5, 0xf718, 0xf717, 0xf717, 0xf717, 0xf717, 
	0xf717, 0xf717, 0xf717, 0xf717, 0xf717, 0xf717, 0xf717, 0xf717, 0xf717, 0xf717, 0xf717, 0xf717, 0xf717, 0xf717, 0xf717, 0xfe58, 
	0xecd6, 0xecb7, 0xecb7, 0xecd7, 0xfcb8, 0xe952, 0xe932, 0xe932, 0xe932, 0xe932, 0xe932, 0xe932, 0xe932, 0xe932, 0xe932, 0xe4d6, 
	0xecd7, 0xecd7, 0xecd7, 0xecb6, 0xf6f7, 0xf6f7, 0xf717, 0xf717, 0xf717, 0xf717, 0xf717, 0xf717, 0xf717, 0xf6f7, 0x7bac, 0x20e4, 
	0x20e4, 0x20e4, 0x20e4, 0x2945, 0x0000, 0x0000, 0x0000, 0x0000, 0x0000, 0x0000, 0x0000, 0x0000, 0x0000, 0x0000, 0x0000, 0x0000, 
	0x0000, 0x0000, 0x0000, 0x0000, 0x0000, 0x0000, 0x0000, 0x0000, 0x0000, 0x0000, 0x0000, 0x0000, 0x0000, 0x0000, 0x0000, 0x0000, 
	0x0000, 0x0000, 0x0000, 0x0000, 0x0000, 0x0000, 0x0000, 0x0000, 0x0000, 0x0000, 0x0000, 0x0000, 0x0000, 0x0000, 0x0000, 0x0000, 
	0x0000, 0x0000, 0x0000, 0x0000, 0x0000, 0x0000, 0x0000, 0x0000, 0x0000, 0x0000, 0x0000, 0x0000, 0x0000, 0x0000, 0x0000, 0x0000, 
	0x0000, 0x7bef, 0x20e4, 0x20e4, 0x20e4, 0x2103, 0x20c3, 0xf717, 0xf717, 0xf6f7, 0xf717, 0xf717, 0xf717, 0xf717, 0xf717, 0xf717, 
	0xeef7, 0xecd7, 0xecb7, 0xecb7, 0xecd6, 0xecd6, 0xe150, 0xe932, 0xe932, 0xe932, 0xe932, 0xe932, 0xe932, 0xe932, 0xe932, 0xe152, 
	0xf3f6, 0xecd7, 0xecd7, 0xecd7, 0xecb7, 0xecb7, 0xecb7, 0xecb7, 0xecb7, 0xecd7, 0xe4d5, 0xf718, 0xf717, 0xf717, 0xf717, 0xf717, 
	0xf717, 0xf717, 0xf717, 0xf717, 0xf717, 0xf717, 0xf717, 0xf717, 0xf717, 0xf717, 0xf717, 0xf717, 0xf717, 0xf717, 0xf717, 0xfe58, 
	0xecd6, 0xecb7, 0xecb7, 0xecd7, 0xfcb8, 0xe952, 0xe932, 0xe932, 0xe932, 0xe932, 0xe932, 0xe932, 0xe932, 0xe932, 0xe932, 0xe4d6, 
	0xecd7, 0xecd7, 0xecd7, 0xecb6, 0xf6f7, 0xf6f7, 0xf717, 0xf717, 0xf717, 0xf717, 0xf717, 0xf717, 0xf717, 0xf6f7, 0x7bac, 0x20e4, 
	0x20e4, 0x20e4, 0x20e4, 0x2945, 0x0000, 0x0000, 0x0000, 0x0000, 0x0000, 0x0000, 0x0000, 0x0000, 0x0000, 0x0000, 0x0000, 0x0000, 
	0x0000, 0x0000, 0x0000, 0x0000, 0x0000, 0x0000, 0x0000, 0x0000, 0x0000, 0x0000, 0x0000, 0x0000, 0x0000, 0x0000, 0x0000, 0x0000, 
	0x0000, 0x0000, 0x0000, 0x0000, 0x0000, 0x0000, 0x0000, 0x0000, 0x0000, 0x0000, 0x0000, 0x0000, 0x0000, 0x0000, 0x0000, 0x0000, 
	0x0000, 0x0000, 0x0000, 0x0000, 0x0000, 0x0000, 0x0000, 0x0000, 0x0000, 0x0000, 0x0000, 0x0000, 0x0000, 0x0000, 0x0000, 0x0000, 
	0x0000, 0x7bef, 0x20e4, 0x20e4, 0x20e4, 0x2103, 0x20c3, 0xf717, 0xf717, 0xf6f7, 0xf717, 0xf717, 0xf717, 0xf717, 0xf717, 0xf717, 
	0xf6f8, 0xecb6, 0xf4b7, 0xf4b7, 0xf4b7, 0xecd7, 0xd971, 0xe152, 0xe932, 0xe932, 0xf112, 0xe932, 0xe932, 0xe932, 0xe932, 0xe932, 
	0xfbb6, 0xecd7, 0xecd7, 0xecd7, 0xf4b7, 0xf4b7, 0xf4b7, 0xf4b7, 0xf4b7, 0xecd7, 0xe4f6, 0xfef7, 0xf717, 0xf717, 0xf717, 0xf717, 
	0xf717, 0xf717, 0xf717, 0xf717, 0xf717, 0xf717, 0xf717, 0xf717, 0xf717, 0xf717, 0xf717, 0xf717, 0xf717, 0xf717, 0xf716, 0xfe58, 
	0xf4b7, 0xf4b7, 0xf4b7, 0xf4b7, 0xfc79, 0xf132, 0xe152, 0xe152, 0xe932, 0xf112, 0xe932, 0xe932, 0xe932, 0xe932, 0xf132, 0xe4d6, 
	0xecd7, 0xecd7, 0xecd7, 0xecb6, 0xfed8, 0xf716, 0xf717, 0xf717, 0xf717, 0xf717, 0xf717, 0xf717, 0xf717, 0xf6f7, 0x7bac, 0x20e4, 
	0x20e4, 0x20e4, 0x20e4, 0x2945, 0x0000, 0x0000, 0x0000, 0x0000, 0x0000, 0x0000, 0x0000, 0x0000, 0x0000, 0x0000, 0x0000, 0x0000, 
	0x0000, 0x0000, 0x0000, 0x0000, 0x0000, 0x0000, 0x0000, 0x0000, 0x0000, 0x0000, 0x0000, 0x0000, 0x0000, 0x0000, 0x0000, 0x0000, 
	0x0000, 0x0000, 0x0000, 0x0000, 0x0000, 0x0000, 0x0000, 0x0000, 0x0000, 0x0000, 0x0000, 0x0000, 0x0000, 0x0000, 0x0000, 0x0000, 
	0x0000, 0x0000, 0x0000, 0x0000, 0x0000, 0x0000, 0x0000, 0x0000, 0x0000, 0x0000, 0x0000, 0x0000, 0x0000, 0x0000, 0x0000, 0x0000, 
	0x0000, 0x7bef, 0x20e4, 0x20e4, 0x20e4, 0x2103, 0x20c3, 0xf717, 0xf717, 0xf6f7, 0xf717, 0xf717, 0xf717, 0xf717, 0xf717, 0xf717, 
	0xff18, 0xf6d7, 0xf6f7, 0xf6f7, 0xf6f7, 0xef17, 0xecd6, 0xecb6, 0xecb6, 0xe4d6, 0xe4b6, 0xc98f, 0xe932, 0xe932, 0xe932, 0xe932, 
	0xfd18, 0xf6f7, 0xf6f7, 0xf6f7, 0xf6f7, 0xf6f7, 0xf6f7, 0xf6f7, 0xf6f7, 0xf6f8, 0xf6f8, 0xeef7, 0xf717, 0xf717, 0xf717, 0xf717, 
	0xf717, 0xf717, 0xf717, 0xf717, 0xf717, 0xf717, 0xf717, 0xf717, 0xf717, 0xf717, 0xf717, 0xf717, 0xf717, 0xf717, 0xf717, 0xf6f7, 
	0xf738, 0xf6f7, 0xf6f7, 0xef17, 0xfed9, 0xf4d7, 0xecb6, 0xecb6, 0xecb6, 0xf457, 0xf132, 0xe932, 0xe932, 0xe932, 0xe172, 0xeef8, 
	0xf6f7, 0xf6f7, 0xf6f7, 0xf6f8, 0xf717, 0xef17, 0xf717, 0xf717, 0xf717, 0xf717, 0xf717, 0xf717, 0xf717, 0xf6f7, 0x7bac, 0x20e4, 
	0x20e4, 0x20e4, 0x20e4, 0x2945, 0x0000, 0x0000, 0x0000, 0x0000, 0x0000, 0x0000, 0x0000, 0x0000, 0x0000, 0x0000, 0x0000, 0x0000, 
	0x0000, 0x0000, 0x0000, 0x0000, 0x0000, 0x0000, 0x0000, 0x0000, 0x0000, 0x0000, 0x0000, 0x0000, 0x0000, 0x0000, 0x0000, 0x0000, 
	0x0000, 0x0000, 0x0000, 0x0000, 0x0000, 0x0000, 0x0000, 0x0000, 0x0000, 0x0000, 0x0000, 0x0000, 0x0000, 0x0000, 0x0000, 0x0000, 
	0x0000, 0x0000, 0x0000, 0x0000, 0x0000, 0x0000, 0x0000, 0x0000, 0x0000, 0x0000, 0x0000, 0x0000, 0x0000, 0x0000, 0x0000, 0x0000, 
	0x0000, 0x7bef, 0x20e4, 0x20e4, 0x20e4, 0x2103, 0x20c3, 0xf717, 0xf717, 0xf6f7, 0xf717, 0xf717, 0xf717, 0xf717, 0xf717, 0xf717, 
	0xf717, 0xf717, 0xf717, 0xf717, 0xf716, 0xf717, 0xe4f6, 0xecb7, 0xecb7, 0xf497, 0xf4b6, 0xd150, 0xe932, 0xe932, 0xe932, 0xe152, 
	0xfd38, 0xf717, 0xf717, 0xf717, 0xf717, 0xf717, 0xf717, 0xf717, 0xf717, 0xf717, 0xf717, 0xf717, 0xf717, 0xf717, 0xf717, 0xf717, 
	0xf717, 0xf717, 0xf717, 0xf717, 0xf717, 0xf717, 0xf717, 0xf717, 0xf717, 0xf717, 0xf717, 0xf717, 0xf717, 0xf717, 0xf717, 0xf717, 
	0xf717, 0xf717, 0xf717, 0xf717, 0xfed9, 0xf4d7, 0xecb7, 0xecb7, 0xecd7, 0xecb7, 0xe952, 0xe932, 0xe932, 0xe932, 0xe973, 0xef17, 
	0xf717, 0xf717, 0xf717, 0xf717, 0xf717, 0xf717, 0xf717, 0xf717, 0xf717, 0xf717, 0xf717, 0xf717, 0xf717, 0xf6f7, 0x7bac, 0x20e4, 
	0x20e4, 0x20e4, 0x20e4, 0x2945, 0x0000, 0x0000, 0x0000, 0x0000, 0x0000, 0x0000, 0x0000, 0x0000, 0x0000, 0x0000, 0x0000, 0x0000, 
	0x0000, 0x0000, 0x0000, 0x0000, 0x0000, 0x0000, 0x0000, 0x0000, 0x0000, 0x0000, 0x0000, 0x0000, 0x0000, 0x0000, 0x0000, 0x0000, 
	0x0000, 0x0000, 0x0000, 0x0000, 0x0000, 0x0000, 0x0000, 0x0000, 0x0000, 0x0000, 0x0000, 0x0000, 0x0000, 0x0000, 0x0000, 0x0000, 
	0x0000, 0x0000, 0x0000, 0x0000, 0x0000, 0x0000, 0x0000, 0x0000, 0x0000, 0x0000, 0x0000, 0x0000, 0x0000, 0x0000, 0x0000, 0x0000, 
	0x0000, 0x7bef, 0x20e4, 0x20e4, 0x20e4, 0x2103, 0x20c3, 0xf717, 0xf717, 0xf6f7, 0xf717, 0xf717, 0xf717, 0xf717, 0xf717, 0xf717, 
	0xf717, 0xf717, 0xf717, 0xf717, 0xf716, 0xf717, 0xe4f6, 0xecb7, 0xecb7, 0xf497, 0xf4b6, 0xd150, 0xe932, 0xe932, 0xe932, 0xe152, 
	0xfd38, 0xf717, 0xf717, 0xf717, 0xf717, 0xf717, 0xf717, 0xf717, 0xf717, 0xf717, 0xf717, 0xf717, 0xf717, 0xf717, 0xf717, 0xf717, 
	0xf717, 0xf717, 0xf717, 0xf717, 0xf717, 0xf717, 0xf717, 0xf717, 0xf717, 0xf717, 0xf717, 0xf717, 0xf717, 0xf717, 0xf717, 0xf717, 
	0xf717, 0xf717, 0xf717, 0xf717, 0xfeb9, 0xf4d7, 0xecb7, 0xecb7, 0xecd7, 0xecb7, 0xe952, 0xe932, 0xe932, 0xe932, 0xe973, 0xef17, 
	0xf717, 0xf717, 0xf717, 0xf717, 0xf717, 0xf717, 0xf717, 0xf717, 0xf717, 0xf717, 0xf717, 0xf717, 0xf717, 0xf6f7, 0x7bac, 0x20e4, 
	0x20e4, 0x20e4, 0x20e4, 0x2945, 0x0000, 0x0000, 0x0000, 0x0000, 0x0000, 0x0000, 0x0000, 0x0000, 0x0000, 0x0000, 0x0000, 0x0000, 
	0x0000, 0x0000, 0x0000, 0x0000, 0x0000, 0x0000, 0x0000, 0x0000, 0x0000, 0x0000, 0x0000, 0x0000, 0x0000, 0x0000, 0x0000, 0x0000, 
	0x0000, 0x0000, 0x0000, 0x0000, 0x0000, 0x0000, 0x0000, 0x0000, 0x0000, 0x0000, 0x0000, 0x0000, 0x0000, 0x0000, 0x0000, 0x0000, 
	0x0000, 0x0000, 0x0000, 0x0000, 0x0000, 0x0000, 0x0000, 0x0000, 0x0000, 0x0000, 0x0000, 0x0000, 0x0000, 0x0000, 0x0000, 0x0000, 
	0x0000, 0x7bef, 0x20e4, 0x20e4, 0x20e3, 0x2104, 0x28e2, 0xf738, 0xf738, 0xf738, 0xf737, 0xf737, 0xf737, 0xf737, 0xf737, 0xf737, 
	0xf737, 0xf737, 0xf737, 0xf737, 0xf718, 0xef37, 0xed17, 0xecd7, 0xecd7, 0xf4b7, 0xecf6, 0xc990, 0xe931, 0xe931, 0xe931, 0xf112, 
	0xfd18, 0xf717, 0xf717, 0xf717, 0xf737, 0xf737, 0xf737, 0xf737, 0xf737, 0xf737, 0xf737, 0xf737, 0xf737, 0xf737, 0xf737, 0xf737, 
	0xf737, 0xf737, 0xf737, 0xf737, 0xf737, 0xf737, 0xf737, 0xf737, 0xf737, 0xf737, 0xf737, 0xf737, 0xf737, 0xf737, 0xf737, 0xf737, 
	0xf737, 0xf737, 0xf737, 0xf737, 0xfeb9, 0xecd7, 0xecd7, 0xecd7, 0xf4b5, 0xf476, 0xe932, 0xe931, 0xe931, 0xe931, 0xe953, 0xf737, 
	0xf737, 0xf737, 0xf737, 0xf737, 0xf737, 0xf737, 0xf737, 0xf737, 0xf737, 0xf737, 0xf737, 0xf737, 0xf737, 0xef16, 0x83ad, 0x20e4, 
	0x20e4, 0x20e4, 0x20e4, 0x2945, 0x0000, 0x0000, 0x0000, 0x0000, 0x0000, 0x0000, 0x0000, 0x0000, 0x0000, 0x0000, 0x0000, 0x0000, 
	0x0000, 0x0000, 0x0000, 0x0000, 0x0000, 0x0000, 0x0000, 0x0000, 0x0000, 0x0000, 0x0000, 0x0000, 0x0000, 0x0000, 0x0000, 0x0000, 
	0x0000, 0x0000, 0x0000, 0x0000, 0x0000, 0x0000, 0x0000, 0x0000, 0x0000, 0x0000, 0x0000, 0x0000, 0x0000, 0x0000, 0x0000, 0x0000, 
	0x0000, 0x0000, 0x0000, 0x0000, 0x0000, 0x0000, 0x0000, 0x18c3, 0x18c3, 0x18c3, 0x18c3, 0x18c3, 0x18c3, 0x18c3, 0x18c3, 0x18c3, 
	0x18c3, 0x2104, 0x20e4, 0x20e4, 0x20e4, 0x20e4, 0x18c2, 0x18e2, 0x18e2, 0x18e2, 0x18e2, 0x18e2, 0x18e2, 0x18e2, 0x18e2, 0x18e2, 
	0x18e2, 0x18e2, 0x18e2, 0x18e2, 0x20c3, 0x18e2, 0x28a3, 0x2083, 0x2083, 0x20a3, 0x18a3, 0x28c5, 0x28c4, 0x28c4, 0x28c4, 0x28a4, 
	0x18c3, 0x20c2, 0x20c2, 0x20c2, 0x18e2, 0x18e2, 0x18e2, 0x18e2, 0x18e2, 0x18e2, 0x18e2, 0x18e2, 0x18e2, 0x18e2, 0x18e2, 0x18e2, 
	0x18e2, 0x18e2, 0x18e2, 0x18e2, 0x18e2, 0x18e2, 0x18e2, 0x18e2, 0x18e2, 0x18e2, 0x18e2, 0x18e2, 0x18e2, 0x18e2, 0x18e2, 0x18e2, 
	0x18e2, 0x18e2, 0x18e2, 0x20e2, 0x20c2, 0x28a3, 0x2083, 0x20a3, 0x18c2, 0x18c3, 0x28c4, 0x28c4, 0x28c4, 0x28c4, 0x3884, 0x18e2, 
	0x18e2, 0x18e2, 0x18e2, 0x18e2, 0x18e2, 0x18e2, 0x18e2, 0x18e2, 0x18e2, 0x18e2, 0x18e2, 0x18e2, 0x18e2, 0x20e2, 0x20c2, 0x20e4, 
	0x20e4, 0x20e4, 0x20e4, 0x20e4, 0x18c3, 0x18c3, 0x18c3, 0x18c3, 0x1082, 0x0000, 0x0000, 0x0000, 0x0000, 0x0000, 0x0000, 0x0000, 
	0x0000, 0x0000, 0x0000, 0x0000, 0x0000, 0x0000, 0x0000, 0x0000, 0x0000, 0x0000, 0x0000, 0x0000, 0x0000, 0x0000, 0x0000, 0x0000, 
	0x0000, 0x0000, 0x0000, 0x0000, 0x0000, 0x0000, 0x0000, 0x0000, 0x0000, 0x0000, 0x0000, 0x0000, 0x0000, 0x0000, 0x0000, 0x0000, 
	0x0000, 0x0000, 0x0000, 0x0000, 0x0000, 0x0000, 0x0000, 0x10a2, 0x20e4, 0x20e4, 0x20e4, 0x20e4, 0x20e4, 0x20e4, 0x20e4, 0x20e4, 
	0x20e4, 0x20e4, 0x20e4, 0x20e4, 0x20e4, 0x20e4, 0x20e4, 0x20e4, 0x20e4, 0x20e4, 0x20e4, 0x20e4, 0x20e4, 0x20e4, 0x20e4, 0x20e4, 
	0x20e4, 0x20e4, 0x20e4, 0x20e4, 0x20e4, 0x20e4, 0x20e4, 0x20e4, 0x20e4, 0x20e4, 0x20e4, 0x20e4, 0x20e4, 0x20e4, 0x20e4, 0x20e4, 
	0x20e4, 0x20e4, 0x20e4, 0x20e4, 0x20e4, 0x20e4, 0x20e4, 0x20e4, 0x20e4, 0x20e4, 0x20e4, 0x20e4, 0x20e4, 0x20e4, 0x20e4, 0x20e4, 
	0x20e4, 0x20e4, 0x20e4, 0x20e4, 0x20e4, 0x20e4, 0x20e4, 0x20e4, 0x20e4, 0x20e4, 0x20e4, 0x20e4, 0x20e4, 0x20e4, 0x20e4, 0x20e4, 
	0x20e4, 0x20e4, 0x20e4, 0x20e4, 0x20e4, 0x20e4, 0x20e4, 0x20e4, 0x20e4, 0x20e4, 0x20e4, 0x20e4, 0x20e4, 0x20e4, 0x20e4, 0x20e4, 
	0x20e4, 0x20e4, 0x20e4, 0x20e4, 0x20e4, 0x20e4, 0x20e4, 0x20e4, 0x20e4, 0x20e4, 0x20e4, 0x20e4, 0x20e4, 0x20e4, 0x20e4, 0x20e4, 
	0x20e4, 0x20e4, 0x20e4, 0x20e4, 0x20e4, 0x20e4, 0x20e4, 0x20e4, 0x1082, 0x0000, 0x0000, 0x0000, 0x0000, 0x0000, 0x0000, 0x0000, 
	0x0000, 0x0000, 0x0000, 0x0000, 0x0000, 0x0000, 0x0000, 0x0000, 0x0000, 0x0000, 0x0000, 0x0000, 0x0000, 0x0000, 0x0000, 0x0000, 
	0x0000, 0x0000, 0x0000, 0x0000, 0x0000, 0x0000, 0x0000, 0x0000, 0x0000, 0x0000, 0x0000, 0x0000, 0x0000, 0x0000, 0x0000, 0x0000, 
	0x0000, 0x0000, 0x0000, 0x0000, 0x0000, 0x0000, 0x0000, 0x10a2, 0x20e4, 0x20e4, 0x20e4, 0x20e4, 0x20e4, 0x20e4, 0x20e4, 0x20e4, 
	0x20e4, 0x20e4, 0x20e4, 0x20e4, 0x20e4, 0x20e4, 0x20e4, 0x20e4, 0x20e4, 0x20e4, 0x20e4, 0x20e4, 0x20e4, 0x20e4, 0x20e4, 0x20e4, 
	0x20e4, 0x20e4, 0x20e4, 0x20e4, 0x20e4, 0x20e4, 0x20e4, 0x20e4, 0x20e4, 0x20e4, 0x20e4, 0x20e4, 0x20e4, 0x20e4, 0x20e4, 0x20e4, 
	0x20e4, 0x20e4, 0x20e4, 0x20e4, 0x20e4, 0x20e4, 0x20e4, 0x20e4, 0x20e4, 0x20e4, 0x20e4, 0x20e4, 0x20e4, 0x20e4, 0x20e4, 0x20e4, 
	0x20e4, 0x20e4, 0x20e4, 0x20e4, 0x20e4, 0x20e4, 0x20e4, 0x20e4, 0x20e4, 0x20e4, 0x20e4, 0x20e4, 0x20e4, 0x20e4, 0x20e4, 0x20e4, 
	0x20e4, 0x20e4, 0x20e4, 0x20e4, 0x20e4, 0x20e4, 0x20e4, 0x20e4, 0x20e4, 0x20e4, 0x20e4, 0x20e4, 0x20e4, 0x20e4, 0x20e4, 0x20e4, 
	0x20e4, 0x20e4, 0x20e4, 0x20e4, 0x20e4, 0x20e4, 0x20e4, 0x20e4, 0x20e4, 0x20e4, 0x20e4, 0x20e4, 0x20e4, 0x20e4, 0x20e4, 0x20e4, 
	0x20e4, 0x20e4, 0x20e4, 0x20e4, 0x20e4, 0x20e4, 0x20e4, 0x20e4, 0x1082, 0x0000, 0x0000, 0x0000, 0x0000, 0x0000, 0x0000, 0x0000, 
	0x0000, 0x0000, 0x0000, 0x0000, 0x0000, 0x0000, 0x0000, 0x0000, 0x0000, 0x0000, 0x0000, 0x0000, 0x0000, 0x0000, 0x0000, 0x0000, 
	0x0000, 0x0000, 0x0000, 0x0000, 0x0000, 0x0000, 0x0000, 0x0000, 0x0000, 0x0000, 0x0000, 0x0000, 0x0000, 0x0000, 0x0000, 0x0000, 
	0x0000, 0x0000, 0x0000, 0x0000, 0x0000, 0x0000, 0x0000, 0x1081, 0x20e4, 0x20e4, 0x20e4, 0x20e4, 0x20e4, 0x20e4, 0x20e4, 0x20e4, 
	0x20e4, 0x20e4, 0x20e4, 0x20e4, 0x20e4, 0x20e4, 0x20e4, 0x20e4, 0x20e4, 0x20e4, 0x20e4, 0x20e4, 0x20e4, 0x20e4, 0x20e4, 0x20e4, 
	0x20e4, 0x20e4, 0x20e4, 0x20e4, 0x20e4, 0x20e4, 0x20e4, 0x20e4, 0x20e4, 0x20e4, 0x20e4, 0x20e4, 0x20e4, 0x20e4, 0x20e4, 0x20e4, 
	0x20e4, 0x20e4, 0x20e4, 0x20e4, 0x20e4, 0x20e4, 0x20e4, 0x20e4, 0x20e4, 0x20e4, 0x2104, 0x18e4, 0x20e3, 0x20e3, 0x1903, 0x1904, 
	0x2104, 0x20e4, 0x20e4, 0x20e4, 0x20e4, 0x20e4, 0x20e4, 0x20e4, 0x20e4, 0x20e4, 0x20e4, 0x20e4, 0x20e4, 0x20e4, 0x20e4, 0x20e4, 
	0x20e4, 0x20e4, 0x20e4, 0x20e4, 0x20e4, 0x20e4, 0x20e4, 0x20e4, 0x20e4, 0x20e4, 0x20e4, 0x20e4, 0x20e4, 0x20e4, 0x20e4, 0x20e4, 
	0x20e4, 0x20e4, 0x20e4, 0x20e3, 0x20c4, 0x1904, 0x20e3, 0x20e3, 0x1904, 0x2104, 0x28e4, 0x20e4, 0x20e4, 0x20e4, 0x20e4, 0x20e4, 
	0x20e4, 0x20e4, 0x20e4, 0x20e4, 0x20e4, 0x20e4, 0x20e4, 0x20e4, 0x1081, 0x0000, 0x0000, 0x0000, 0x0000, 0x0000, 0x0000, 0x0000, 
	0x0000, 0x0000, 0x0000, 0x0000, 0x0000, 0x0000, 0x0000, 0x0000, 0x0000, 0x0000, 0x0000, 0x0000, 0x0000, 0x0000, 0x0000, 0x0000, 
	0x0000, 0x0000, 0x0000, 0x0000, 0x0000, 0x0000, 0x0000, 0x0000, 0x0000, 0x0000, 0x0000, 0x0000, 0x0000, 0x0000, 0x0000, 0x0000, 
	0x0000, 0x0000, 0x20e4, 0x20e4, 0x20e4, 0x20e4, 0x20e4, 0x60e8, 0x6129, 0x6129, 0x6929, 0x6929, 0x6929, 0x6929, 0x6929, 0x6929, 
	0x6929, 0x6929, 0x6929, 0x6929, 0x6929, 0x6929, 0x6929, 0x6929, 0x6929, 0x6929, 0x6929, 0x6929, 0x6929, 0x6929, 0x6929, 0x6929, 
	0x6929, 0x6929, 0x6929, 0x6929, 0x6929, 0x6929, 0x6929, 0x6929, 0x6929, 0x6929, 0x6929, 0x6929, 0x6929, 0x6929, 0x6929, 0x6929, 
	0x6929, 0x6929, 0x6929, 0x6929, 0x6929, 0x6929, 0x6929, 0x6929, 0x6929, 0x6129, 0x6128, 0x5a49, 0x6209, 0x6209, 0x6209, 0x622a, 
	0x68e9, 0x6929, 0x6929, 0x6929, 0x6929, 0x6929, 0x6929, 0x6929, 0x6929, 0x6929, 0x6929, 0x6929, 0x6929, 0x6929, 0x6929, 0x6929, 
	0x6929, 0x6929, 0x6929, 0x6929, 0x6929, 0x6929, 0x6929, 0x6929, 0x6929, 0x6929, 0x6929, 0x6929, 0x6929, 0x6929, 0x6929, 0x6929, 
	0x6929, 0x6929, 0x6929, 0x6129, 0x5a4a, 0x6249, 0x6209, 0x6209, 0x5a29, 0x6149, 0x6129, 0x6929, 0x6929, 0x6929, 0x6929, 0x6929, 
	0x6929, 0x6929, 0x6929, 0x6929, 0x6929, 0x6929, 0x6929, 0x6109, 0x50a6, 0x0000, 0x0000, 0x0000, 0x0000, 0x0000, 0x0000, 0x0000, 
	0x0000, 0x0000, 0x0000, 0x0000, 0x0000, 0x0000, 0x0000, 0x0000, 0x0000, 0x0000, 0x0000, 0x0000, 0x0000, 0x0000, 0x0000, 0x0000, 
	0x0000, 0x0000, 0x0000, 0x0000, 0x0000, 0x0000, 0x0000, 0x0000, 0x0000, 0x0000, 0x0000, 0x0000, 0x0000, 0x0000, 0x0000, 0x0000, 
	0x0000, 0x0000, 0x20e4, 0x20e4, 0x20e3, 0x20e4, 0x20e4, 0xd9b1, 0xe131, 0xe151, 0xe951, 0xe951, 0xe951, 0xe951, 0xe951, 0xe951, 
	0xe951, 0xe951, 0xe951, 0xe951, 0xe951, 0xe951, 0xe951, 0xe951, 0xe951, 0xe951, 0xe951, 0xe951, 0xe951, 0xe951, 0xe951, 0xe951, 
	0xe951, 0xe951, 0xe951, 0xe951, 0xe951, 0xe951, 0xe951, 0xe951, 0xe951, 0xe951, 0xe951, 0xe951, 0xe951, 0xe951, 0xe951, 0xe951, 
	0xe951, 0xe951, 0xe951, 0xe951, 0xe951, 0xe951, 0xe951, 0xe951, 0xe951, 0xe151, 0xe171, 0xecd6, 0xecd7, 0xecd7, 0xecb7, 0xecb6, 
	0xe912, 0xe151, 0xe151, 0xe151, 0xe951, 0xe951, 0xe951, 0xe951, 0xe951, 0xe951, 0xe951, 0xe951, 0xe951, 0xe951, 0xe951, 0xe951, 
	0xe951, 0xe951, 0xe951, 0xe951, 0xe951, 0xe951, 0xe951, 0xe951, 0xe951, 0xe951, 0xe951, 0xe951, 0xe951, 0xe951, 0xe951, 0xe951, 
	0xe951, 0xe951, 0xe951, 0xe131, 0xecb7, 0xf4b6, 0xecd7, 0xecd7, 0xecb5, 0xd971, 0xd951, 0xe951, 0xe951, 0xe951, 0xe951, 0xe951, 
	0xe951, 0xe951, 0xe951, 0xe951, 0xe951, 0xe951, 0xe951, 0xe951, 0xd9d1, 0x20c3, 0x18e4, 0x20e3, 0x20e3, 0x18e3, 0x0000, 0x0000, 
	0x0000, 0x0000, 0x0000, 0x0000, 0x0000, 0x0000, 0x0000, 0x0000, 0x0000, 0x0000, 0x0000, 0x0000, 0x0000, 0x0000, 0x0000, 0x0000, 
	0x0000, 0x0000, 0x0000, 0x0000, 0x0000, 0x0000, 0x0000, 0x0000, 0x0000, 0x0000, 0x0000, 0x0000, 0x0000, 0x0000, 0x0000, 0x0000, 
	0x0000, 0x0000, 0x20e4, 0x20e4, 0x20e4, 0x20e4, 0x20c3, 0xd1d1, 0xe932, 0xe932, 0xe932, 0xe932, 0xe932, 0xe932, 0xe932, 0xe932, 
	0xe932, 0xe932, 0xe932, 0xe932, 0xe932, 0xe932, 0xe932, 0xe932, 0xe932, 0xe932, 0xe932, 0xe932, 0xe932, 0xe932, 0xe932, 0xe932, 
	0xe932, 0xe932, 0xe932, 0xe932, 0xe932, 0xe932, 0xe932, 0xe932, 0xe932, 0xe932, 0xe932, 0xe932, 0xe932, 0xe932, 0xe932, 0xe932, 
	0xe932, 0xe932, 0xe932, 0xe932, 0xe932, 0xe932, 0xe932, 0xe932, 0xe932, 0xe152, 0xf151, 0xecf7, 0xecd7, 0xecd7, 0xecd7, 0xe4d7, 
	0xe912, 0xe932, 0xe932, 0xe932, 0xe932, 0xe932, 0xe932, 0xe932, 0xe932, 0xe932, 0xe932, 0xe932, 0xe932, 0xe932, 0xe932, 0xe932, 
	0xe932, 0xe932, 0xe932, 0xe932, 0xe932, 0xe932, 0xe932, 0xe932, 0xe932, 0xe932, 0xe932, 0xe932, 0xe932, 0xe932, 0xe932, 0xe932, 
	0xe932, 0xe932, 0xe932, 0xd931, 0xecd7, 0xecd7, 0xecd7, 0xecd7, 0xe4d6, 0xd971, 0xe932, 0xe932, 0xe932, 0xe932, 0xe932, 0xe932, 
	0xe932, 0xe932, 0xe932, 0xe932, 0xe932, 0xe932, 0xe932, 0xe932, 0xd9f1, 0x1904, 0x20e4, 0x20e4, 0x20e4, 0x18e3, 0x0000, 0x0000, 
	0x0000, 0x0000, 0x0000, 0x0000, 0x0000, 0x0000, 0x0000, 0x0000, 0x0000, 0x0000, 0x0000, 0x0000, 0x0000, 0x0000, 0x0000, 0x0000, 
	0x0000, 0x0000, 0x0000, 0x0000, 0x0000, 0x0000, 0x0000, 0x0000, 0x0000, 0x0000, 0x0000, 0x0000, 0x0000, 0x0000, 0x0000, 0x0000, 
	0x0000, 0x0000, 0x20e4, 0x20e4, 0x20e4, 0x20e4, 0x20c3, 0xd1d1, 0xe932, 0xe932, 0xe932, 0xe932, 0xe932, 0xe932, 0xe932, 0xe932, 
	0xe932, 0xe932, 0xe932, 0xe932, 0xe932, 0xe932, 0xe932, 0xe932, 0xe932, 0xe932, 0xe932, 0xe932, 0xe932, 0xe932, 0xe932, 0xe932, 
	0xe932, 0xe932, 0xe932, 0xe932, 0xe932, 0xe932, 0xe932, 0xe932, 0xe932, 0xe932, 0xe932, 0xe932, 0xe932, 0xe932, 0xe932, 0xe932, 
	0xe932, 0xe932, 0xe932, 0xe932, 0xe932, 0xe932, 0xe932, 0xe932, 0xe932, 0xe152, 0xf151, 0xecf7, 0xecd7, 0xecd7, 0xecd7, 0xe4d7, 
	0xe912, 0xe932, 0xe932, 0xe932, 0xe932, 0xe932, 0xe932, 0xe932, 0xe932, 0xe932, 0xe932, 0xe932, 0xe932, 0xe932, 0xe932, 0xe932, 
	0xe932, 0xe932, 0xe932, 0xe932, 0xe932, 0xe932, 0xe932, 0xe932, 0xe932, 0xe932, 0xe932, 0xe932, 0xe932, 0xe932, 0xe932, 0xe932, 
	0xe932, 0xe932, 0xe932, 0xd931, 0xecd7, 0xecd7, 0xecd7, 0xecd7, 0xe4d6, 0xd971, 0xe932, 0xe932, 0xe932, 0xe932, 0xe932, 0xe932, 
	0xe932, 0xe932, 0xe932, 0xe932, 0xe932, 0xe932, 0xe932, 0xe932, 0xd9f1, 0x1904, 0x20e4, 0x20e4, 0x20e4, 0x18e3, 0x0000, 0x0000, 
	0x0000, 0x0000, 0x0000, 0x0000, 0x0000, 0x0000, 0x0000, 0x0000, 0x0000, 0x0000, 0x0000, 0x0000, 0x0000, 0x0000, 0x0000, 0x0000, 
	0x0000, 0x0000, 0x0000, 0x0000, 0x0000, 0x0000, 0x0000, 0x0000, 0x0000, 0x0000, 0x0000, 0x0000, 0x0000, 0x0000, 0x0000, 0x0000, 
	0x0000, 0x0000, 0x20e4, 0x20e4, 0x20e4, 0x20e4, 0x20c3, 0xd1d1, 0xe932, 0xe932, 0xe932, 0xe932, 0xe932, 0xe932, 0xe932, 0xe932, 
	0xe932, 0xe932, 0xe932, 0xe932, 0xe932, 0xe932, 0xd930, 0xd970, 0xd970, 0xd970, 0xd970, 0xd970, 0xd970, 0xd970, 0xd970, 0xd190, 
	0xd1b1, 0xe932, 0xe932, 0xe932, 0xe932, 0xe932, 0xe932, 0xe932, 0xe932, 0xe932, 0xe932, 0xe932, 0xe932, 0xe932, 0xe932, 0xe932, 
	0xe932, 0xe932, 0xe932, 0xe932, 0xe932, 0xe131, 0xd990, 0xd970, 0xd970, 0xd1b1, 0xd1d0, 0xdcd4, 0xdd15, 0xdd15, 0xdd15, 0xd535, 
	0xd1b0, 0xd970, 0xd970, 0xd970, 0xd1b0, 0xe131, 0xe932, 0xe932, 0xe932, 0xe932, 0xe932, 0xe932, 0xe932, 0xe932, 0xe932, 0xe932, 
	0xe932, 0xe932, 0xe932, 0xe932, 0xe932, 0xe932, 0xe932, 0xe932, 0xe932, 0xe932, 0xe932, 0xe932, 0xe932, 0xe932, 0xe951, 0xd190, 
	0xd970, 0xd970, 0xd970, 0xc990, 0xecd5, 0xdcf5, 0xdd15, 0xdd15, 0xdcd4, 0xc1ef, 0xd1b0, 0xd970, 0xd970, 0xd990, 0xd971, 0xe932, 
	0xe932, 0xe932, 0xe932, 0xe932, 0xe932, 0xe932, 0xe932, 0xe932, 0xd9f1, 0x1904, 0x20e4, 0x20e4, 0x20e4, 0x18e3, 0x0000, 0x0000, 
	0x0000, 0x0000, 0x0000, 0x0000, 0x0000, 0x0000, 0x0000, 0x0000, 0x0000, 0x0000, 0x0000, 0x0000, 0x0000, 0x0000, 0x0000, 0x0000, 
	0x0000, 0x0000, 0x0000, 0x0000, 0x0000, 0x0000, 0x0000, 0x0000, 0x0000, 0x0000, 0x0000, 0x0000, 0x0000, 0x0000, 0x0000, 0x0000, 
	0x0000, 0x0000, 0x20e4, 0x20e4, 0x20e4, 0x20e4, 0x20c3, 0xd1d1, 0xe932, 0xe932, 0xe932, 0xe932, 0xe932, 0xe932, 0xe932, 0xe932, 
	0xe932, 0xe932, 0xe932, 0xe932, 0xe931, 0xe152, 0xd990, 0xf4b7, 0xf4b7, 0xf4b7, 0xf4b7, 0xf4b7, 0xf4b7, 0xf4b7, 0xf4b7, 0xecd6, 
	0xe4b7, 0xf111, 0xe932, 0xe932, 0xe932, 0xe932, 0xe932, 0xe932, 0xe932, 0xe932, 0xe932, 0xe932, 0xe932, 0xe932, 0xe932, 0xe932, 
	0xe932, 0xe932, 0xe932, 0xe932, 0xe932, 0xd170, 0xe4f6, 0xf4b7, 0xf4b7, 0xe4d6, 0xecd6, 0xf6d7, 0xf717, 0xf717, 0xef17, 0xef37, 
	0xecb6, 0xecb7, 0xf4b7, 0xf4b6, 0xe4d6, 0xe191, 0xe932, 0xe932, 0xe932, 0xe932, 0xe932, 0xe932, 0xe932, 0xe932, 0xe932, 0xe932, 
	0xe932, 0xe932, 0xe932, 0xe932, 0xe932, 0xe932, 0xe932, 0xe932, 0xe932, 0xe932, 0xe932, 0xe932, 0xe932, 0xe932, 0xe951, 0xe4d6, 
	0xf4b7, 0xf4b7, 0xf4b7, 0xe4d6, 0xfef8, 0xf717, 0xf717, 0xf717, 0xf717, 0xe515, 0xecd7, 0xf4b7, 0xf4b7, 0xe4d5, 0xe2b3, 0xe912, 
	0xe932, 0xe932, 0xe932, 0xe932, 0xe932, 0xe932, 0xe932, 0xe932, 0xd9f1, 0x1904, 0x20e4, 0x20e4, 0x20e4, 0x18e3, 0x0000, 0x0000, 
	0x0000, 0x0000, 0x0000, 0x0000, 0x0000, 0x0000, 0x0000, 0x0000, 0x0000, 0x0000, 0x0000, 0x0000, 0x0000, 0x0000, 0x0000, 0x0000, 
	0x0000, 0x0000, 0x0000, 0x0000, 0x0000, 0x0000, 0x0000, 0x0000, 0x0000, 0x0000, 0x0000, 0x0000, 0x0000, 0x0000, 0x0000, 0x0000, 
	0x0000, 0x0000, 0x20e4, 0x20e4, 0x20e4, 0x20e4, 0x20c3, 0xd1d1, 0xe932, 0xe932, 0xe932, 0xe932, 0xe932, 0xe932, 0xe932, 0xe932, 
	0xe932, 0xe932, 0xe932, 0xe932, 0xe932, 0xe151, 0xd991, 0xecd6, 0xecd6, 0xecb7, 0xecd7, 0xecd7, 0xecd7, 0xecd7, 0xecd7, 0xecb7, 
	0xe4d6, 0xe912, 0xe932, 0xe932, 0xe932, 0xe932, 0xe932, 0xe932, 0xe932, 0xe932, 0xe932, 0xe932, 0xe932, 0xe932, 0xe932, 0xe932, 
	0xe932, 0xe932, 0xe932, 0xe932, 0xe152, 0xd970, 0xecd6, 0xecd7, 0xecd7, 0xecd7, 0xe4d5, 0xf718, 0xf717, 0xf717, 0xf6f7, 0xf6f8, 
	0xecd6, 0xecd7, 0xecd7, 0xecd7, 0xe4f6, 0xe952, 0xe932, 0xe932, 0xe932, 0xe932, 0xe932, 0xe932, 0xe932, 0xe932, 0xe932, 0xe932, 
	0xe932, 0xe932, 0xe932, 0xe932, 0xe932, 0xe932, 0xe932, 0xe932, 0xe932, 0xe932, 0xe932, 0xe932, 0xe932, 0xe932, 0xe932, 0xe4d6, 
	0xecd7, 0xecd7, 0xecd7, 0xecb6, 0xf6f7, 0xf6f7, 0xf717, 0xf717, 0xf717, 0xe4f6, 0xecd6, 0xecd7, 0xecd7, 0xecb7, 0xeab3, 0xe152, 
	0xe932, 0xe932, 0xe932, 0xe932, 0xe932, 0xe932, 0xe932, 0xe932, 0xd9f1, 0x1904, 0x20e4, 0x20e4, 0x20e4, 0x18e3, 0x0000, 0x0000, 
	0x0000, 0x0000, 0x0000, 0x0000, 0x0000, 0x0000, 0x0000, 0x0000, 0x0000, 0x0000, 0x0000, 0x0000, 0x0000, 0x0000, 0x0000, 0x0000, 
	0x0000, 0x0000, 0x0000, 0x0000, 0x0000, 0x0000, 0x0000, 0x0000, 0x0000, 0x0000, 0x0000, 0x0000, 0x0000, 0x0000, 0x0000, 0x0000, 
	0x0000, 0x0000, 0x20e4, 0x20e4, 0x20e4, 0x20e4, 0x20c3, 0xd1d1, 0xe932, 0xe932, 0xe932, 0xe932, 0xe932, 0xe932, 0xe932, 0xe932, 
	0xe932, 0xe932, 0xe932, 0xe932, 0xe932, 0xe151, 0xd971, 0xecd6, 0xecd6, 0xecb7, 0xecd7, 0xecd7, 0xecd7, 0xecd7, 0xecd7, 0xecb7, 
	0xe4d6, 0xe912, 0xe932, 0xe932, 0xe932, 0xe932, 0xe932, 0xe932, 0xe932, 0xe932, 0xe932, 0xe932, 0xe932, 0xe932, 0xe932, 0xe932, 
	0xe932, 0xe932, 0xe932, 0xe932, 0xe152, 0xd970, 0xecd6, 0xecd7, 0xecd7, 0xecd7, 0xe4f6, 0xeef7, 0xf717, 0xf717, 0xf6f7, 0xf6f8, 
	0xecd6, 0xecd7, 0xecd7, 0xecd7, 0xe4f6, 0xe952, 0xe932, 0xe932, 0xe932, 0xe932, 0xe932, 0xe932, 0xe932, 0xe932, 0xe932, 0xe932, 
	0xe932, 0xe932, 0xe932, 0xe932, 0xe932, 0xe932, 0xe932, 0xe932, 0xe932, 0xe932, 0xe932, 0xe932, 0xe932, 0xe932, 0xe932, 0xe4d6, 
	0xecd7, 0xecd7, 0xecd7, 0xecb6, 0xf6f7, 0xf6f7, 0xf717, 0xf717, 0xf717, 0xe4f6, 0xecd6, 0xecd7, 0xecd7, 0xecb7, 0xeab3, 0xe152, 
	0xe932, 0xe932, 0xe932, 0xe932, 0xe932, 0xe932, 0xe932, 0xe932, 0xd9f1, 0x1904, 0x20e4, 0x20e4, 0x20e4, 0x18e3, 0x0000, 0x0000, 
	0x0000, 0x0000, 0x0000, 0x0000, 0x0000, 0x0000, 0x0000, 0x0000, 0x0000, 0x0000, 0x0000, 0x0000, 0x0000, 0x0000, 0x0000, 0x0000, 
	0x0000, 0x0000, 0x0000, 0x0000, 0x0000, 0x0000, 0x0000, 0x0000, 0x0000, 0x0000, 0x0000, 0x0000, 0x0000, 0x0000, 0x0000, 0x0000, 
	0x0000, 0x0000, 0x20e4, 0x20e4, 0x20e4, 0x20e4, 0x20c3, 0xd1d1, 0xe932, 0xe932, 0xe932, 0xe932, 0xe932, 0xe932, 0xe932, 0xe932, 
	0xe931, 0xe171, 0xe151, 0xe151, 0xe151, 0xe151, 0xd1b1, 0xe4f6, 0xe4d6, 0xe4d6, 0xe4f6, 0xe4f6, 0xe4f6, 0xe4f6, 0xe4f6, 0xe4f6, 
	0xecd6, 0xd951, 0xe151, 0xe151, 0xe170, 0xe171, 0xe151, 0xe932, 0xe932, 0xe932, 0xe932, 0xe932, 0xe932, 0xe932, 0xe932, 0xe932, 
	0xe151, 0xe151, 0xe151, 0xe151, 0xe151, 0xc970, 0xe4d5, 0xe4f6, 0xe4f6, 0xe4f6, 0xe4f6, 0xf6d8, 0xf717, 0xf717, 0xf6f7, 0xf717, 
	0xdcf5, 0xe4f6, 0xe4f6, 0xecd6, 0xe4f6, 0xd1b1, 0xe151, 0xe151, 0xe151, 0xe950, 0xe171, 0xe932, 0xe932, 0xe932, 0xe932, 0xe932, 
	0xe932, 0xe932, 0xe932, 0xe932, 0xe932, 0xe932, 0xe932, 0xe932, 0xe932, 0xe151, 0xe951, 0xe151, 0xe151, 0xe151, 0xe172, 0xecf6, 
	0xe4f6, 0xe4f6, 0xe4f6, 0xdcf5, 0xfed8, 0xf716, 0xf6f7, 0xf6f7, 0xf6f6, 0xdcd4, 0xe4d5, 0xe4f6, 0xe4f6, 0xe4d6, 0xdaf3, 0xe152, 
	0xe151, 0xe151, 0xe171, 0xd950, 0xf111, 0xe932, 0xe932, 0xe932, 0xd9f1, 0x1904, 0x20e4, 0x20e4, 0x20e4, 0x18e3, 0x0000, 0x0000, 
	0x0000, 0x0000, 0x0000, 0x0000, 0x0000, 0x0000, 0x0000, 0x0000, 0x0000, 0x0000, 0x0000, 0x0000, 0x0000, 0x0000, 0x0000, 0x0000, 
	0x0000, 0x0000, 0x0000, 0x0000, 0x0000, 0x0000, 0x0000, 0x0000, 0x0000, 0x0000, 0x0000, 0x0000, 0x0000, 0x0000, 0x0000, 0x0000, 
	0x0000, 0x0000, 0x20e4, 0x20e4, 0x20e4, 0x20e4, 0x20c3, 0xd1d1, 0xe932, 0xe932, 0xe932, 0xe932, 0xe932, 0xe932, 0xe932, 0xe932, 
	0xe932, 0xe2d3, 0xe4d7, 0xe4d7, 0xe4d7, 0xe4f6, 0xe515, 0xf717, 0xf717, 0xf717, 0xf717, 0xf717, 0xf717, 0xf717, 0xf717, 0xf717, 
	0xf717, 0xecd7, 0xe4d7, 0xe4d7, 0xe4d7, 0xe4f6, 0xd970, 0xe932, 0xe932, 0xe932, 0xe932, 0xe932, 0xe932, 0xe932, 0xe932, 0xf112, 
	0xfbd7, 0xe4d7, 0xe4d7, 0xe4d7, 0xe4f7, 0xdcf4, 0xef36, 0xf717, 0xf717, 0xf717, 0xf717, 0xf717, 0xf717, 0xf717, 0xf717, 0xf6f7, 
	0xf717, 0xf717, 0xf717, 0xf717, 0xef36, 0xe4d6, 0xe4d7, 0xe4d7, 0xe4d7, 0xdd17, 0xd950, 0xe932, 0xe932, 0xe932, 0xe932, 0xe932, 
	0xe932, 0xe932, 0xe932, 0xe932, 0xe932, 0xe932, 0xe932, 0xe932, 0xe132, 0xd990, 0xe517, 0xe4d7, 0xe4d7, 0xe4d7, 0xecd7, 0xef17, 
	0xf717, 0xf717, 0xf717, 0xf717, 0xf717, 0xf717, 0xf6f7, 0xf6f7, 0xf717, 0xf717, 0xf717, 0xf717, 0xf717, 0xf717, 0xee16, 0xecb7, 
	0xe4d7, 0xe4d7, 0xe4f6, 0xfc59, 0xf112, 0xe932, 0xe932, 0xe932, 0xd9f1, 0x1904, 0x20e4, 0x20e4, 0x20e4, 0x18e3, 0x0000, 0x0000, 
	0x0000, 0x0000, 0x0000, 0x0000, 0x0000, 0x0000, 0x0000, 0x0000, 0x0000, 0x0000, 0x0000, 0x0000, 0x0000, 0x0000, 0x0000, 0x0000, 
	0x0000, 0x0000, 0x0000, 0x0000, 0x0000, 0x0000, 0x0000, 0x0000, 0x0000, 0x0000, 0x0000, 0x0000, 0x0000, 0x0000, 0x0000, 0x0000, 
	0x0000, 0x0000, 0x20e4, 0x20e4, 0x20e4, 0x20e4, 0x20c3, 0xd1d1, 0xe932, 0xe932, 0xe932, 0xe932, 0xe932, 0xe932, 0xe932, 0xe932, 
	0xe152, 0xe2f3, 0xecd7, 0xecd7, 0xecd7, 0xecd6, 0xe4d5, 0xf6f7, 0xf6f7, 0xf6f7, 0xf717, 0xf717, 0xf717, 0xf717, 0xf717, 0xf717, 
	0xeef7, 0xecd7, 0xecb7, 0xecb7, 0xecd6, 0xecd6, 0xe150, 0xe932, 0xe932, 0xe932, 0xe932, 0xe932, 0xe932, 0xe932, 0xe932, 0xe152, 
	0xf3f6, 0xecd7, 0xecd7, 0xecd7, 0xecb7, 0xdcd5, 0xf717, 0xf717, 0xf717, 0xf717, 0xf717, 0xf717, 0xf717, 0xf717, 0xf717, 0xf717, 
	0xf717, 0xf717, 0xf717, 0xf717, 0xf717, 0xe4d6, 0xecd7, 0xecd7, 0xecd7, 0xe4f6, 0xd971, 0xe932, 0xe932, 0xe932, 0xe932, 0xe932, 
	0xe932, 0xe932, 0xe932, 0xe932, 0xe932, 0xe932, 0xe932, 0xe932, 0xe931, 0xe151, 0xf4d6, 0xecd7, 0xecd7, 0xecd7, 0xecd7, 0xf6f7, 
	0xf717, 0xf717, 0xf717, 0xf717, 0xf717, 0xf717, 0xf717, 0xf717, 0xf717, 0xf717, 0xf717, 0xf717, 0xf717, 0xf6f7, 0xedf7, 0xf4b7, 
	0xecb7, 0xecb7, 0xecb6, 0xfc58, 0xe932, 0xe932, 0xe932, 0xe932, 0xd9f1, 0x1904, 0x20e4, 0x20e4, 0x20e4, 0x18e3, 0x0000, 0x0000, 
	0x0000, 0x0000, 0x0000, 0x0000, 0x0000, 0x0000, 0x0000, 0x0000, 0x0000, 0x0000, 0x0000, 0x0000, 0x0000, 0x0000, 0x0000, 0x0000, 
	0x0000, 0x0000, 0x0000, 0x0000, 0x0000, 0x0000, 0x0000, 0x0000, 0x0000, 0x0000, 0x0000, 0x0000, 0x0000, 0x0000, 0x0000, 0x0000, 
	0x0000, 0x0000, 0x20e4, 0x20e4, 0x20e4, 0x20e4, 0x20c3, 0xd1d1, 0xe932, 0xe932, 0xe932, 0xe932, 0xe932, 0xe932, 0xe932, 0xe932, 
	0xe152, 0xe2f3, 0xecd7, 0xecd7, 0xecd7, 0xecd6, 0xe4d5, 0xf6f7, 0xf6f7, 0xf6f7, 0xf717, 0xf717, 0xf717, 0xf717, 0xf717, 0xf717, 
	0xf717, 0xecb7, 0xecb7, 0xecb7, 0xecd6, 0xecd6, 0xe150, 0xe932, 0xe932, 0xe932, 0xe932, 0xe932, 0xe932, 0xe932, 0xe932, 0xe152, 
	0xf3f6, 0xecd7, 0xecd7, 0xecd7, 0xecb7, 0xdcd5, 0xf717, 0xf717, 0xf717, 0xf717, 0xf717, 0xf717, 0xf717, 0xf717, 0xf717, 0xf717, 
	0xf717, 0xf717, 0xf717, 0xf717, 0xf717, 0xe4d6, 0xecd7, 0xecd7, 0xecd7, 0xe4f6, 0xd971, 0xe932, 0xe932, 0xe932, 0xe932, 0xe932, 
	0xe932, 0xe932, 0xe932, 0xe932, 0xe932, 0xe932, 0xe932, 0xe932, 0xe931, 0xe151, 0xf4d6, 0xecd7, 0xecd7, 0xecd7, 0xecd7, 0xf6f7, 
	0xf717, 0xf717, 0xf717, 0xf717, 0xf717, 0xf717, 0xf717, 0xf717, 0xf717, 0xf717, 0xf717, 0xf717, 0xf717, 0xf6f7, 0xedf7, 0xf4b7, 
	0xecb7, 0xecb7, 0xecb6, 0xfc58, 0xe932, 0xe932, 0xe932, 0xe932, 0xd9f1, 0x1904, 0x20e4, 0x20e4, 0x20e4, 0x18e3, 0x0000, 0x0000, 
	0x0000, 0x0000, 0x0000, 0x0000, 0x0000, 0x0000, 0x0000, 0x0000, 0x0000, 0x0000, 0x0000, 0x0000, 0x0000, 0x0000, 0x0000, 0x0000, 
	0x0000, 0x0000, 0x0000, 0x0000, 0x0000, 0x0000, 0x0000, 0x0000, 0x0000, 0x0000, 0x0000, 0x0000, 0x0000, 0x0000, 0x0000, 0x0000, 
	0x0000, 0x0000, 0x20e4, 0x20e4, 0x20e4, 0x20e4, 0x20c3, 0xd1d1, 0xe932, 0xe932, 0xe932, 0xe952, 0xe952, 0xf132, 0xf132, 0xf132, 
	0xf132, 0xe2d2, 0xecf6, 0xecf6, 0xecf6, 0xecd7, 0xe535, 0xf6f7, 0xf6f7, 0xf6f7, 0xf717, 0xf717, 0xf717, 0xf717, 0xf717, 0xf717, 
	0xf6f8, 0xecf6, 0xecf6, 0xecf6, 0xecf6, 0xecf6, 0xd171, 0xf132, 0xf132, 0xe172, 0xe971, 0xe131, 0xe932, 0xe932, 0xe932, 0xe932, 
	0xfbb6, 0xecf6, 0xecf6, 0xecf6, 0xecf6, 0xdcd4, 0xf6f7, 0xf717, 0xf717, 0xf717, 0xf717, 0xf717, 0xf717, 0xf717, 0xf717, 0xf717, 
	0xf717, 0xf717, 0xf717, 0xf717, 0xf6f7, 0xdcf5, 0xecf6, 0xecf6, 0xecf6, 0xf4d6, 0xd991, 0xf132, 0xf132, 0xf132, 0xe952, 0xe151, 
	0xe8f2, 0xe932, 0xe932, 0xe932, 0xe932, 0xe932, 0xe932, 0xe932, 0xe131, 0xe931, 0xecf6, 0xecf6, 0xecf6, 0xecf6, 0xe516, 0xfef8, 
	0xf717, 0xf717, 0xf717, 0xf717, 0xf717, 0xf717, 0xf717, 0xf717, 0xf717, 0xf717, 0xf717, 0xf717, 0xf717, 0xef16, 0xf5f7, 0xecf6, 
	0xecf6, 0xecf6, 0xecd6, 0xfc17, 0xf152, 0xf132, 0xf132, 0xf132, 0xd211, 0x2103, 0x20e4, 0x20e4, 0x20e4, 0x18e3, 0x0000, 0x0000, 
	0x0000, 0x0000, 0x0000, 0x0000, 0x0000, 0x0000, 0x0000, 0x0000, 0x0000, 0x0000, 0x0000, 0x0000, 0x0000, 0x0000, 0x0000, 0x0000, 
	0x0000, 0x0000, 0x0000, 0x0000, 0x0000, 0x0000, 0x0000, 0x0000, 0x0000, 0x0000, 0x0000, 0x0000, 0x0000, 0x0000, 0x0000, 0x0000, 
	0x0000, 0x0000, 0x20e4, 0x20e4, 0x20e4, 0x20e4, 0x20c3, 0xd1d1, 0xe932, 0xe932, 0xe932, 0xe932, 0xfc38, 0xf4b6, 0xf4b6, 0xf4b6, 
	0xecd6, 0xedd6, 0xf716, 0xf716, 0xf716, 0xef36, 0xf736, 0xf6f7, 0xf6f7, 0xf6f7, 0xf717, 0xf717, 0xf717, 0xf717, 0xf717, 0xf717, 
	0xf717, 0xf6f7, 0xf716, 0xf716, 0xf716, 0xef36, 0xe515, 0xf4b6, 0xf4b6, 0xecd7, 0xecd6, 0xc98f, 0xe932, 0xe932, 0xe932, 0xe912, 
	0xfd18, 0xf716, 0xf716, 0xf716, 0xf716, 0xf716, 0xf716, 0xf717, 0xf717, 0xf717, 0xf717, 0xf717, 0xf717, 0xf717, 0xf717, 0xf717, 
	0xf717, 0xf717, 0xf717, 0xf717, 0xf717, 0xf717, 0xf716, 0xf716, 0xf716, 0xf736, 0xe4d4, 0xf4b6, 0xf4b6, 0xf4b6, 0xe4d6, 0xfbd6, 
	0xe932, 0xe932, 0xe932, 0xe932, 0xe932, 0xe932, 0xe932, 0xe932, 0xe932, 0xe170, 0xf717, 0xf716, 0xf716, 0xf716, 0xf6f7, 0xf6f7, 
	0xf717, 0xf717, 0xf717, 0xf717, 0xf717, 0xf717, 0xf717, 0xf717, 0xf717, 0xf717, 0xf717, 0xf717, 0xf717, 0xf717, 0xf6f7, 0xf6f7, 
	0xf716, 0xf716, 0xf716, 0xf698, 0xecd6, 0xf4b6, 0xf4b6, 0xf4b6, 0xed58, 0x1904, 0x2104, 0x20e4, 0x20e4, 0x18e3, 0x0000, 0x0000, 
	0x0000, 0x0000, 0x0000, 0x0000, 0x0000, 0x0000, 0x0000, 0x0000, 0x0000, 0x0000, 0x0000, 0x0000, 0x0000, 0x0000, 0x0000, 0x0000, 
	0x0000, 0x0000, 0x0000, 0x0000, 0x0000, 0x0000, 0x0000, 0x0000, 0x0000, 0x0000, 0x0000, 0x0000, 0x0000, 0x0000, 0x0000, 0x0000, 
	0x0000, 0x0000, 0x20e4, 0x20e4, 0x20e4, 0x20e4, 0x20c3, 0xd1d1, 0xe932, 0xe932, 0xe931, 0xe952, 0xfc57, 0xecd6, 0xecd7, 0xecb7, 
	0xecb7, 0xedd6, 0xf6f7, 0xf6f7, 0xf6f7, 0xf717, 0xf717, 0xf717, 0xf717, 0xf717, 0xf717, 0xf717, 0xf717, 0xf717, 0xf717, 0xf717, 
	0xf717, 0xf717, 0xf717, 0xf717, 0xf716, 0xf717, 0xe4f6, 0xecb7, 0xecb7, 0xf4b7, 0xf4b6, 0xd150, 0xe932, 0xe932, 0xe932, 0xe152, 
	0xfd38, 0xf717, 0xf717, 0xf717, 0xf717, 0xf717, 0xf717, 0xf717, 0xf717, 0xf717, 0xf717, 0xf717, 0xf717, 0xf717, 0xf717, 0xf717, 
	0xf717, 0xf717, 0xf717, 0xf717, 0xf717, 0xf717, 0xf717, 0xf717, 0xf717, 0xf716, 0xe4d5, 0xecd7, 0xecd7, 0xecd7, 0xecb7, 0xf3d7, 
	0xe151, 0xe932, 0xe932, 0xe932, 0xe932, 0xe932, 0xe932, 0xe932, 0xe931, 0xe171, 0xf717, 0xf717, 0xf717, 0xf717, 0xf717, 0xf717, 
	0xf717, 0xf717, 0xf717, 0xf717, 0xf717, 0xf717, 0xf717, 0xf717, 0xf717, 0xf717, 0xf717, 0xf717, 0xf717, 0xf717, 0xf717, 0xf717, 
	0xf717, 0xf717, 0xf717, 0xf6b8, 0xf4b8, 0xecb7, 0xecb7, 0xecb7, 0xf538, 0x1904, 0x20e4, 0x20e4, 0x20e4, 0x18e3, 0x0000, 0x0000, 
	0x0000, 0x0000, 0x0000, 0x0000, 0x0000, 0x0000, 0x0000, 0x0000, 0x0000, 0x0000, 0x0000, 0x0000, 0x0000, 0x0000, 0x0000, 0x0000, 
	0x0000, 0x0000, 0x0000, 0x0000, 0x0000, 0x0000, 0x0000, 0x0000, 0x0000, 0x0000, 0x0000, 0x0000, 0x0000, 0x0000, 0x0000, 0x0000, 
	0x0000, 0x0000, 0x20e4, 0x20e4, 0x20e4, 0x20e4, 0x20c3, 0xd1d1, 0xe932, 0xe932, 0xe931, 0xe952, 0xfc57, 0xecd6, 0xecd7, 0xecb7, 
	0xecb7, 0xedd6, 0xf6f7, 0xf6f7, 0xf6f7, 0xf717, 0xf717, 0xf717, 0xf717, 0xf717, 0xf717, 0xf717, 0xf717, 0xf717, 0xf717, 0xf717, 
	0xf717, 0xf717, 0xf717, 0xf717, 0xf716, 0xf717, 0xe4f6, 0xecb7, 0xecb7, 0xf4b7, 0xf4b6, 0xd150, 0xe932, 0xe932, 0xe932, 0xe152, 
	0xfd38, 0xf717, 0xf717, 0xf717, 0xf717, 0xf717, 0xf717, 0xf717, 0xf717, 0xf717, 0xf717, 0xf717, 0xf717, 0xf717, 0xf717, 0xf717, 
	0xf717, 0xf717, 0xf717, 0xf717, 0xf717, 0xf717, 0xf717, 0xf717, 0xf717, 0xf716, 0xe4d5, 0xecd7, 0xecd7, 0xecd7, 0xecb7, 0xf3d7, 
	0xe151, 0xe932, 0xe932, 0xe932, 0xe932, 0xe932, 0xe932, 0xe932, 0xe931, 0xe171, 0xf717, 0xf717, 0xf717, 0xf717, 0xf717, 0xf717, 
	0xf717, 0xf717, 0xf717, 0xf717, 0xf717, 0xf717, 0xf717, 0xf717, 0xf717, 0xf717, 0xf717, 0xf717, 0xf717, 0xf717, 0xf717, 0xf717, 
	0xf717, 0xf717, 0xf717, 0xf6b8, 0xf4b8, 0xecb7, 0xecb7, 0xecb7, 0xf538, 0x1904, 0x20e4, 0x20e4, 0x20e4, 0x18e3, 0x0000, 0x0000, 
	0x0000, 0x0000, 0x0000, 0x0000, 0x0000, 0x0000, 0x0000, 0x0000, 0x0000, 0x0000, 0x0000, 0x0000, 0x0000, 0x0000, 0x0000, 0x0000, 
	0x0000, 0x0000, 0x0000, 0x0000, 0x0000, 0x0000, 0x0000, 0x0000, 0x0000, 0x0000, 0x0000, 0x0000, 0x0000, 0x0000, 0x0000, 0x0000, 
	0x0000, 0x0000, 0x2104, 0x20e4, 0x20e4, 0x1123, 0x28e3, 0xd9d1, 0xe912, 0xe912, 0xf111, 0xf0d2, 0xfc18, 0xecb6, 0xecb6, 0xecb5, 
	0xf496, 0xed96, 0xf717, 0xf717, 0xf717, 0xf717, 0xf717, 0xf717, 0xf717, 0xf717, 0xf717, 0xf717, 0xf717, 0xf717, 0xf717, 0xf717, 
	0xf717, 0xf717, 0xf717, 0xf717, 0xff16, 0xf737, 0xe4b4, 0xecb6, 0xecb6, 0xecb7, 0xe4f6, 0xd170, 0xe912, 0xe912, 0xe912, 0xf0f2, 
	0xfd57, 0xf717, 0xf717, 0xf717, 0xf717, 0xf717, 0xf717, 0xf717, 0xf717, 0xf717, 0xf717, 0xf717, 0xf717, 0xf717, 0xf717, 0xf717, 
	0xf717, 0xf717, 0xf717, 0xf717, 0xf717, 0xf717, 0xf717, 0xf717, 0xf717, 0xf717, 0xdcd5, 0xecb6, 0xe4d6, 0xe4d6, 0xe4f6, 0xfbb7, 
	0xe912, 0xe912, 0xe912, 0xe912, 0xe912, 0xe912, 0xe912, 0xe912, 0xe912, 0xd1af, 0xef36, 0xf717, 0xf717, 0xf717, 0xf717, 0xf717, 
	0xf717, 0xf717, 0xf717, 0xf717, 0xf717, 0xf717, 0xf717, 0xf717, 0xf717, 0xf717, 0xf717, 0xf717, 0xf717, 0xf717, 0xf717, 0xf717, 
	0xf717, 0xf717, 0xf717, 0xfe79, 0xf497, 0xecb6, 0xecb6, 0xecb6, 0xe557, 0x2104, 0x20e4, 0x20e4, 0x20e4, 0x18c3, 0x0000, 0x0000, 
	0x0000, 0x0000, 0x0000, 0x0000, 0x0000, 0x0000, 0x0000, 0x0000, 0x0000, 0x0000, 0x0000, 0x0000, 0x0000, 0x0000, 0x0000, 0x0000, 
	0x0000, 0x0000, 0x0000, 0x0000, 0x0000, 0x0000, 0x0000, 0x0000, 0x2104, 0x20e3, 0x20e3, 0x20e3, 0x20e3, 0x20e3, 0x20e3, 0x20e3, 
	0x20e3, 0x20e4, 0x20e4, 0x20e4, 0x20e4, 0x1903, 0x2103, 0x28c4, 0x20e4, 0x20e4, 0x20e4, 0x20e4, 0x1903, 0x1904, 0x1904, 0x2103, 
	0x20e4, 0x2103, 0x20e4, 0x20e4, 0x20e4, 0x20e4, 0x20e4, 0x20e4, 0x20e4, 0x20e4, 0x20e4, 0x20e4, 0x20e4, 0x20e4, 0x20e4, 0x20e4, 
	0x20e4, 0x20e4, 0x20e4, 0x20e4, 0x2103, 0x2103, 0x20e3, 0x1904, 0x1904, 0x2103, 0x1923, 0x1904, 0x20e4, 0x20e4, 0x20e4, 0x2103, 
	0x2104, 0x20e4, 0x20e4, 0x20e4, 0x20e4, 0x20e4, 0x20e4, 0x20e4, 0x20e4, 0x20e4, 0x20e4, 0x20e4, 0x20e4, 0x20e4, 0x20e4, 0x20e4, 
	0x20e4, 0x20e4, 0x20e4, 0x20e4, 0x20e4, 0x20e4, 0x20e4, 0x20e4, 0x20e4, 0x2103, 0x20e4, 0x2104, 0x1904, 0x1904, 0x20e4, 0x20e4, 
	0x20e4, 0x20e4, 0x20e4, 0x20e4, 0x20e4, 0x20e4, 0x20e4, 0x20e4, 0x1903, 0x20e4, 0x1923, 0x20e4, 0x20e4, 0x20e4, 0x20e4, 0x20e4, 
	0x20e4, 0x20e4, 0x20e4, 0x20e4, 0x20e4, 0x20e4, 0x20e4, 0x20e4, 0x20e4, 0x20e4, 0x20e4, 0x20e4, 0x20e4, 0x20e4, 0x20e4, 0x20e4, 
	0x20e4, 0x20e4, 0x2104, 0x20e3, 0x20e3, 0x1904, 0x1904, 0x1904, 0x20e4, 0x20e4, 0x20e4, 0x20e4, 0x20e4, 0x20e4, 0x2104, 0x2104, 
	0x20e3, 0x20e3, 0x20e3, 0x20e3, 0x20e3, 0x20e3, 0x20e3, 0x20e3, 0x0000, 0x0000, 0x0000, 0x0000, 0x0000, 0x0000, 0x0000, 0x0000, 
	0x0000, 0x0000, 0x0000, 0x0000, 0x0000, 0x0000, 0x0000, 0x0000, 0x2104, 0x20e4, 0x20e4, 0x20e4, 0x20e4, 0x20e4, 0x20e4, 0x20e4, 
	0x20e4, 0x20e4, 0x20e4, 0x20e4, 0x20e4, 0x20e4, 0x20e4, 0x2103, 0x20e4, 0x20e4, 0x20e4, 0x20e4, 0x20e4, 0x20e4, 0x20e4, 0x20e4, 
	0x20e4, 0x20e4, 0x20e3, 0x20e3, 0x20e3, 0x20e3, 0x20e3, 0x20e3, 0x20e3, 0x20e3, 0x20e3, 0x20e3, 0x20e3, 0x20e3, 0x20e3, 0x20e3, 
	0x20e3, 0x20e3, 0x20e3, 0x20e3, 0x2103, 0x20e4, 0x20e4, 0x2103, 0x20e4, 0x2104, 0x20e4, 0x20e4, 0x20e4, 0x20e4, 0x20e4, 0x20e4, 
	0x2103, 0x20e3, 0x20e3, 0x20e3, 0x20e3, 0x20e3, 0x20e3, 0x20e3, 0x20e3, 0x20e3, 0x20e3, 0x20e3, 0x20e3, 0x20e3, 0x20e3, 0x20e3, 
	0x20e3, 0x20e3, 0x20e3, 0x20e3, 0x20e3, 0x20e3, 0x20e3, 0x20e3, 0x20e3, 0x20e4, 0x20e4, 0x20e4, 0x20e4, 0x20e4, 0x20e4, 0x20e4, 
	0x20e4, 0x20e4, 0x20e4, 0x20e4, 0x20e4, 0x20e4, 0x20e4, 0x20e4, 0x20e3, 0x20e4, 0x20e3, 0x20e3, 0x20e3, 0x20e3, 0x20e3, 0x20e3, 
	0x20e3, 0x20e3, 0x20e3, 0x20e3, 0x20e3, 0x20e3, 0x20e3, 0x20e3, 0x20e3, 0x20e3, 0x20e3, 0x20e3, 0x20e3, 0x20e3, 0x20e3, 0x20e3, 
	0x20e3, 0x20e3, 0x20e3, 0x20e4, 0x20e4, 0x2103, 0x2103, 0x2103, 0x20e4, 0x20e4, 0x20e4, 0x20e4, 0x20e4, 0x20e4, 0x20e4, 0x20e4, 
	0x20e4, 0x20e4, 0x20e4, 0x20e4, 0x20e4, 0x20e4, 0x20e4, 0x20e4, 0x0000, 0x0000, 0x0000, 0x0000, 0x0000, 0x0000, 0x0000, 0x0000, 
	0x0000, 0x0000, 0x0000, 0x0000, 0x0000, 0x0000, 0x0000, 0x0000, 0x2104, 0x20e4, 0x20e4, 0x20e4, 0x20e4, 0x20e4, 0x20e4, 0x20e4, 
	0x20e4, 0x20e4, 0x20e4, 0x20e4, 0x20e4, 0x20e4, 0x20e4, 0x20e4, 0x20e4, 0x20e4, 0x20e4, 0x20e4, 0x20e4, 0x20e4, 0x20e4, 0x20e4, 
	0x20e4, 0x20e4, 0x20e4, 0x20e4, 0x20e4, 0x20e4, 0x20e4, 0x20e4, 0x20e4, 0x20e4, 0x20e4, 0x20e4, 0x20e4, 0x20e4, 0x20e4, 0x20e4, 
	0x20e4, 0x20e4, 0x20e4, 0x20e4, 0x20e4, 0x20e4, 0x20e4, 0x20e4, 0x20e4, 0x20e4, 0x20e4, 0x20e4, 0x20e4, 0x20e4, 0x20e4, 0x20e4, 
	0x20e4, 0x20e4, 0x20e4, 0x20e4, 0x20e4, 0x20e4, 0x20e4, 0x20e4, 0x20e4, 0x20e4, 0x20e4, 0x20e4, 0x20e4, 0x20e4, 0x20e4, 0x20e4, 
	0x20e4, 0x20e4, 0x20e4, 0x20e4, 0x20e4, 0x20e4, 0x20e4, 0x20e4, 0x20e4, 0x20e4, 0x20e4, 0x20e4, 0x20e4, 0x20e4, 0x20e4, 0x20e4, 
	0x20e4, 0x20e4, 0x20e4, 0x20e4, 0x20e4, 0x20e4, 0x20e4, 0x20e4, 0x20e4, 0x20e4, 0x20e4, 0x20e4, 0x20e4, 0x20e4, 0x20e4, 0x20e4, 
	0x20e4, 0x20e4, 0x20e4, 0x20e4, 0x20e4, 0x20e4, 0x20e4, 0x20e4, 0x20e4, 0x20e4, 0x20e4, 0x20e4, 0x20e4, 0x20e4, 0x20e4, 0x20e4, 
	0x20e4, 0x20e4, 0x20e4, 0x20e4, 0x20e4, 0x20e4, 0x20e4, 0x20e4, 0x20e4, 0x20e4, 0x20e4, 0x20e4, 0x20e4, 0x20e4, 0x20e4, 0x20e4, 
	0x20e4, 0x20e4, 0x20e4, 0x20e4, 0x20e4, 0x20e4, 0x20e4, 0x20e4, 0x0000, 0x0000, 0x0000, 0x0000, 0x0000, 0x0000, 0x0000, 0x0000, 
	0x0000, 0x0000, 0x0000, 0x0000, 0x0000, 0x0000, 0x0000, 0x0000, 0x2104, 0x20e4, 0x20e3, 0x20e4, 0x20e4, 0x20e4, 0x20e4, 0x20e4, 
	0x20e4, 0x20e4, 0x20e4, 0x20e4, 0x20e4, 0x20e4, 0x20e4, 0x20e4, 0x20e4, 0x20e4, 0x20e4, 0x20e4, 0x20e4, 0x20e4, 0x20e4, 0x20e4, 
	0x20e4, 0x20e4, 0x20e4, 0x20e4, 0x20e4, 0x20e4, 0x20e4, 0x20e4, 0x20e4, 0x20e4, 0x20e4, 0x20e4, 0x20e4, 0x20e4, 0x20e4, 0x20e4, 
	0x20e4, 0x20e4, 0x20e4, 0x20e4, 0x20e4, 0x20e4, 0x20e4, 0x20e4, 0x20e4, 0x20e4, 0x20e4, 0x20e4, 0x20e4, 0x20e4, 0x20e4, 0x20e4, 
	0x20e4, 0x20e4, 0x20e4, 0x20e4, 0x20e4, 0x20e4, 0x20e4, 0x20e4, 0x20e4, 0x20e4, 0x20e4, 0x20e4, 0x20e4, 0x20e4, 0x20e4, 0x20e4, 
	0x20e4, 0x20e4, 0x20e4, 0x20e4, 0x20e4, 0x20e4, 0x20e4, 0x20e4, 0x20e4, 0x20e4, 0x20e4, 0x20e4, 0x20e4, 0x20e4, 0x20e4, 0x20e4, 
	0x20e4, 0x20e4, 0x20e4, 0x20e4, 0x20e4, 0x20e4, 0x20e4, 0x20e4, 0x20e4, 0x20e4, 0x20e4, 0x20e4, 0x20e4, 0x20e4, 0x20e4, 0x20e4, 
	0x20e4, 0x20e4, 0x20e4, 0x20e4, 0x20e4, 0x20e4, 0x20e4, 0x20e4, 0x20e4, 0x20e4, 0x20e4, 0x20e4, 0x20e4, 0x20e4, 0x20e4, 0x20e4, 
	0x20e4, 0x20e4, 0x20e4, 0x20e4, 0x20e4, 0x20e4, 0x20e4, 0x20e4, 0x20e4, 0x20e4, 0x20e4, 0x20e4, 0x20e4, 0x20e4, 0x20e4, 0x20e4, 
	0x20e4, 0x20e4, 0x20e4, 0x20e4, 0x20e4, 0x20e4, 0x20e4, 0x20e4, 0x0000, 0x0000, 0x0000, 0x0000, 0x0000, 0x0000, 0x0000, 0x0000, 
	0x0000, 0x0000, 0x0000, 0x0000, 0x0000, 0x0000, 0x0000, 0x0000, 0x2104, 0x20e4, 0x20e3, 0x20e4, 0x2924, 0x838b, 0x838b, 0x838b, 
	0x838b, 0x838b, 0x838b, 0x838b, 0x838b, 0x83aa, 0x838b, 0x7329, 0x7329, 0x7329, 0x7329, 0x7329, 0x7329, 0x7329, 0x7329, 0x7329, 
	0x7329, 0x7329, 0x7329, 0x7329, 0x7329, 0x7329, 0x7329, 0x7329, 0x7329, 0x7329, 0x7329, 0x7329, 0x7329, 0x7329, 0x7329, 0x7329, 
	0x7329, 0x7329, 0x7329, 0x7329, 0x7329, 0x7329, 0x7329, 0x7329, 0x7329, 0x7329, 0x7329, 0x7329, 0x7329, 0x7329, 0x7329, 0x7329, 
	0x7329, 0x7329, 0x7329, 0x7329, 0x7329, 0x7329, 0x7329, 0x7329, 0x7329, 0x7329, 0x7329, 0x7329, 0x7329, 0x7329, 0x7329, 0x7329, 
	0x7329, 0x7329, 0x7329, 0x7329, 0x7329, 0x7329, 0x7329, 0x7329, 0x7329, 0x7329, 0x7329, 0x7329, 0x7329, 0x7329, 0x7329, 0x7329, 
	0x7329, 0x7329, 0x7329, 0x7329, 0x7329, 0x7329, 0x7329, 0x7329, 0x7329, 0x7329, 0x7329, 0x7329, 0x7329, 0x7329, 0x7329, 0x7329, 
	0x7329, 0x7329, 0x7329, 0x7329, 0x7329, 0x7329, 0x7329, 0x7329, 0x7329, 0x7329, 0x7329, 0x7329, 0x7329, 0x7329, 0x7329, 0x7329, 
	0x7329, 0x7329, 0x7329, 0x7329, 0x7329, 0x7329, 0x7329, 0x7329, 0x7b4a, 0x838b, 0x838b, 0x838b, 0x838b, 0x838b, 0x838b, 0x838b, 
	0x838b, 0x838b, 0x7348, 0x20e3, 0x20e4, 0x20e4, 0x20e4, 0x20e4, 0x0000, 0x0000, 0x0000, 0x0000, 0x0000, 0x0000, 0x0000, 0x0000, 
	0x0000, 0x0000, 0x0000, 0x0000, 0x0000, 0x0000, 0x0000, 0x0000, 0x2104, 0x20e4, 0x20e4, 0x20e4, 0x2102, 0x8baa, 0x8baa, 0x8baa, 
	0x8baa, 0x8baa, 0x8baa, 0x8baa, 0x8baa, 0x8baa, 0x8baa, 0x7b08, 0x7b29, 0x7b29, 0x7b29, 0x7b29, 0x7b29, 0x7b29, 0x7b29, 0x7b29, 
	0x7b29, 0x7b29, 0x7b29, 0x7b29, 0x7b29, 0x7b29, 0x7b29, 0x7b29, 0x7b29, 0x7b29, 0x7b29, 0x7b29, 0x7b29, 0x7b29, 0x7b29, 0x7b29, 
	0x7b29, 0x7b29, 0x7b29, 0x7b29, 0x7b29, 0x7b29, 0x7b29, 0x7b29, 0x7b29, 0x7b29, 0x7b29, 0x7b29, 0x7b29, 0x7b29, 0x7b29, 0x7b29, 
	0x7b29, 0x7b29, 0x7b29, 0x7b29, 0x7b29, 0x7b29, 0x7b29, 0x7b29, 0x7b29, 0x7b29, 0x7b29, 0x7b29, 0x7b29, 0x7b29, 0x7b29, 0x7b29, 
	0x7b29, 0x7b29, 0x7b29, 0x7b29, 0x7b29, 0x7b29, 0x7b29, 0x7b29, 0x7b29, 0x7b29, 0x7b29, 0x7b29, 0x7b29, 0x7b29, 0x7b29, 0x7b29, 
	0x7b29, 0x7b29, 0x7b29, 0x7b29, 0x7b29, 0x7b29, 0x7b29, 0x7b29, 0x7b29, 0x7b29, 0x7b29, 0x7b29, 0x7b29, 0x7b29, 0x7b29, 0x7b29, 
	0x7b29, 0x7b29, 0x7b29, 0x7b29, 0x7b29, 0x7b29, 0x7b29, 0x7b29, 0x7b29, 0x7b29, 0x7b29, 0x7b29, 0x7b29, 0x7b29, 0x7b29, 0x7b29, 
	0x7b29, 0x7b29, 0x7b29, 0x7b29, 0x7b29, 0x7b29, 0x7b29, 0x7b29, 0x7308, 0x8baa, 0x8baa, 0x8baa, 0x8baa, 0x8baa, 0x8baa, 0x8baa, 
	0x8baa, 0x8baa, 0x8bca, 0x20e3, 0x20e3, 0x20e4, 0x20e4, 0x20e4, 0x0000, 0x0000, 0x0000, 0x0000, 0x0000, 0x0000, 0x0000, 0x0000, 
	0x0000, 0x0000, 0x0000, 0x0000, 0x0000, 0x0000, 0x0000, 0x0000, 0x2104, 0x20e4, 0x20e4, 0x20e4, 0x2923, 0x8baa, 0x8baa, 0x8baa, 
	0x8baa, 0x8baa, 0x8baa, 0x8baa, 0x8baa, 0x8ba9, 0x8b8a, 0x7b08, 0x7b09, 0x7b09, 0x7b09, 0x7b09, 0x7b09, 0x7b09, 0x7b09, 0x7b09, 
	0x7b09, 0x7b09, 0x7b09, 0x7b09, 0x7b09, 0x7b09, 0x7b09, 0x7b09, 0x7b09, 0x7b09, 0x7b09, 0x7b09, 0x7b09, 0x7b09, 0x7b09, 0x7b09, 
	0x7b09, 0x7b09, 0x7b09, 0x7b09, 0x7b09, 0x7b09, 0x7b09, 0x7b09, 0x7b09, 0x7b09, 0x7b09, 0x7b09, 0x7b09, 0x7b09, 0x7b09, 0x7b09, 
	0x7b09, 0x7b09, 0x7b09, 0x7b09, 0x7b09, 0x7b09, 0x7b09, 0x7b09, 0x7b09, 0x7b09, 0x7b09, 0x7b09, 0x7b09, 0x7b09, 0x7b09, 0x7b09, 
	0x7b09, 0x7b09, 0x7b09, 0x7b09, 0x7b09, 0x7b09, 0x7b09, 0x7b09, 0x7b09, 0x7b09, 0x7b09, 0x7b09, 0x7b09, 0x7b09, 0x7b09, 0x7b09, 
	0x7b09, 0x7b09, 0x7b09, 0x7b09, 0x7b09, 0x7b09, 0x7b09, 0x7b09, 0x7b09, 0x7b09, 0x7b09, 0x7b09, 0x7b09, 0x7b09, 0x7b09, 0x7b09, 
	0x7b09, 0x7b09, 0x7b09, 0x7b09, 0x7b09, 0x7b09, 0x7b09, 0x7b09, 0x7b09, 0x7b09, 0x7b09, 0x7b09, 0x7b09, 0x7b09, 0x7b09, 0x7b09, 
	0x7b09, 0x7b09, 0x7b09, 0x7b09, 0x7b09, 0x7b09, 0x7b09, 0x7b09, 0x7b08, 0x8baa, 0x8baa, 0x8baa, 0x8baa, 0x8baa, 0x8baa, 0x8baa, 
	0x8baa, 0x8baa, 0x83a9, 0x2103, 0x20e3, 0x20e4, 0x20e4, 0x20e4, 0x0000, 0x0000, 0x0000, 0x0000, 0x0000, 0x0000, 0x0000, 0x0000, 
	0x0000, 0x0000, 0x0000, 0x0000, 0x0000, 0x0000, 0x0000, 0x0000, 0x2104, 0x20e4, 0x20e4, 0x20e4, 0x2923, 0x8baa, 0x8baa, 0x8baa, 
	0x8baa, 0x8baa, 0x8baa, 0x8baa, 0x8baa, 0x8ba9, 0x8b8a, 0x7b08, 0x7b09, 0x7b09, 0x7b09, 0x7b09, 0x7b09, 0x7b09, 0x7b09, 0x7b09, 
	0x7b09, 0x7b09, 0x7b09, 0x7b09, 0x7b09, 0x7b09, 0x7b09, 0x7b09, 0x7b09, 0x7b09, 0x7b09, 0x7b09, 0x7b09, 0x7b09, 0x7b09, 0x7b09, 
	0x7b09, 0x7b09, 0x7b09, 0x7b09, 0x7b09, 0x7b09, 0x7b09, 0x7b09, 0x7b09, 0x7b09, 0x7b09, 0x7b09, 0x7b09, 0x7b09, 0x7b09, 0x7b09, 
	0x7b09, 0x7b09, 0x7b09, 0x7b09, 0x7b09, 0x7b09, 0x7b09, 0x7b09, 0x7b09, 0x7b09, 0x7b09, 0x7b09, 0x7b09, 0x7b09, 0x7b09, 0x7b09, 
	0x7b09, 0x7b09, 0x7b09, 0x7b09, 0x7b09, 0x7b09, 0x7b09, 0x7b09, 0x7b09, 0x7b09, 0x7b09, 0x7b09, 0x7b09, 0x7b09, 0x7b09, 0x7b09, 
	0x7b09, 0x7b09, 0x7b09, 0x7b09, 0x7b09, 0x7b09, 0x7b09, 0x7b09, 0x7b09, 0x7b09, 0x7b09, 0x7b09, 0x7b09, 0x7b09, 0x7b09, 0x7b09, 
	0x7b09, 0x7b09, 0x7b09, 0x7b09, 0x7b09, 0x7b09, 0x7b09, 0x7b09, 0x7b09, 0x7b09, 0x7b09, 0x7b09, 0x7b09, 0x7b09, 0x7b09, 0x7b09, 
	0x7b09, 0x7b09, 0x7b09, 0x7b09, 0x7b09, 0x7b09, 0x7b09, 0x7b09, 0x7b08, 0x8baa, 0x8baa, 0x8baa, 0x8baa, 0x8baa, 0x8baa, 0x8baa, 
	0x8baa, 0x8baa, 0x8ba9, 0x2103, 0x20e3, 0x20e4, 0x20e4, 0x20e4, 0x0000, 0x0000, 0x0000, 0x0000, 0x0000, 0x0000, 0x0000, 0x0000, 
	0x0000, 0x0000, 0x0000, 0x0000, 0x0000, 0x0000, 0x0000, 0x0000, 0x20e4, 0x20e4, 0x20e4, 0x20e4, 0x20e4, 0x49e6, 0x49e6, 0x49e6, 
	0x49e6, 0x49e6, 0x49e6, 0x49e6, 0x49e6, 0x49e6, 0x5205, 0x838a, 0x836a, 0x836a, 0x838a, 0x8b8a, 0x7b29, 0x7b09, 0x7b09, 0x7b09, 
	0x7b09, 0x7b09, 0x7b09, 0x7b09, 0x7b09, 0x7b09, 0x7b09, 0x7b09, 0x7b09, 0x7b09, 0x7b09, 0x7b09, 0x7b09, 0x7b09, 0x7b09, 0x7b09, 
	0x7b09, 0x7b09, 0x7b09, 0x7b09, 0x7b09, 0x7b09, 0x7b09, 0x7b09, 0x7b09, 0x7b09, 0x7b09, 0x7b09, 0x7b09, 0x7b09, 0x7b09, 0x7b09, 
	0x7b09, 0x7b09, 0x7b09, 0x7b09, 0x7b09, 0x7b09, 0x7b09, 0x7b09, 0x7b09, 0x7b09, 0x7b09, 0x7b09, 0x7b09, 0x7b09, 0x7b09, 0x7b09, 
	0x7b09, 0x7b09, 0x7b09, 0x7b09, 0x7b09, 0x7b09, 0x7b09, 0x7b09, 0x7b09, 0x7b09, 0x7b09, 0x7b09, 0x7b09, 0x7b09, 0x7b09, 0x7b09, 
	0x7b09, 0x7b09, 0x7b09, 0x7b09, 0x7b09, 0x7b09, 0x7b09, 0x7b09, 0x7b09, 0x7b09, 0x7b09, 0x7b09, 0x7b09, 0x7b09, 0x7b09, 0x7b09, 
	0x7b09, 0x7b09, 0x7b09, 0x7b09, 0x7b09, 0x7b09, 0x7b09, 0x7b09, 0x7b09, 0x7b09, 0x7b09, 0x7b09, 0x7b09, 0x7b09, 0x7b09, 0x7b09, 
	0x7b09, 0x7b09, 0x7b09, 0x8349, 0x838a, 0x838a, 0x838a, 0x838a, 0x838a, 0x49e5, 0x49e6, 0x49e6, 0x49e6, 0x49e6, 0x49e6, 0x49e6, 
	0x49e6, 0x49e6, 0x4a06, 0x20e4, 0x9cd3, 0x9cd3, 0x9cd3, 0x9cd3, 0x0000, 0x0000, 0x0000, 0x0000, 0x0000, 0x0000, 0x0000, 0x0000, 
	0x0000, 0x0000, 0x0000, 0x0000, 0x0000, 0x0000, 0x0000, 0x0000, 0x0000, 0x0000, 0x0000, 0x0000, 0x20e4, 0x2104, 0x20e4, 0x20e4, 
	0x20e3, 0x20e3, 0x20e3, 0x20e3, 0x20e3, 0x2103, 0x20e4, 0x83cc, 0x8baa, 0x8baa, 0x8baa, 0x8baa, 0x8349, 0x7b09, 0x7b09, 0x7b09, 
	0x7b09, 0x7b09, 0x7b09, 0x7b09, 0x7b09, 0x7b09, 0x7b09, 0x7b09, 0x7b09, 0x7b09, 0x7b09, 0x7b09, 0x7b09, 0x7b09, 0x7b09, 0x7b09, 
	0x7b09, 0x7b09, 0x7b09, 0x7b09, 0x7b09, 0x7b09, 0x7b09, 0x7b09, 0x7b09, 0x7b09, 0x7b09, 0x7b09, 0x7b09, 0x7b09, 0x7b09, 0x7b09, 
	0x7b09, 0x7b09, 0x7b09, 0x7b09, 0x7b09, 0x7b09, 0x7b09, 0x7b09, 0x7b09, 0x7b09, 0x7b09, 0x7b09, 0x7b09, 0x7b09, 0x7b09, 0x7b09, 
	0x7b09, 0x7b09, 0x7b09, 0x7b09, 0x7b09, 0x7b09, 0x7b09, 0x7b09, 0x7b09, 0x7b09, 0x7b09, 0x7b09, 0x7b09, 0x7b09, 0x7b09, 0x7b09, 
	0x7b09, 0x7b09, 0x7b09, 0x7b09, 0x7b09, 0x7b09, 0x7b09, 0x7b09, 0x7b09, 0x7b09, 0x7b09, 0x7b09, 0x7b09, 0x7b09, 0x7b09, 0x7b09, 
	0x7b09, 0x7b09, 0x7b09, 0x7b09, 0x7b09, 0x7b09, 0x7b09, 0x7b09, 0x7b09, 0x7b09, 0x7b09, 0x7b09, 0x7b09, 0x7b09, 0x7b09, 0x7b09, 
	0x7b09, 0x7b09, 0x7b08, 0x7b49, 0x8baa, 0x8ba9, 0x8ba9, 0x8ba9, 0x8bec, 0x20e4, 0x20e4, 0x20e4, 0x20e4, 0x20e4, 0x20e4, 0x20e4, 
	0x20e3, 0x20e3, 0x2104, 0x20e4, 0x0000, 0x0000, 0x0000, 0x0000, 0x0000, 0x0000, 0x0000, 0x0000, 0x0000, 0x0000, 0x0000, 0x0000, 
	0x0000, 0x0000, 0x0000, 0x0000, 0x0000, 0x0000, 0x0000, 0x0000, 0x0000, 0x0000, 0x0000, 0x0000, 0x20e4, 0x20e4, 0x20e4, 0x20e4, 
	0x20e4, 0x20e4, 0x20e4, 0x20e4, 0x20e4, 0x20e3, 0x2104, 0x83cb, 0x8baa, 0x8baa, 0x8ba9, 0x8baa, 0x8349, 0x7b09, 0x7b09, 0x7b09, 
	0x7b09, 0x7b09, 0x7b09, 0x7b09, 0x7b09, 0x7b09, 0x7b09, 0x7b09, 0x7b09, 0x7b09, 0x7b09, 0x7b09, 0x7b09, 0x7b09, 0x7b09, 0x7b09, 
	0x7b09, 0x7b09, 0x7b09, 0x7b09, 0x7b09, 0x7b09, 0x7b09, 0x7b09, 0x7b09, 0x7b09, 0x7b09, 0x7b09, 0x7b09, 0x7b09, 0x7b09, 0x7b09, 
	0x7b09, 0x7b09, 0x7b09, 0x7b09, 0x7b09, 0x7b09, 0x7b09, 0x7b09, 0x7b09, 0x7b09, 0x7b09, 0x7b09, 0x7b09, 0x7b09, 0x7b09, 0x7b09, 
	0x7b09, 0x7b09, 0x7b09, 0x7b09, 0x7b09, 0x7b09, 0x7b09, 0x7b09, 0x7b09, 0x7b09, 0x7b09, 0x7b09, 0x7b09, 0x7b09, 0x7b09, 0x7b09, 
	0x7b09, 0x7b09, 0x7b09, 0x7b09, 0x7b09, 0x7b09, 0x7b09, 0x7b09, 0x7b09, 0x7b09, 0x7b09, 0x7b09, 0x7b09, 0x7b09, 0x7b09, 0x7b09, 
	0x7b09, 0x7b09, 0x7b09, 0x7b09, 0x7b09, 0x7b09, 0x7b09, 0x7b09, 0x7b09, 0x7b09, 0x7b09, 0x7b09, 0x7b09, 0x7b09, 0x7b09, 0x7b09, 
	0x7b09, 0x7b09, 0x7b08, 0x7b49, 0x8baa, 0x8baa, 0x8baa, 0x8baa, 0x8bec, 0x20e4, 0x20e4, 0x20e4, 0x20e4, 0x20e4, 0x20e4, 0x20e4, 
	0x20e4, 0x20e4, 0x2104, 0x20e4, 0x0000, 0x0000, 0x0000, 0x0000, 0x0000, 0x0000, 0x0000, 0x0000, 0x0000, 0x0000, 0x0000, 0x0000, 
	0x0000, 0x0000, 0x0000, 0x0000, 0x0000, 0x0000, 0x0000, 0x0000, 0x0000, 0x0000, 0x0000, 0x0000, 0x20e4, 0x20e4, 0x20e4, 0x20e4, 
	0x20e4, 0x20e4, 0x20e4, 0x20e4, 0x20e4, 0x20e3, 0x2104, 0x83cb, 0x8baa, 0x8baa, 0x8ba9, 0x8baa, 0x8349, 0x7b09, 0x7b09, 0x7b09, 
	0x7b09, 0x7b09, 0x7b09, 0x7b09, 0x7b09, 0x7b09, 0x7b09, 0x7b09, 0x7b09, 0x7b09, 0x7b09, 0x7b09, 0x7b09, 0x7b09, 0x7b09, 0x7b09, 
	0x7b09, 0x7b09, 0x7b09, 0x7b09, 0x7b09, 0x7b09, 0x7b09, 0x7b09, 0x7b09, 0x7b09, 0x7b09, 0x7b09, 0x7b09, 0x7b09, 0x7b09, 0x7b09, 
	0x7b09, 0x7b09, 0x7b09, 0x7b09, 0x7b09, 0x7b09, 0x7b09, 0x7b09, 0x7b09, 0x7b09, 0x7b09, 0x7b09, 0x7b09, 0x7b09, 0x7b09, 0x7b09, 
	0x7b09, 0x7b09, 0x7b09, 0x7b09, 0x7b09, 0x7b09, 0x7b09, 0x7b09, 0x7b09, 0x7b09, 0x7b09, 0x7b09, 0x7b09, 0x7b09, 0x7b09, 0x7b09, 
	0x7b09, 0x7b09, 0x7b09, 0x7b09, 0x7b09, 0x7b09, 0x7b09, 0x7b09, 0x7b09, 0x7b09, 0x7b09, 0x7b09, 0x7b09, 0x7b09, 0x7b09, 0x7b09, 
	0x7b09, 0x7b09, 0x7b09, 0x7b09, 0x7b09, 0x7b09, 0x7b09, 0x7b09, 0x7b09, 0x7b09, 0x7b09, 0x7b09, 0x7b09, 0x7b09, 0x7b09, 0x7b09, 
	0x7b09, 0x7b09, 0x7b08, 0x7b49, 0x8baa, 0x8baa, 0x8baa, 0x8baa, 0x8bec, 0x20e4, 0x20e4, 0x20e4, 0x20e4, 0x20e4, 0x20e4, 0x20e4, 
	0x20e4, 0x20e4, 0x2104, 0x20e4, 0x0000, 0x0000, 0x0000, 0x0000, 0x0000, 0x0000, 0x0000, 0x0000, 0x0000, 0x0000, 0x0000, 0x0000, 
	0x0000, 0x0000, 0x0000, 0x0000, 0x0000, 0x0000, 0x0000, 0x0000, 0x0000, 0x0000, 0x0000, 0x0000, 0x20e4, 0x2124, 0x2124, 0x2124, 
	0x2124, 0x2124, 0x2124, 0x2124, 0x2124, 0x2124, 0x2945, 0x7bac, 0x7b6b, 0x7b6b, 0x7b6b, 0x7b6b, 0x734a, 0x6ae9, 0x6ae9, 0x6ae9, 
	0x6ae9, 0x6ae9, 0x6ae9, 0x6ae9, 0x6ae9, 0x6ae9, 0x6ae9, 0x6ae9, 0x6ae9, 0x6ae9, 0x6ae9, 0x6ae9, 0x6ae9, 0x6ae9, 0x6ae9, 0x6ae9, 
	0x6ae9, 0x6ae9, 0x6ae9, 0x6ae9, 0x6ae9, 0x6ae9, 0x6ae9, 0x6ae9, 0x6ae9, 0x6ae9, 0x6ae9, 0x6ae9, 0x6ae9, 0x6ae9, 0x6ae9, 0x6ae9, 
	0x6ae9, 0x6ae9, 0x6ae9, 0x6ae9, 0x6ae9, 0x6ae9, 0x6ae9, 0x6ae9, 0x6ae9, 0x6ae9, 0x6ae9, 0x6ae9, 0x6ae9, 0x6ae9, 0x6ae9, 0x6ae9, 
	0x6ae9, 0x6ae9, 0x6ae9, 0x6ae9, 0x6ae9, 0x6ae9, 0x6ae9, 0x6ae9, 0x6ae9, 0x6ae9, 0x6ae9, 0x6ae9, 0x6ae9, 0x6ae9, 0x6ae9, 0x6ae9, 
	0x6ae9, 0x6ae9, 0x6ae9, 0x6ae9, 0x6ae9, 0x6ae9, 0x6ae9, 0x6ae9, 0x6ae9, 0x6ae9, 0x6ae9, 0x6ae9, 0x6ae9, 0x6ae9, 0x6ae9, 0x6ae9, 
	0x6ae9, 0x6ae9, 0x6ae9, 0x6ae9, 0x6ae9, 0x6ae9, 0x6ae9, 0x6ae9, 0x6ae9, 0x6ae9, 0x6ae9, 0x6ae9, 0x6ae9, 0x6ae9, 0x6ae9, 0x6ae9, 
	0x6ae9, 0x6ae9, 0x6ae9, 0x732a, 0x7b6b, 0x7b6b, 0x7b6b, 0x7b6b, 0x7b8c, 0x2124, 0x2124, 0x2124, 0x2124, 0x2124, 0x2124, 0x2124, 
	0x2124, 0x2124, 0x20e4, 0x20e4, 0x0000, 0x0000, 0x0000, 0x0000, 0x0000, 0x0000, 0x0000, 0x0000, 0x0000, 0x0000, 0x0000, 0x0000, 
	0x0000, 0x0000, 0x0000, 0x0000, 0x0000, 0x0000, 0x0000, 0x0000, 0x0000, 0x0000, 0x0000, 0x0000, 0x0000, 0x0000, 0x0000, 0x0000, 
	0x0000, 0x0000, 0x0000, 0x0000, 0x0000, 0x0000, 0x20e4, 0x10a2, 0x20e4, 0x20e4, 0x20e4, 0x20e4, 0x20e4, 0x20e4, 0x20e4, 0x20e4, 
	0x20e4, 0x20e4, 0x20e4, 0x20e4, 0x20e4, 0x20e4, 0x20e4, 0x20e4, 0x20e4, 0x20e4, 0x20e4, 0x20e4, 0x20e4, 0x20e4, 0x20e4, 0x20e4, 
	0x20e4, 0x20e4, 0x20e4, 0x20e4, 0x20e4, 0x20e4, 0x20e4, 0x20e4, 0x20e4, 0x20e4, 0x20e4, 0x20e4, 0x20e4, 0x20e4, 0x20e4, 0x20e4, 
	0x20e4, 0x20e4, 0x20e4, 0x20e4, 0x20e4, 0x20e4, 0x20e4, 0x20e4, 0x20e4, 0x20e4, 0x20e4, 0x20e4, 0x20e4, 0x20e4, 0x20e4, 0x20e4, 
	0x20e4, 0x20e4, 0x20e4, 0x20e4, 0x20e4, 0x20e4, 0x20e4, 0x20e4, 0x20e4, 0x20e4, 0x20e4, 0x20e4, 0x20e4, 0x20e4, 0x20e4, 0x20e4, 
	0x20e4, 0x20e4, 0x20e4, 0x20e4, 0x20e4, 0x20e4, 0x20e4, 0x20e4, 0x20e4, 0x20e4, 0x20e4, 0x20e4, 0x20e4, 0x20e4, 0x20e4, 0x20e4, 
	0x20e4, 0x20e4, 0x20e4, 0x20e4, 0x20e4, 0x20e4, 0x20e4, 0x20e4, 0x20e4, 0x20e4, 0x20e4, 0x20e4, 0x20e4, 0x20e4, 0x20e4, 0x20e4, 
	0x20e4, 0x20e4, 0x20e4, 0x2104, 0x2104, 0x2104, 0x2104, 0x2104, 0x1062, 0x0000, 0x0000, 0x0000, 0x0000, 0x0000, 0x0000, 0x0000, 
	0x0000, 0x0000, 0x0000, 0x0000, 0x0000, 0x0000, 0x0000, 0x0000, 0x0000, 0x0000, 0x0000, 0x0000, 0x0000, 0x0000, 0x0000, 0x0000, 
	0x0000, 0x0000, 0x0000, 0x0000, 0x0000, 0x0000, 0x0000, 0x0000, 0x0000, 0x0000, 0x0000, 0x0000, 0x0000, 0x0000, 0x0000, 0x0000, 
	0x0000, 0x0000, 0x0000, 0x0000, 0x0000, 0x0000, 0x20e4, 0x10a2, 0x20e4, 0x20e4, 0x20e4, 0x20e4, 0x20e4, 0x20e4, 0x20e4, 0x20e4, 
	0x20e4, 0x20e4, 0x20e4, 0x20e4, 0x20e4, 0x20e4, 0x20e4, 0x20e4, 0x20e4, 0x20e4, 0x20e4, 0x20e4, 0x20e4, 0x20e4, 0x20e4, 0x20e4, 
	0x20e4, 0x20e4, 0x20e4, 0x20e4, 0x20e4, 0x20e4, 0x20e4, 0x20e4, 0x20e4, 0x20e4, 0x20e4, 0x20e4, 0x20e4, 0x20e4, 0x20e4, 0x20e4, 
	0x20e4, 0x20e4, 0x20e4, 0x20e4, 0x20e4, 0x20e4, 0x20e4, 0x20e4, 0x20e4, 0x20e4, 0x20e4, 0x20e4, 0x20e4, 0x20e4, 0x20e4, 0x20e4, 
	0x20e4, 0x20e4, 0x20e4, 0x20e4, 0x20e4, 0x20e4, 0x20e4, 0x20e4, 0x20e4, 0x20e4, 0x20e4, 0x20e4, 0x20e4, 0x20e4, 0x20e4, 0x20e4, 
	0x20e4, 0x20e4, 0x20e4, 0x20e4, 0x20e4, 0x20e4, 0x20e4, 0x20e4, 0x20e4, 0x20e4, 0x20e4, 0x20e4, 0x20e4, 0x20e4, 0x20e4, 0x20e4, 
	0x20e4, 0x20e4, 0x20e4, 0x20e4, 0x20e4, 0x20e4, 0x20e4, 0x20e4, 0x20e4, 0x20e4, 0x20e4, 0x20e4, 0x20e4, 0x20e4, 0x20e4, 0x20e4, 
	0x20e4, 0x20e4, 0x20e4, 0x20e4, 0x20e4, 0x20e4, 0x20e4, 0x20e4, 0x1082, 0x0000, 0x0000, 0x0000, 0x0000, 0x0000, 0x0000, 0x0000, 
	0x0000, 0x0000, 0x0000, 0x0000, 0x0000, 0x0000, 0x0000, 0x0000, 0x0000, 0x0000, 0x0000, 0x0000, 0x0000, 0x0000, 0x0000, 0x0000, 
	0x0000, 0x0000, 0x0000, 0x0000, 0x0000, 0x0000, 0x0000, 0x0000, 0x0000, 0x0000, 0x0000, 0x0000, 0x0000, 0x0000, 0x0000, 0x0000, 
	0x0000, 0x0000, 0x0000, 0x0000, 0x0000, 0x0000, 0x20e4, 0x10a2, 0x20e4, 0x20e4, 0x20e4, 0x20e4, 0x20e4, 0x20e4, 0x20e4, 0x20e4, 
	0x20e4, 0x20e4, 0x20e4, 0x20e4, 0x20e4, 0x20e4, 0x20e4, 0x20e4, 0x20e4, 0x20e4, 0x20e4, 0x20e4, 0x20e4, 0x20e4, 0x20e4, 0x20e4, 
	0x20e4, 0x20e4, 0x20e4, 0x20e4, 0x20e4, 0x20e4, 0x20e4, 0x20e4, 0x20e4, 0x20e4, 0x20e4, 0x20e4, 0x20e4, 0x20e4, 0x20e4, 0x20e4, 
	0x20e4, 0x20e4, 0x20e4, 0x20e4, 0x20e4, 0x20e4, 0x20e4, 0x20e4, 0x20e4, 0x20e4, 0x20e4, 0x20e4, 0x20e4, 0x20e4, 0x20e4, 0x20e4, 
	0x20e4, 0x20e4, 0x20e4, 0x20e4, 0x20e4, 0x20e4, 0x20e4, 0x20e4, 0x20e4, 0x20e4, 0x20e4, 0x20e4, 0x20e4, 0x20e4, 0x20e4, 0x20e4, 
	0x20e4, 0x20e4, 0x20e4, 0x20e4, 0x20e4, 0x20e4, 0x20e4, 0x20e4, 0x20e4, 0x20e4, 0x20e4, 0x20e4, 0x20e4, 0x20e4, 0x20e4, 0x20e4, 
	0x20e4, 0x20e4, 0x20e4, 0x20e4, 0x20e4, 0x20e4, 0x20e4, 0x20e4, 0x20e4, 0x20e4, 0x20e4, 0x20e4, 0x20e4, 0x20e4, 0x20e4, 0x20e4, 
	0x20e4, 0x20e4, 0x20e4, 0x20e4, 0x20e4, 0x20e4, 0x20e4, 0x20e4, 0x1082, 0x0000, 0x0000, 0x0000, 0x0000, 0x0000, 0x0000, 0x0000, 
	0x0000, 0x0000, 0x0000, 0x0000, 0x0000, 0x0000, 0x0000, 0x0000, 0x0000, 0x0000, 0x0000, 0x0000, 0x0000, 0x0000, 0x0000, 0x0000, 
	0x0000, 0x0000, 0x0000, 0x0000, 0x0000, 0x0000, 0x0000, 0x0000, 0x0000, 0x0000, 0x0000, 0x0000, 0x0000, 0x0000, 0x0000, 0x0000, 
	0x0000, 0x0000, 0x0000, 0x0000, 0x0000, 0x0000, 0x20e4, 0x18e3, 0x2104, 0x2104, 0x2104, 0x2104, 0x2104, 0x2104, 0x2104, 0x2104, 
	0x2104, 0x2104, 0x2104, 0x2104, 0x2104, 0x2104, 0x2104, 0x2104, 0x2104, 0x2104, 0x2104, 0x2104, 0x2104, 0x2104, 0x2104, 0x2104, 
	0x2104, 0x2104, 0x2104, 0x2104, 0x2104, 0x2104, 0x2104, 0x2104, 0x2104, 0x2104, 0x2104, 0x2104, 0x2104, 0x2104, 0x2104, 0x2104, 
	0x2104, 0x2104, 0x2104, 0x2104, 0x2104, 0x2104, 0x2104, 0x2104, 0x2104, 0x2104, 0x2104, 0x2104, 0x2104, 0x2104, 0x2104, 0x2104, 
	0x2104, 0x2104, 0x2104, 0x2104, 0x2104, 0x2104, 0x2104, 0x2104, 0x2104, 0x2104, 0x2104, 0x2104, 0x2104, 0x2104, 0x2104, 0x2104, 
	0x2104, 0x2104, 0x2104, 0x2104, 0x2104, 0x2104, 0x2104, 0x2104, 0x2104, 0x2104, 0x2104, 0x2104, 0x2104, 0x2104, 0x2104, 0x2104, 
	0x2104, 0x2104, 0x2104, 0x2104, 0x2104, 0x2104, 0x2104, 0x2104, 0x2104, 0x2104, 0x2104, 0x2104, 0x2104, 0x2104, 0x2104, 0x2104, 
	0x2104, 0x2104, 0x2104, 0x2104, 0x2104, 0x2104, 0x2104, 0x2104, 0x18e3, 0x0000, 0x0000, 0x0000, 0x0000, 0x0000, 0x0000, 0x0000, 
	0x0000, 0x0000, 0x0000, 0x0000, 0x0000, 0x0000, 0x0000, 0x0000, 0x0000, 0x0000, 0x0000, 0x0000, 0x0000, 0x0000, 0x0000, 0x0000, 
	0x0000, 0x0000, 0x0000, 0x0000, 0x0000, 0x0000, 0x0000, 0x0000, 0x0000, 0x0000, 0x0000, 0x0000, 0x0000, 0x0000, 0x0000, 0x0000, 
	0x0000, 0x0000, 0x0000, 0x0000, 0x0000, 0x0000, 0x0000, 0x0000, 0x0000, 0x0000, 0x0000, 0x0000, 0x0000, 0x0000, 0x0000, 0x0000, 
	0x0000, 0x0000, 0x0000, 0x0000, 0x0000, 0x0000, 0x0000, 0x0000, 0x0000, 0x0000, 0x0000, 0x0000, 0x0000, 0x0000, 0x0000, 0x0000, 
	0x0000, 0x0000, 0x0000, 0x0000, 0x0000, 0x0000, 0x0000, 0x0000, 0x0000, 0x0000, 0x0000, 0x0000, 0x0000, 0x0000, 0x0000, 0x0000, 
	0x0000, 0x0000, 0x0000, 0x0000, 0x0000, 0x0000, 0x0000, 0x0000, 0x0000, 0x0000, 0x0000, 0x0000, 0x0000, 0x0000, 0x0000, 0x0000, 
	0x0000, 0x0000, 0x0000, 0x0000, 0x0000, 0x0000, 0x0000, 0x0000, 0x0000, 0x0000, 0x0000, 0x0000, 0x0000, 0x0000, 0x0000, 0x0000, 
	0x0000, 0x0000, 0x0000, 0x0000, 0x0000, 0x0000, 0x0000, 0x0000, 0x0000, 0x0000, 0x0000, 0x0000, 0x0000, 0x0000, 0x0000, 0x0000, 
	0x0000, 0x0000, 0x0000, 0x0000, 0x0000, 0x0000, 0x0000, 0x0000, 0x0000, 0x0000, 0x0000, 0x0000, 0x0000, 0x0000, 0x0000, 0x0000, 
	0x0000, 0x0000, 0x0000, 0x0000, 0x0000, 0x0000, 0x0000, 0x0000, 0x0000, 0x0000, 0x0000, 0x0000, 0x0000, 0x0000, 0x0000, 0x0000, 
	0x0000, 0x0000, 0x0000, 0x0000, 0x0000, 0x0000, 0x0000, 0x0000, 0x0000, 0x0000, 0x0000, 0x0000, 0x0000, 0x0000, 0x0000, 0x0000, 
	0x0000, 0x0000, 0x0000, 0x0000, 0x0000, 0x0000, 0x0000, 0x0000, 0x0000, 0x0000, 0x0000, 0x0000, 0x0000, 0x0000, 0x0000, 0x0000, 
	0x0000, 0x0000, 0x0000, 0x0000, 0x0000, 0x0000, 0x0000, 0x0000, 0x0000, 0x0000, 0x0000, 0x0000, 0x0000, 0x0000, 0x0000, 0x0000, 
	0x0000, 0x0000, 0x0000, 0x0000, 0x0000, 0x0000, 0x0000, 0x0000, 0x0000, 0x0000, 0x0000, 0x0000, 0x0000, 0x0000, 0x0000, 0x0000, 
	0x0000, 0x0000, 0x0000, 0x0000, 0x0000, 0x0000, 0x0000, 0x0000, 0x0000, 0x0000, 0x0000, 0x0000, 0x0000, 0x0000, 0x0000, 0x0000, 
	0x0000, 0x0000, 0x0000, 0x0000, 0x0000, 0x0000, 0x0000, 0x0000, 0x0000, 0x0000, 0x0000, 0x0000, 0x0000, 0x0000, 0x0000, 0x0000, 
	0x0000, 0x0000, 0x0000, 0x0000, 0x0000, 0x0000, 0x0000, 0x0000, 0x0000, 0x0000, 0x0000, 0x0000, 0x0000, 0x0000, 0x0000, 0x0000, 
	0x0000, 0x0000, 0x0000, 0x0000, 0x0000, 0x0000, 0x0000, 0x0000, 0x0000, 0x0000, 0x0000, 0x0000, 0x0000, 0x0000, 0x0000, 0x0000, 
	0x0000, 0x0000, 0x0000, 0x0000, 0x0000, 0x0000, 0x0000, 0x0000, 0x0000, 0x0000, 0x0000, 0x0000, 0x0000, 0x0000, 0x0000, 0x0000, 
	0x0000, 0x0000, 0x0000, 0x0000, 0x0000, 0x0000, 0x0000, 0x0000, 0x0000, 0x0000, 0x0000, 0x0000, 0x0000, 0x0000, 0x0000, 0x0000, 
	0x0000, 0x0000, 0x0000, 0x0000, 0x0000, 0x0000, 0x0000, 0x0000, 0x0000, 0x0000, 0x0000, 0x0000, 0x0000, 0x0000, 0x0000, 0x0000, 
	0x0000, 0x0000, 0x0000, 0x0000, 0x0000, 0x0000, 0x0000, 0x0000, 0x0000, 0x0000, 0x0000, 0x0000, 0x0000, 0x0000, 0x0000, 0x0000, 
	0x0000, 0x0000, 0x0000, 0x0000, 0x0000, 0x0000, 0x0000, 0x0000, 0x0000, 0x0000, 0x0000, 0x0000, 0x0000, 0x0000, 0x0000, 0x0000, 
	0x0000, 0x0000, 0x0000, 0x0000, 0x0000, 0x0000, 0x0000, 0x0000, 0x0000, 0x0000, 0x0000, 0x0000, 0x0000, 0x0000, 0x0000, 0x0000, 
	0x0000, 0x0000, 0x0000, 0x0000, 0x0000, 0x0000, 0x0000, 0x0000, 0x0000, 0x0000, 0x0000, 0x0000, 0x0000, 0x0000, 0x0000, 0x0000, 
	0x0000, 0x0000, 0x0000, 0x0000, 0x0000, 0x0000, 0x0000, 0x0000, 0x0000, 0x0000, 0x0000, 0x0000, 0x0000, 0x0000, 0x0000, 0x0000, 
	0x0000, 0x0000, 0x0000, 0x0000, 0x0000, 0x0000, 0x0000, 0x0000, 0x0000, 0x0000, 0x0000, 0x0000, 0x0000, 0x0000, 0x0000, 0x0000, 
	0x0000, 0x0000, 0x0000, 0x0000, 0x0000, 0x0000, 0x0000, 0x0000, 0x0000, 0x0000, 0x0000, 0x0000, 0x0000, 0x0000, 0x0000, 0x0000, 
	0x0000, 0x0000, 0x0000, 0x0000, 0x0000, 0x0000, 0x0000, 0x0000, 0x0000, 0x0000, 0x0000, 0x0000, 0x0000, 0x0000, 0x0000, 0x0000, 
	0x0000, 0x0000, 0x0000, 0x0000, 0x0000, 0x0000, 0x0000, 0x0000, 0x0000, 0x0000, 0x0000, 0x0000, 0x0000, 0x0000, 0x0000, 0x0000, 
	0x0000, 0x0000, 0x0000, 0x0000, 0x0000, 0x0000, 0x0000, 0x0000, 0x0000, 0x0000, 0x0000, 0x0000, 0x0000, 0x0000, 0x0000, 0x0000, 
	0x0000, 0x0000, 0x0000, 0x0000, 0x0000, 0x0000, 0x0000, 0x0000, 0x0000, 0x0000, 0x0000, 0x0000, 0x0000, 0x0000, 0x0000, 0x0000, 
	0x0000, 0x0000, 0x0000, 0x0000, 0x0000, 0x0000, 0x0000, 0x0000, 0x0000, 0x0000, 0x0000, 0x0000, 0x0000, 0x0000, 0x0000, 0x0000, 
	0x0000, 0x0000, 0x0000, 0x0000, 0x0000, 0x0000, 0x0000, 0x0000, 0x0000, 0x0000, 0x0000, 0x0000, 0x0000, 0x0000, 0x0000, 0x0000, 
	0x0000, 0x0000, 0x0000, 0x0000, 0x0000, 0x0000, 0x0000, 0x0000, 0x0000, 0x0000, 0x0000, 0x0000, 0x0000, 0x0000, 0x0000, 0x0000, 
	0x0000, 0x0000, 0x0000, 0x0000, 0x0000, 0x0000, 0x0000, 0x0000, 0x0000, 0x0000, 0x0000, 0x0000, 0x0000, 0x0000, 0x0000, 0x0000, 
	0x0000, 0x0000, 0x0000, 0x0000, 0x0000, 0x0000, 0x0000, 0x0000, 0x0000, 0x0000, 0x0000, 0x0000, 0x0000, 0x0000, 0x0000, 0x0000, 
	0x0000, 0x0000, 0x0000, 0x0000, 0x0000, 0x0000, 0x0000, 0x0000, 0x0000, 0x0000, 0x0000, 0x0000, 0x0000, 0x0000, 0x0000, 0x0000, 
	0x0000, 0x0000, 0x0000, 0x0000, 0x0000, 0x0000, 0x0000, 0x0000, 0x0000, 0x0000, 0x0000, 0x0000, 0x0000, 0x0000, 0x0000, 0x0000, 
	0x0000, 0x0000, 0x0000, 0x0000, 0x0000, 0x0000, 0x0000, 0x0000, 0x0000, 0x0000, 0x0000, 0x0000, 0x0000, 0x0000, 0x0000, 0x0000, 
	0x0000, 0x0000, 0x0000, 0x0000, 0x0000, 0x0000, 0x0000, 0x0000, 0x0000, 0x0000, 0x0000, 0x0000, 0x0000, 0x0000, 0x0000, 0x0000, 
	0x0000, 0x0000, 0x0000, 0x0000, 0x0000, 0x0000, 0x0000, 0x0000, 0x0000, 0x0000, 0x0000, 0x0000, 0x0000, 0x0000, 0x0000, 0x0000, 
	0x0000, 0x0000, 0x0000, 0x0000, 0x0000, 0x0000, 0x0000, 0x0000, 0x0000, 0x0000, 0x0000, 0x0000, 0x0000, 0x0000, 0x0000, 0x0000, 
	0x0000, 0x0000, 0x0000, 0x0000, 0x0000, 0x0000, 0x0000, 0x0000, 0x0000, 0x0000, 0x0000, 0x0000, 0x0000, 0x0000, 0x0000, 0x0000, 
	0x0000, 0x0000, 0x0000, 0x0000, 0x0000, 0x0000, 0x0000, 0x0000, 0x0000, 0x0000, 0x0000, 0x0000, 0x0000, 0x0000, 0x0000, 0x0000, 
	0x0000, 0x0000, 0x0000, 0x0000, 0x0000, 0x0000, 0x0000, 0x0000, 0x0000, 0x0000, 0x0000, 0x0000, 0x0000, 0x0000, 0x0000, 0x0000, 
	0x0000, 0x0000, 0x0000, 0x0000, 0x0000, 0x0000, 0x0000, 0x0000, 0x0000, 0x0000, 0x0000, 0x0000, 0x0000, 0x0000, 0x0000, 0x0000, 
	0x0000, 0x0000, 0x0000, 0x0000, 0x0000, 0x0000, 0x0000, 0x0000, 0x0000, 0x0000, 0x0000, 0x0000, 0x0000, 0x0000, 0x0000, 0x0000, 
	0x0000, 0x0000, 0x0000, 0x0000, 0x0000, 0x0000, 0x0000, 0x0000, 0x0000, 0x0000, 0x0000, 0x0000, 0x0000, 0x0000, 0x0000, 0x0000, 
	0x0000, 0x0000, 0x0000, 0x0000, 0x0000, 0x0000, 0x0000, 0x0000, 0x0000, 0x0000, 0x0000, 0x0000, 0x0000, 0x0000, 0x0000, 0x0000, 
	0x0000, 0x0000, 0x0000, 0x0000, 0x0000, 0x0000, 0x0000, 0x0000, 0x0000, 0x0000, 0x0000, 0x0000, 0x0000, 0x0000, 0x0000, 0x0000
};

const int frame_1_bitmap_len = 128 * 160;

#endif
