#ifndef FRAME_7_H
#define FRAME_7_H

#include <Arduino.h>

const uint16_t frame_7_bitmap[] PROGMEM = {
	0xff9c, 0xff9c, 0xff9c, 0xff9c, 0xff9c, 0xf77b, 0xef3a, 0xef39, 0xef3a, 0xef5a, 0xa986, 0xa986, 0xa986, 0xa986, 0xe6f8, 0xded8, 
	0xde97, 0xdeb7, 0xded7, 0xdeb7, 0xdeb7, 0xdeb7, 0xa986, 0xa986, 0xa986, 0xa986, 0xe6f8, 0xe6d8, 0xded8, 0xdeb7, 0xdeb7, 0xdeb7, 
	0xde97, 0xdeb7, 0xdeb7, 0xe6d8, 0xdeb7, 0xd676, 0xdeb7, 0xded7, 0xe6f8, 0xe6f9, 0xe6f9, 0xe6f9, 0xe6f9, 0xe719, 0xe719, 0xe6f9, 
	0xe719, 0xef3a, 0xef39, 0xef3a, 0xef39, 0xef3a, 0xf75a, 0xef3a, 0xf77b, 0xef3a, 0xef1a, 0xef19, 0xe6f8, 0xe719, 0xef39, 0xe719, 
	0xe719, 0xe6f9, 0xef19, 0xef5a, 0xe6d8, 0xded7, 0xe6f8, 0xe6f8, 0xe6f8, 0xe6d8, 0xe6f8, 0xe6d8, 0xe6f8, 0xef19, 0xe718, 0xe718, 
	0xe718, 0xe6f8, 0xef39, 0xef19, 0xe719, 0xef39, 0xef39, 0xe6f8, 0xe6d7, 0xe6f7, 0xded7, 0xe6d8, 0xe6f8, 0xe6f8, 0xdeb7, 0xe6f9, 
	0xe719, 0xded8, 0xef3a, 0xf75b, 0xff9c, 0xf77b, 0xf75a, 0xef5a, 0xf77b, 0xef19, 0xef19, 0xe719, 0xe6f8, 0xe6d8, 0xe6d7, 0xde96, 
	0xe696, 0xe696, 0xe696, 0xe696, 0xe6b6, 0xe6b6, 0xde96, 0xdeb6, 0xdeb6, 0xdeb6, 0xe6d7, 0xe6b7, 0xde96, 0xe6d7, 0xe6b7, 0xe696, 
	0xde96, 0xe6d7, 0xe6b7, 0xdeb6, 0xe696, 0xe696, 0xa986, 0xa986, 0xa986, 0xa986, 0xde76, 0xe6b7, 0xde96, 0xde96, 0xe696, 0xde55, 
	0xe696, 0xe6b6, 0xa986, 0xa986, 0xa986, 0xa986, 0xe6d7, 0xe6f8, 0xe6d8, 0xe6d8, 0xef3a, 0xef19, 0xeef9, 0xef18, 0xef39, 0xeef8, 
	0xff9c, 0xff9c, 0xf77b, 0xf77b, 0xf77b, 0xf77b, 0xef1a, 0xef3a, 0xef39, 0xef19, 0xa986, 0xa986, 0xa986, 0xa986, 0xe6f8, 0xded8, 
	0xdeb7, 0xdeb7, 0xdeb7, 0xdeb7, 0xde97, 0xdeb7, 0xa986, 0xa986, 0xa986, 0xa986, 0xe6d8, 0xe6f8, 0xe6d8, 0xdeb7, 0xdeb7, 0xded7, 
	0xded7, 0xdeb7, 0xe6f8, 0xded7, 0xdeb7, 0xdeb7, 0xd696, 0xdeb7, 0xe6f9, 0xe6d8, 0xe719, 0xe719, 0xe6f9, 0xe6f8, 0xe6f9, 0xe6f9, 
	0xef19, 0xef39, 0xef39, 0xef3a, 0xef39, 0xef5a, 0xef3a, 0xef3a, 0xef5b, 0xef3a, 0xef3a, 0xe719, 0xef39, 0xe719, 0xef19, 0xef19, 
	0xe6f8, 0xe6f8, 0xe719, 0xef39, 0xe6f9, 0xe6f9, 0xe6f8, 0xe6f8, 0xe719, 0xe718, 0xe6f8, 0xe6f8, 0xe6f8, 0xe718, 0xef19, 0xe718, 
	0xef59, 0xe718, 0xef39, 0xef39, 0xe719, 0xe719, 0xf75a, 0xe6f8, 0xe6f7, 0xe6f7, 0xe6f8, 0xe6f8, 0xe6f8, 0xf75a, 0xef5a, 0xe719, 
	0xf75a, 0xe719, 0xef3a, 0xf77b, 0xffbc, 0xef5b, 0xef1a, 0xef3a, 0xef39, 0xe719, 0xef39, 0xef19, 0xef19, 0xef39, 0xe6d7, 0xe6d7, 
	0xeef7, 0xd675, 0xde96, 0xe6b7, 0xde96, 0xde75, 0xde96, 0xde96, 0xde96, 0xe696, 0xe6d7, 0xe6b6, 0xdeb6, 0xe6d7, 0xe6b7, 0xe6b7, 
	0xe696, 0xe6b6, 0xe696, 0xde76, 0xe696, 0xde76, 0xa986, 0xa986, 0xa986, 0xa986, 0xde96, 0xde96, 0xe6b7, 0xe696, 0xe6b6, 0xe696, 
	0xdeb6, 0xde96, 0xa986, 0xa986, 0xa986, 0xa986, 0xe6d7, 0xdeb7, 0xe6b8, 0xe6d8, 0xef3a, 0xef3a, 0xeef9, 0xe6d8, 0xe6f8, 0xe6d7, 
	0xff9c, 0xf77b, 0xf77b, 0xf77b, 0xf77b, 0xf77b, 0xef3a, 0xef39, 0xa986, 0xa986, 0xa986, 0xa986, 0xa986, 0xa986, 0xa986, 0xa986, 
	0xded7, 0xdeb7, 0xd696, 0xde97, 0xa986, 0xa986, 0xa986, 0xa986, 0xa986, 0xa986, 0xa986, 0xa986, 0xe6d8, 0xdeb7, 0xe6f8, 0xdeb7, 
	0xe6f8, 0xe6f8, 0xe718, 0xdeb7, 0xde97, 0xdeb7, 0xded7, 0xdeb7, 0xe6f9, 0xe719, 0xe6f9, 0xe719, 0xdeb7, 0xded8, 0xdeb7, 0xe6f8, 
	0xe6f9, 0xef3a, 0xef3a, 0xef39, 0xef3a, 0xef1a, 0xef3a, 0xef3a, 0xef3a, 0xf77b, 0xef3a, 0xe6f9, 0xef19, 0xe719, 0xef39, 0xef19, 
	0xe719, 0xe719, 0xe6f8, 0xe6f8, 0xe6f8, 0xe6f8, 0xe719, 0xe719, 0xe719, 0xe6f8, 0xe6f8, 0xded7, 0xdeb7, 0xd696, 0xd696, 0xdeb7, 
	0xd696, 0xd656, 0xded7, 0xef19, 0xe6f8, 0xe718, 0xe718, 0xded7, 0xef18, 0xe718, 0xe6f7, 0xded7, 0xded7, 0xf75a, 0xef3a, 0xf77a, 
	0xef5a, 0xe6f9, 0xef39, 0xef3a, 0xf75b, 0xf77b, 0xf75b, 0xf75b, 0xe6f9, 0xef39, 0xef19, 0xef39, 0xeef9, 0xe6d7, 0xdeb6, 0xeef8, 
	0xe6d7, 0xe6d7, 0xde96, 0xde96, 0xe696, 0xde96, 0xe6b7, 0xe6b7, 0xe696, 0xe6b7, 0xe696, 0xde96, 0xdeb6, 0xde96, 0xd675, 0xde76, 
	0xe6b7, 0xde96, 0xde96, 0xe6b6, 0xa986, 0xa986, 0xa986, 0xa986, 0xa986, 0xa986, 0xa986, 0xa986, 0xe6b7, 0xe6d7, 0xe6d7, 0xde96, 
	0xa986, 0xa986, 0xa986, 0xa986, 0xa986, 0xa986, 0xa986, 0xa986, 0xef19, 0xf75a, 0xf73a, 0xef19, 0xef19, 0xe6d8, 0xe6d7, 0xe6b7, 
	0xff9c, 0xf75b, 0xf75b, 0xef3a, 0xf75b, 0xef5a, 0xef19, 0xef3a, 0xa986, 0xa986, 0xa986, 0xa986, 0xa986, 0xa986, 0xa986, 0xa986, 
	0xded7, 0xded7, 0xde97, 0xdeb7, 0xa986, 0xa986, 0xa986, 0xa986, 0xa986, 0xa986, 0xa986, 0xa986, 0xdeb7, 0xded7, 0xded7, 0xd696, 
	0xdeb7, 0xded7, 0xe6d8, 0xdeb7, 0xd696, 0xde97, 0xded7, 0xe6d8, 0xef39, 0xe719, 0xded8, 0xe719, 0xdeb7, 0xded7, 0xe6d8, 0xe6f8, 
	0xef39, 0xe6f9, 0xe719, 0xef5a, 0xef3a, 0xef3a, 0xef3a, 0xef3a, 0xef1a, 0xef1a, 0xef3a, 0xef19, 0xef19, 0xe6f8, 0xef19, 0xe6f8, 
	0xe6f9, 0xe6f9, 0xef39, 0xe718, 0xe718, 0xded7, 0xded7, 0xe718, 0xe6f8, 0xe6f8, 0xef19, 0xe6f8, 0xef19, 0xe718, 0xce55, 0xe6f8, 
	0xef19, 0xc5f4, 0xd696, 0xe6f8, 0xde97, 0xef39, 0xef39, 0xd676, 0xc5f3, 0xef38, 0xe6f7, 0xe6f7, 0xe6d7, 0xef19, 0xef3a, 0xf77a, 
	0xef3a, 0xef5a, 0xef19, 0xf75a, 0xf75b, 0xf75b, 0xef5b, 0xef3a, 0xe6f8, 0xef19, 0xef3a, 0xef19, 0xef19, 0xe6f8, 0xe6b7, 0xe696, 
	0xdeb6, 0xde76, 0xe6b7, 0xde96, 0xde75, 0xde75, 0xe6b7, 0xe696, 0xe6b7, 0xe696, 0xe6d7, 0xe6b7, 0xe6b7, 0xdeb6, 0xde55, 0xde96, 
	0xe696, 0xe6b6, 0xe6b7, 0xe6d7, 0xa986, 0xa986, 0xa986, 0xa986, 0xa986, 0xa986, 0xa986, 0xa986, 0xdeb6, 0xde96, 0xe6d7, 0xeef7, 
	0xa986, 0xa986, 0xa986, 0xa986, 0xa986, 0xa986, 0xa986, 0xa986, 0xeef8, 0xeef8, 0xef39, 0xef19, 0xef19, 0xe6f8, 0xe6d8, 0xde97, 
	0xffbc, 0xff9c, 0xff9c, 0xf77b, 0xf75b, 0xef5a, 0xef39, 0xe6f9, 0xa986, 0xa986, 0xa986, 0xa986, 0xa986, 0xa986, 0xa986, 0xa986, 
	0xdeb7, 0xdeb7, 0xde97, 0xded7, 0xa986, 0xa986, 0xa986, 0xa986, 0xa986, 0xa986, 0xa986, 0xa986, 0xe6d8, 0xded7, 0xded7, 0xdeb7, 
	0xdeb7, 0xdeb6, 0xdeb6, 0xde96, 0xdeb6, 0xdeb7, 0xdeb7, 0xded7, 0xe6d8, 0xe6d8, 0xdeb7, 0xef19, 0xef5a, 0xe6f8, 0xe6f8, 0xef19, 
	0xe6f9, 0xe719, 0xef3a, 0xef5a, 0xef3a, 0xef5a, 0xef19, 0xe6d9, 0xef5a, 0xef5a, 0xe719, 0xe6f8, 0xe718, 0xe718, 0xe6f8, 0xef19, 
	0xe6f8, 0xde97, 0xdeb7, 0xded7, 0xe6f8, 0xdeb7, 0xd696, 0xdeb7, 0xd676, 0xd656, 0xe6d8, 0xe6f8, 0xe6f8, 0xd656, 0xbdb3, 0xdeb7, 
	0xe6f8, 0xded7, 0xef19, 0xef39, 0xded7, 0xdeb7, 0xe6f8, 0xe718, 0xe718, 0xded7, 0xcdf4, 0xe6d7, 0xdeb6, 0xe718, 0xef39, 0xf75a, 
	0xef3a, 0xe719, 0xef39, 0xef5a, 0xf75b, 0xef3b, 0xef5a, 0xef5a, 0xdeb8, 0xe6d8, 0xef18, 0xef39, 0xef19, 0xe6f8, 0xe6d7, 0xdeb6, 
	0xe6d7, 0xdeb6, 0xe6b7, 0xe6d7, 0xde96, 0xe696, 0xde96, 0xe6b7, 0xe6d7, 0xe6d7, 0xe6d7, 0xdeb6, 0xe6d7, 0xe696, 0xdeb6, 0xe6d7, 
	0xde96, 0xe6d7, 0xe6b7, 0xe696, 0xa986, 0xa986, 0xa986, 0xa986, 0xa986, 0xa986, 0xa986, 0xa986, 0xde96, 0xe6b7, 0xde96, 0xe696, 
	0xa986, 0xa986, 0xa986, 0xa986, 0xa986, 0xa986, 0xa986, 0xa986, 0xde96, 0xef19, 0xef19, 0xef19, 0xef19, 0xe6f8, 0xe6b7, 0xe6d8, 
	0xf77b, 0xf77b, 0xf77b, 0xef3a, 0xef3a, 0xef3a, 0xef39, 0xded8, 0xa986, 0xa986, 0xa986, 0xa986, 0xa986, 0xa986, 0xa986, 0xa986, 
	0xded7, 0xdeb7, 0xde97, 0xdeb7, 0xa986, 0xa986, 0xa986, 0xa986, 0xa986, 0xa986, 0xa986, 0xa986, 0xded7, 0xdeb7, 0xd696, 0xded7, 
	0xde96, 0xdeb6, 0xdeb6, 0xded7, 0xe6d7, 0xded7, 0xdeb6, 0xded7, 0xded7, 0xe6d8, 0xe6f8, 0xe6f8, 0xe6f8, 0xe718, 0xded7, 0xe6d8, 
	0xe6d8, 0xef19, 0xef39, 0xef39, 0xef3a, 0xef39, 0xf75a, 0xef3a, 0xf75b, 0xef5a, 0xe6f8, 0xe6f8, 0xe6f8, 0xe6f8, 0xd656, 0xdeb7, 
	0xde97, 0xdeb7, 0xdeb7, 0xd696, 0xd656, 0xc5f4, 0xc5f4, 0xc614, 0xbdd3, 0xd696, 0xc614, 0xdeb7, 0xef19, 0xef39, 0xef38, 0xef5a, 
	0xf75a, 0xdeb7, 0xdeb7, 0xdeb7, 0xef19, 0xef39, 0xe6d7, 0xe718, 0xe6d7, 0xdeb6, 0xef18, 0xd655, 0xef38, 0xef19, 0xef39, 0xef39, 
	0xe719, 0xe719, 0xe719, 0xef19, 0xffbc, 0xf75b, 0xf75a, 0xef39, 0xe6f8, 0xe6d7, 0xded7, 0xe6f8, 0xef19, 0xe6d8, 0xe6d7, 0xe6b7, 
	0xdeb6, 0xe6d7, 0xe6d7, 0xdeb6, 0xde96, 0xd655, 0xde96, 0xde96, 0xe696, 0xe696, 0xe696, 0xe696, 0xe696, 0xe6b6, 0xde55, 0xe696, 
	0xe696, 0xe696, 0xde76, 0xde96, 0xa986, 0xa986, 0xa986, 0xa986, 0xa986, 0xa986, 0xa986, 0xa986, 0xde55, 0xde55, 0xe696, 0xde75, 
	0xa986, 0xa986, 0xa986, 0xa986, 0xa986, 0xa986, 0xa986, 0xa986, 0xe6d8, 0xeef8, 0xef19, 0xef18, 0xe6d8, 0xe6f8, 0xde97, 0xe6b7, 
	0xff9c, 0xff9c, 0xef5b, 0xef3a, 0xa986, 0xa986, 0xa986, 0xa986, 0xa986, 0xa986, 0xa986, 0xa986, 0xa986, 0xa986, 0xa986, 0xa986, 
	0xa986, 0xa986, 0xa986, 0xa986, 0xa986, 0xa986, 0xa986, 0xa986, 0xa986, 0xa986, 0xa986, 0xa986, 0xa986, 0xa986, 0xa986, 0xa986, 
	0xd696, 0xdeb6, 0xded7, 0xded7, 0xded7, 0xde96, 0xdeb7, 0xded7, 0xdeb7, 0xdeb7, 0xded7, 0xdeb7, 0xe6f8, 0xded7, 0xe6d8, 0xe6f8, 
	0xded8, 0xe6f8, 0xef3a, 0xef39, 0xef3a, 0xef3a, 0xef5a, 0xe6f9, 0xef19, 0xef3a, 0xef19, 0xe6f8, 0xded7, 0xe6d8, 0xce15, 0xde97, 
	0xef19, 0xe6f8, 0xce55, 0xef59, 0xef39, 0xf77a, 0xef39, 0xef18, 0xde96, 0xb552, 0xbdb3, 0xc5f4, 0xde96, 0xce15, 0xd696, 0xe6d8, 
	0xff9b, 0xef39, 0xe718, 0xe6f8, 0xd676, 0xe6f7, 0xeef8, 0xe6d7, 0xeef8, 0xc5f3, 0xde96, 0xd675, 0xe6b7, 0xef39, 0xe6d7, 0xce35, 
	0xef19, 0xef5a, 0xef39, 0xf75a, 0xef5a, 0xf75b, 0xf77b, 0xef3a, 0xef19, 0xe718, 0xef59, 0xef59, 0xef18, 0xde96, 0xe6d7, 0xe6d7, 
	0xde96, 0xe6d7, 0xdeb6, 0xdeb6, 0xde96, 0xde76, 0xde76, 0xde96, 0xe6b7, 0xde76, 0xe6b6, 0xde96, 0xde76, 0xde55, 0xde96, 0xde96, 
	0xa986, 0xa986, 0xa986, 0xa986, 0xa986, 0xa986, 0xa986, 0xa986, 0xa986, 0xa986, 0xa986, 0xa986, 0xa986, 0xa986, 0xa986, 0xa986, 
	0xa986, 0xa986, 0xa986, 0xa986, 0xa986, 0xa986, 0xa986, 0xa986, 0xa986, 0xa986, 0xa986, 0xa986, 0xf739, 0xeef8, 0xe6b7, 0xe6b7, 
	0xffbc, 0xf75b, 0xef3a, 0xef3a, 0xa986, 0xa986, 0xa986, 0xa986, 0xa986, 0xa986, 0xa986, 0xa986, 0xa986, 0xa986, 0xa986, 0xa986, 
	0xa986, 0xa986, 0xa986, 0xa986, 0xa986, 0xa986, 0xa986, 0xa986, 0xa986, 0xa986, 0xa986, 0xa986, 0xa986, 0xa986, 0xa986, 0xa986, 
	0xd696, 0xdeb6, 0xdeb7, 0xe6f8, 0xe6f7, 0xe6d7, 0xdeb6, 0xded7, 0xded7, 0xded7, 0xe6f8, 0xded7, 0xdeb7, 0xe6f8, 0xef19, 0xe6f8, 
	0xe6f8, 0xe719, 0xef19, 0xef19, 0xef5a, 0xef39, 0xef39, 0xef19, 0xef19, 0xe6d8, 0xce15, 0xde97, 0xef19, 0xe718, 0xd696, 0xef39, 
	0xf77a, 0xe6f7, 0xded7, 0xce34, 0xb592, 0xc5f4, 0x942e, 0x83cc, 0x7b8c, 0x6b2a, 0x62a8, 0x5ac8, 0x9490, 0xd654, 0xf779, 0xdeb6, 
	0xd675, 0xe6f7, 0xef59, 0xded7, 0xbdb2, 0xdeb6, 0xb571, 0xd675, 0xe6d7, 0xef38, 0xde96, 0xe6d7, 0xd655, 0xded7, 0xe6f7, 0xef39, 
	0xe6f8, 0xe718, 0xce55, 0xe6f8, 0xf77b, 0xf75a, 0xef3a, 0xef39, 0xe6f8, 0xe6f8, 0xef38, 0xef18, 0xef18, 0xe6f7, 0xe6d7, 0xdeb6, 
	0xde96, 0xdeb6, 0xe6d7, 0xde96, 0xde96, 0xde96, 0xde96, 0xe6b7, 0xe6d7, 0xe6d7, 0xdeb6, 0xde96, 0xde76, 0xe6b6, 0xe6d7, 0xe6b7, 
	0xa986, 0xa986, 0xa986, 0xa986, 0xa986, 0xa986, 0xa986, 0xa986, 0xa986, 0xa986, 0xa986, 0xa986, 0xa986, 0xa986, 0xa986, 0xa986, 
	0xa986, 0xa986, 0xa986, 0xa986, 0xa986, 0xa986, 0xa986, 0xa986, 0xa986, 0xa986, 0xa986, 0xa986, 0xe6d8, 0xeef9, 0xe6d8, 0xe6b7, 
	0xf75b, 0xef3a, 0xf77b, 0xef3a, 0xa986, 0xa986, 0xa986, 0xa986, 0xa986, 0xa986, 0xa986, 0xa986, 0xa986, 0xa986, 0xa986, 0xa986, 
	0xa986, 0xa986, 0xa986, 0xa986, 0xa986, 0xa986, 0xa986, 0xa986, 0xa986, 0xa986, 0xa986, 0xa986, 0xa986, 0xa986, 0xa986, 0xa986, 
	0xde96, 0xe6f7, 0xded7, 0xdeb6, 0xded7, 0xe718, 0xdeb6, 0xdeb6, 0xdeb6, 0xe6f8, 0xdeb7, 0xe6f8, 0xe6f8, 0xe6f8, 0xe6f8, 0xe6f8, 
	0xe718, 0xe6f8, 0xe6f9, 0xef19, 0xef39, 0xef19, 0xdeb7, 0xd677, 0xef19, 0xef19, 0xef19, 0xef5a, 0xef19, 0xe6f8, 0xe6f8, 0xef38, 
	0xd635, 0xa4d0, 0x944e, 0x9c6e, 0xb511, 0x8c0c, 0xce15, 0xe6d8, 0xe6d7, 0xdeb6, 0xe6d7, 0xdeb5, 0xd654, 0xc5f3, 0xcdf4, 0xad10, 
	0xc5d4, 0xe6d6, 0x83cb, 0xd656, 0xf759, 0xde96, 0xef18, 0xdeb6, 0xeef8, 0xdeb6, 0xe6d7, 0xef38, 0xef18, 0xef39, 0xded7, 0xd676, 
	0xe718, 0xf759, 0xffbc, 0xe6f9, 0xe6f8, 0xef5a, 0xf77a, 0xef3a, 0xe6d8, 0xe6f8, 0xef38, 0xe718, 0xef38, 0xe718, 0xe6d7, 0xde96, 
	0xde96, 0xdeb6, 0xde96, 0xde96, 0xde96, 0xd655, 0xdeb6, 0xde96, 0xe6b7, 0xe6b7, 0xe6d7, 0xe6b6, 0xde96, 0xde76, 0xde96, 0xe6b6, 
	0xa986, 0xa986, 0xa986, 0xa986, 0xa986, 0xa986, 0xa986, 0xa986, 0xa986, 0xa986, 0xa986, 0xa986, 0xa986, 0xa986, 0xa986, 0xa986, 
	0xa986, 0xa986, 0xa986, 0xa986, 0xa986, 0xa986, 0xa986, 0xa986, 0xa986, 0xa986, 0xa986, 0xa986, 0xeef8, 0xe6d8, 0xe6d8, 0xe6d8, 
	0xf77b, 0xf77b, 0xf77b, 0xf75a, 0xa986, 0xa986, 0xa986, 0xa986, 0xa986, 0xa986, 0xa986, 0xa986, 0xa986, 0xa986, 0xa986, 0xa986, 
	0xa986, 0xa986, 0xa986, 0xa986, 0xa986, 0xa986, 0xa986, 0xa986, 0xa986, 0xa986, 0xa986, 0xa986, 0xa986, 0xa986, 0xa986, 0xa986, 
	0xdeb6, 0xded7, 0xded7, 0xdeb7, 0xded7, 0xded7, 0xded7, 0xdeb6, 0xdeb7, 0xe6f8, 0xe6f8, 0xe6d8, 0xe719, 0xe6f8, 0xe6f8, 0xe6f8, 
	0xe6f8, 0xe6f8, 0xe719, 0xf75a, 0xd697, 0xe6f8, 0xded8, 0xe6f9, 0xc5f4, 0xe719, 0xe6d8, 0xef39, 0xd696, 0xe6d7, 0xb571, 0x8c2d, 
	0xc5f3, 0x9c8f, 0xde96, 0xd675, 0xa4d0, 0x7b8b, 0x9c6f, 0x732a, 0x5288, 0x8c0e, 0x5aa8, 0x62c8, 0x83cc, 0x83cd, 0x5a67, 0x6ac9, 
	0x732a, 0xad11, 0x944d, 0xdeb6, 0xcdf4, 0xce15, 0xbd93, 0x8c2e, 0x9c90, 0xa4f1, 0x946f, 0xb571, 0xce34, 0xef18, 0xd675, 0xe6d8, 
	0xde97, 0xde97, 0xef19, 0xe719, 0xef39, 0xf77a, 0xf79b, 0xf77b, 0xef39, 0xe6d8, 0xef38, 0xf759, 0xef18, 0xef18, 0xef18, 0xe6f7, 
	0xdeb6, 0xe6b7, 0xe6d7, 0xde96, 0xde96, 0xde76, 0xde96, 0xdeb6, 0xdeb6, 0xdeb6, 0xdeb6, 0xde96, 0xde96, 0xde96, 0xe6d7, 0xe696, 
	0xa986, 0xa986, 0xa986, 0xa986, 0xa986, 0xa986, 0xa986, 0xa986, 0xa986, 0xa986, 0xa986, 0xa986, 0xa986, 0xa986, 0xa986, 0xa986, 
	0xa986, 0xa986, 0xa986, 0xa986, 0xa986, 0xa986, 0xa986, 0xa986, 0xa986, 0xa986, 0xa986, 0xa986, 0xeef9, 0xe6b8, 0xeef9, 0xef19, 
	0xa986, 0xa986, 0xa986, 0xa986, 0xa986, 0xa986, 0xa986, 0xa986, 0xa986, 0xa986, 0xa986, 0xa986, 0xa986, 0xa986, 0xa986, 0xa986, 
	0xa986, 0xa986, 0xa986, 0xa986, 0xa986, 0xa986, 0xa986, 0xa986, 0xa986, 0xa986, 0xa986, 0xa986, 0xa986, 0xa986, 0xa986, 0xa986, 
	0xa986, 0xa986, 0xa986, 0xa986, 0xded7, 0xded7, 0xded7, 0xded7, 0xe6d8, 0xded7, 0xded7, 0xe6f8, 0xe719, 0xe718, 0xded7, 0xe6d8, 
	0xef39, 0xef19, 0xce35, 0xe719, 0xef3a, 0xef39, 0xd676, 0xf75a, 0xf75a, 0xef39, 0xe718, 0xce35, 0xce55, 0x8c0d, 0x9c8e, 0xce34, 
	0xa4d0, 0xd656, 0x734b, 0x83ed, 0x7bad, 0x5247, 0x41c5, 0x41a4, 0x5a68, 0x7bac, 0x8bed, 0xa4d0, 0x4a26, 0x2902, 0x39a4, 0x6b0a, 
	0x7b8c, 0x5a68, 0x7b8c, 0x9c8f, 0xb573, 0x6b2a, 0xb572, 0x734b, 0x736c, 0x5aa9, 0x62ea, 0x62ca, 0x734b, 0x736c, 0x6b2b, 0x7b8e, 
	0x83ef, 0xce36, 0xc5d4, 0xc5d5, 0xad12, 0xbd95, 0xd677, 0xc5f5, 0xce36, 0xe6d8, 0xc5d3, 0xd675, 0xe6f7, 0xef18, 0xef38, 0xef18, 
	0xe6d7, 0xe6d7, 0xe6d7, 0xe696, 0xe696, 0xde96, 0xde55, 0xe696, 0xe6b7, 0xe6d7, 0xdeb6, 0xde96, 0xa986, 0xa986, 0xa986, 0xa986, 
	0xa986, 0xa986, 0xa986, 0xa986, 0xa986, 0xa986, 0xa986, 0xa986, 0xa986, 0xa986, 0xa986, 0xa986, 0xa986, 0xa986, 0xa986, 0xa986, 
	0xa986, 0xa986, 0xa986, 0xa986, 0xa986, 0xa986, 0xa986, 0xa986, 0xa986, 0xa986, 0xa986, 0xa986, 0xa986, 0xa986, 0xa986, 0xa986, 
	0xa986, 0xa986, 0xa986, 0xa986, 0xa986, 0xa986, 0xa986, 0xa986, 0xa986, 0xa986, 0xa986, 0xa986, 0xa986, 0xa986, 0xa986, 0xa986, 
	0xa986, 0xa986, 0xa986, 0xa986, 0xa986, 0xa986, 0xa986, 0xa986, 0xa986, 0xa986, 0xa986, 0xa986, 0xa986, 0xa986, 0xa986, 0xa986, 
	0xa986, 0xa986, 0xa986, 0xa986, 0xde96, 0xded7, 0xd696, 0xded7, 0xded7, 0xe6d8, 0xe6d8, 0xe6d8, 0xe6f8, 0xe6f8, 0xe718, 0xdeb7, 
	0xdeb7, 0xe6f9, 0xe6f8, 0xef19, 0xef39, 0xf75a, 0xe718, 0xf77a, 0xef19, 0xe6f8, 0xdeb6, 0x9cb0, 0x7bac, 0xc614, 0xa4f0, 0x6b2b, 
	0x6b2b, 0x5247, 0x41e6, 0x4a06, 0x5ac9, 0x734b, 0x62e9, 0x5247, 0x41e5, 0x3163, 0x4a26, 0x5267, 0x5aa8, 0x5a88, 0x62e9, 0x4a26, 
	0x6b0a, 0x4a06, 0x5247, 0x39a5, 0x4a27, 0x5aa9, 0x734b, 0x41e5, 0x6b2a, 0x8c0e, 0xad32, 0xad32, 0x7b8c, 0x7b8c, 0x7bac, 0x734c, 
	0x736d, 0x62eb, 0x630c, 0x630b, 0x8c2e, 0xb572, 0xbdd4, 0x9cb0, 0xb552, 0xde76, 0xe6b7, 0xd676, 0xc5f3, 0xc5d3, 0xef18, 0xe6f7, 
	0xe6f7, 0xe6b7, 0xde96, 0xe6b6, 0xe696, 0xe696, 0xde55, 0xe6b7, 0xe6b6, 0xe6b7, 0xe696, 0xe696, 0xa986, 0xa986, 0xa986, 0xa986, 
	0xa986, 0xa986, 0xa986, 0xa986, 0xa986, 0xa986, 0xa986, 0xa986, 0xa986, 0xa986, 0xa986, 0xa986, 0xa986, 0xa986, 0xa986, 0xa986, 
	0xa986, 0xa986, 0xa986, 0xa986, 0xa986, 0xa986, 0xa986, 0xa986, 0xa986, 0xa986, 0xa986, 0xa986, 0xa986, 0xa986, 0xa986, 0xa986, 
	0xa986, 0xa986, 0xa986, 0xa986, 0xa986, 0xa986, 0xa986, 0xa986, 0xa986, 0xa986, 0xa986, 0xa986, 0xa986, 0xa986, 0xa986, 0xa986, 
	0xa986, 0xa986, 0xa986, 0xa986, 0xa986, 0xa986, 0xa986, 0xa986, 0xa986, 0xa986, 0xa986, 0xa986, 0xa986, 0xa986, 0xa986, 0xa986, 
	0xa986, 0xa986, 0xa986, 0xa986, 0xd655, 0xd675, 0xded7, 0xe6f7, 0xe6f8, 0xded7, 0xded7, 0xded7, 0xef19, 0xdeb7, 0xd676, 0xdeb7, 
	0xde96, 0xef39, 0xef39, 0xef3a, 0xef3a, 0xef5a, 0xe719, 0xe6f8, 0xe6f8, 0xce34, 0x5aa8, 0xa4d0, 0x948f, 0x736b, 0x734b, 0x39a5, 
	0x4a06, 0xad51, 0x41c5, 0x3984, 0x4a06, 0x41e6, 0x41e6, 0x39a4, 0x3984, 0x3184, 0x39a4, 0x41c5, 0x41e6, 0x2923, 0x3143, 0x2923, 
	0x736b, 0x7b8c, 0x4a06, 0x4a27, 0x4a27, 0x3164, 0x3164, 0x5aa9, 0xbd94, 0x5247, 0x7bad, 0x5aa9, 0x62ea, 0x5aa9, 0x62cb, 0x6b0c, 
	0x6b4c, 0x5289, 0x5289, 0x5aaa, 0x5a8a, 0x6b2c, 0x5a89, 0x62c9, 0xad12, 0x9c6f, 0xacf0, 0x9c6f, 0xbdb2, 0xce14, 0xd655, 0xd655, 
	0xf779, 0xd634, 0xde75, 0xe6b7, 0xde75, 0xde55, 0xde76, 0xe6b7, 0xde76, 0xde96, 0xe696, 0xeed7, 0xa986, 0xa986, 0xa986, 0xa986, 
	0xa986, 0xa986, 0xa986, 0xa986, 0xa986, 0xa986, 0xa986, 0xa986, 0xa986, 0xa986, 0xa986, 0xa986, 0xa986, 0xa986, 0xa986, 0xa986, 
	0xa986, 0xa986, 0xa986, 0xa986, 0xa986, 0xa986, 0xa986, 0xa986, 0xa986, 0xa986, 0xa986, 0xa986, 0xa986, 0xa986, 0xa986, 0xa986, 
	0xa986, 0xa986, 0xa986, 0xa986, 0xa986, 0xa986, 0xa986, 0xa986, 0xa986, 0xa986, 0xa986, 0xa986, 0xa986, 0xa986, 0xa986, 0xa986, 
	0xa986, 0xa986, 0xa986, 0xa986, 0xa986, 0xa986, 0xa986, 0xa986, 0xa986, 0xa986, 0xa986, 0xa986, 0xa986, 0xa986, 0xa986, 0xa986, 
	0xa986, 0xa986, 0xa986, 0xa986, 0xded7, 0xded7, 0xded7, 0xe6f8, 0xe6d8, 0xde97, 0xe6f8, 0xe6f8, 0xe6f8, 0xdeb7, 0xe6f8, 0xdeb7, 
	0xe718, 0xef39, 0xef3a, 0xef5a, 0xef5a, 0xe6d8, 0xef5a, 0xe6f8, 0xa4f0, 0x9c8f, 0xc5d5, 0x7b8c, 0x5247, 0x5aa9, 0x4a06, 0x4a27, 
	0x39a5, 0x5268, 0x4a27, 0x62c9, 0x4a27, 0x3984, 0x3143, 0x3143, 0x3164, 0x3164, 0x2902, 0x3164, 0x41c5, 0x41e6, 0x39a5, 0x4a27, 
	0x41c5, 0x41c6, 0x3164, 0x41c6, 0x5247, 0x41e6, 0x2923, 0x3144, 0x2103, 0x3185, 0x18c2, 0x41e6, 0x4a27, 0x5268, 0x62eb, 0x62cb, 
	0x630b, 0x4a28, 0x734d, 0x5aaa, 0x5289, 0x6b2c, 0x630b, 0x41e7, 0x41e7, 0x5248, 0x5aa9, 0xbd93, 0x8bee, 0x9c4f, 0xb532, 0xcdf4, 
	0xd634, 0xe6d7, 0xde76, 0xc5d3, 0xde55, 0xe696, 0xe6b7, 0xde55, 0xcdd3, 0xcdd3, 0xe696, 0xe6b7, 0xa986, 0xa986, 0xa986, 0xa986, 
	0xa986, 0xa986, 0xa986, 0xa986, 0xa986, 0xa986, 0xa986, 0xa986, 0xa986, 0xa986, 0xa986, 0xa986, 0xa986, 0xa986, 0xa986, 0xa986, 
	0xa986, 0xa986, 0xa986, 0xa986, 0xa986, 0xa986, 0xa986, 0xa986, 0xa986, 0xa986, 0xa986, 0xa986, 0xa986, 0xa986, 0xa986, 0xa986, 
	0xa986, 0xa986, 0xa986, 0xa986, 0xa986, 0xa986, 0xa986, 0xa986, 0xa986, 0xa986, 0xa986, 0xa986, 0xa986, 0xa986, 0xa986, 0xa986, 
	0xa986, 0xa986, 0xa986, 0xa986, 0xa986, 0xa986, 0xa986, 0xa986, 0xa986, 0xa986, 0xa986, 0xa986, 0xa986, 0xa986, 0xa986, 0xa986, 
	0xa986, 0xa986, 0xa986, 0xa986, 0xe6d7, 0xdeb7, 0xded7, 0xe6f8, 0xd656, 0xdeb7, 0xdeb7, 0xdeb7, 0xef39, 0xe6f8, 0xded7, 0xef19, 
	0xef39, 0xef39, 0xef5a, 0xe719, 0xe6d8, 0xdeb8, 0xe6d8, 0x4205, 0xad32, 0x3985, 0x62ca, 0x5a68, 0x5a68, 0x5a69, 0x2902, 0x62ea, 
	0x5247, 0x7b8c, 0x4a06, 0x3164, 0x3984, 0x5268, 0x41c6, 0x41c5, 0x39a5, 0x3143, 0x3164, 0x39a5, 0x4a06, 0x41e6, 0x41e6, 0x3164, 
	0x41e6, 0x39a5, 0x3144, 0x3144, 0x18a1, 0x4a27, 0x4a27, 0x39c6, 0x39c6, 0x18c2, 0x2924, 0x41e7, 0x2103, 0x41e7, 0x5aa9, 0x4207, 
	0x62eb, 0x6b4c, 0x5aca, 0x4a08, 0x6b2c, 0x736d, 0x5aca, 0x4a69, 0x630b, 0x41c7, 0x3965, 0x3144, 0x4226, 0x5267, 0x734b, 0x7b4b, 
	0x83cb, 0xc5d3, 0xc5d3, 0xc5b3, 0xde55, 0xde76, 0xde75, 0xd655, 0xe6b7, 0xe696, 0xe6b7, 0xde75, 0xa986, 0xa986, 0xa986, 0xa986, 
	0xa986, 0xa986, 0xa986, 0xa986, 0xa986, 0xa986, 0xa986, 0xa986, 0xa986, 0xa986, 0xa986, 0xa986, 0xa986, 0xa986, 0xa986, 0xa986, 
	0xa986, 0xa986, 0xa986, 0xa986, 0xa986, 0xa986, 0xa986, 0xa986, 0xa986, 0xa986, 0xa986, 0xa986, 0xa986, 0xa986, 0xa986, 0xa986, 
	0xa986, 0xa986, 0xa986, 0xa986, 0xa986, 0xa986, 0xa986, 0xa986, 0xa986, 0xa986, 0xa986, 0xa986, 0xa986, 0xa986, 0xa986, 0xa986, 
	0xa986, 0xa986, 0xa986, 0xa986, 0xa986, 0xa986, 0xa986, 0xa986, 0xa986, 0xa986, 0xa986, 0xa986, 0xa986, 0xa986, 0xa986, 0xa986, 
	0xa986, 0xa986, 0xa986, 0xa986, 0xe6f8, 0xded7, 0xe6f8, 0xe6f8, 0xded7, 0xdeb7, 0xc614, 0xdeb7, 0xe6f8, 0xd676, 0xe6f8, 0xef19, 
	0xef39, 0xe718, 0xe6d8, 0xbd93, 0xde97, 0x946f, 0x6b2b, 0x41e6, 0x62ea, 0x5268, 0x5248, 0x5228, 0x62c9, 0x7b6c, 0x5aa9, 0x5a88, 
	0x62ca, 0x41e6, 0x4a27, 0x41e6, 0x3984, 0x3164, 0x39a5, 0x3984, 0x3985, 0x41e6, 0x4a06, 0x4a27, 0x41c5, 0x41c5, 0x41e6, 0x4a06, 
	0x3985, 0x39a5, 0x3164, 0x4a27, 0x49e7, 0x2923, 0x4207, 0x18a1, 0x3184, 0x41e6, 0x2944, 0x39a6, 0x18c2, 0x3144, 0x3985, 0x5aca, 
	0x5269, 0x4a48, 0x5aca, 0x738d, 0x5249, 0x5aca, 0x630b, 0x630b, 0x6b4c, 0x630b, 0x5aea, 0x5268, 0x41a6, 0x3144, 0x3985, 0x41c6, 
	0x4a26, 0x5aa8, 0x83cc, 0x9c8e, 0xce14, 0xacef, 0xcdf4, 0xde75, 0xce14, 0xde76, 0xde55, 0xde76, 0xa986, 0xa986, 0xa986, 0xa986, 
	0xa986, 0xa986, 0xa986, 0xa986, 0xa986, 0xa986, 0xa986, 0xa986, 0xa986, 0xa986, 0xa986, 0xa986, 0xa986, 0xa986, 0xa986, 0xa986, 
	0xa986, 0xa986, 0xa986, 0xa986, 0xa986, 0xa986, 0xa986, 0xa986, 0xa986, 0xa986, 0xa986, 0xa986, 0xa986, 0xa986, 0xa986, 0xa986, 
	0xa986, 0xa986, 0xa986, 0xa986, 0xa986, 0xa986, 0xa986, 0xa986, 0xa986, 0xa986, 0xa986, 0xa986, 0xa986, 0xa986, 0xa986, 0xa986, 
	0xa986, 0xa986, 0xa986, 0xa986, 0xa986, 0xa986, 0xa986, 0xa986, 0xa986, 0xa986, 0xa986, 0xa986, 0xa986, 0xa986, 0xa986, 0xa986, 
	0xa986, 0xa986, 0xa986, 0xa986, 0xded7, 0xe6f7, 0xe6f8, 0xded7, 0xded7, 0xd656, 0xe6f8, 0xded7, 0xe6d8, 0xded7, 0xef19, 0xe718, 
	0xef19, 0xce55, 0xbd93, 0xbdb4, 0x62c9, 0x6b2b, 0x5268, 0x732b, 0x5a89, 0x39a5, 0x41e6, 0x5a89, 0x7b8d, 0x5a89, 0x5268, 0x5aa9, 
	0x41e6, 0x41e6, 0x39a5, 0x4a06, 0x3984, 0x39a5, 0x3164, 0x3985, 0x4a06, 0x4a27, 0x41e6, 0x39a5, 0x41e6, 0x41e6, 0x4a27, 0x5247, 
	0x41c5, 0x4a06, 0x39a5, 0x3985, 0x39a5, 0x28e3, 0x39c6, 0x39a5, 0x3164, 0x3185, 0x39c6, 0x4a08, 0x2904, 0x2904, 0x18a2, 0x2944, 
	0x4207, 0x738d, 0x62cb, 0x39c6, 0x5aaa, 0x736d, 0x6b2c, 0x5aca, 0x632c, 0x632c, 0x6b4c, 0x6b4c, 0x6b2c, 0x5268, 0x3164, 0x3985, 
	0x3164, 0x3985, 0x3984, 0x4a06, 0x6268, 0x9c4e, 0xc5f3, 0xce13, 0xd614, 0xcdf3, 0xde75, 0xef18, 0xa986, 0xa986, 0xa986, 0xa986, 
	0xa986, 0xa986, 0xa986, 0xa986, 0xa986, 0xa986, 0xa986, 0xa986, 0xa986, 0xa986, 0xa986, 0xa986, 0xa986, 0xa986, 0xa986, 0xa986, 
	0xa986, 0xa986, 0xa986, 0xa986, 0xa986, 0xa986, 0xa986, 0xa986, 0xa986, 0xa986, 0xa986, 0xa986, 0xa986, 0xa986, 0xa986, 0xa986, 
	0xa986, 0xa986, 0xa986, 0xa986, 0xa986, 0xa986, 0xa986, 0xa986, 0xa986, 0xa986, 0xa986, 0xa986, 0xa986, 0xa986, 0xa986, 0xa986, 
	0xa986, 0xa986, 0xa986, 0xa986, 0xa986, 0xa986, 0xa986, 0xa986, 0xa986, 0xa986, 0xa986, 0xa986, 0xa986, 0xa986, 0xa986, 0xa986, 
	0xa986, 0xa986, 0xa986, 0xa986, 0xded7, 0xe6d7, 0xe6d8, 0xdeb7, 0xd696, 0xded7, 0xe6f8, 0xe718, 0xde97, 0xef19, 0xe6f8, 0xe6f8, 
	0xc5d4, 0xbdb3, 0x9c90, 0x8c2e, 0x3184, 0x83ce, 0x62ea, 0x5268, 0x41c6, 0x41c6, 0x6b2b, 0x6b0b, 0x734c, 0x5a89, 0x5aa9, 0x5268, 
	0x4a06, 0x39a5, 0x41c6, 0x39a5, 0x39a5, 0x41c5, 0x4a27, 0x4a06, 0x41c5, 0x41e6, 0x3985, 0x41e6, 0x4a07, 0x4a06, 0x49e6, 0x39a5, 
	0x41c6, 0x39a5, 0x41c6, 0x3985, 0x39c6, 0x2944, 0x2102, 0x2923, 0x3185, 0x41e6, 0x39a6, 0x3145, 0x39a6, 0x3145, 0x2103, 0x18a2, 
	0x3165, 0x4207, 0x5a8a, 0x83ef, 0x5269, 0x5aaa, 0x5aaa, 0x632c, 0x7bef, 0x5aeb, 0x632c, 0x632c, 0x736d, 0x5269, 0x5269, 0x5289, 
	0x41e6, 0x3984, 0x3984, 0x3164, 0x41c5, 0x39a5, 0x5226, 0x62c8, 0xa4ee, 0xbd50, 0xde75, 0xd655, 0xa986, 0xa986, 0xa986, 0xa986, 
	0xa986, 0xa986, 0xa986, 0xa986, 0xa986, 0xa986, 0xa986, 0xa986, 0xa986, 0xa986, 0xa986, 0xa986, 0xa986, 0xa986, 0xa986, 0xa986, 
	0xa986, 0xa986, 0xa986, 0xa986, 0xa986, 0xa986, 0xa986, 0xa986, 0xa986, 0xa986, 0xa986, 0xa986, 0xa986, 0xa986, 0xa986, 0xa986, 
	0xef3a, 0xef5b, 0xef1a, 0xef39, 0xa986, 0xa986, 0xa986, 0xa986, 0xa986, 0xa986, 0xa986, 0xa986, 0xa986, 0xa986, 0xa986, 0xa986, 
	0xa986, 0xa986, 0xa986, 0xa986, 0xa986, 0xa986, 0xa986, 0xa986, 0xa986, 0xa986, 0xa986, 0xa986, 0xa986, 0xa986, 0xa986, 0xa986, 
	0xdeb6, 0xe6f7, 0xe6d7, 0xdeb6, 0xdeb6, 0xe6f7, 0xe6f7, 0xe6d7, 0xe6d8, 0xded7, 0xe6f8, 0xe6d8, 0xd676, 0xe6f8, 0xdeb7, 0xce35, 
	0x9c8f, 0x732b, 0x4a27, 0x5a89, 0x736c, 0x62aa, 0x62ea, 0x5268, 0x7b6d, 0x62ca, 0x62ca, 0x6b0b, 0x62c9, 0x62ca, 0x4a07, 0x41a5, 
	0x39a5, 0x2902, 0x4a06, 0x41c6, 0x4a07, 0x5268, 0x5268, 0x5248, 0x4a06, 0x5268, 0x5247, 0x5247, 0x4a06, 0x39a5, 0x39a5, 0x3985, 
	0x3985, 0x39a5, 0x3164, 0x2944, 0x2103, 0x18a1, 0x2923, 0x2943, 0x41e6, 0x39a5, 0x3144, 0x3165, 0x3165, 0x5249, 0x1882, 0x18c2, 
	0x1061, 0x18a2, 0x4207, 0x5289, 0x52aa, 0x4a48, 0x39c6, 0x6b4c, 0x4a48, 0x5aca, 0x6b4c, 0x62eb, 0x630b, 0x630b, 0x7bae, 0x5aaa, 
	0x5a8a, 0x4a28, 0x41c5, 0x4a06, 0x41e6, 0x4a06, 0x39a4, 0x39a4, 0x3163, 0x3984, 0x5aa7, 0xcdd5, 0xcdf3, 0xd614, 0xe696, 0xeed7, 
	0xa986, 0xa986, 0xa986, 0xa986, 0xa986, 0xa986, 0xa986, 0xa986, 0xa986, 0xa986, 0xa986, 0xa986, 0xa986, 0xa986, 0xa986, 0xa986, 
	0xa986, 0xa986, 0xa986, 0xa986, 0xa986, 0xa986, 0xa986, 0xa986, 0xa986, 0xa986, 0xa986, 0xa986, 0xe6d7, 0xe6d7, 0xeef8, 0xef18, 
	0xef3a, 0xef3a, 0xe719, 0xef39, 0xa986, 0xa986, 0xa986, 0xa986, 0xa986, 0xa986, 0xa986, 0xa986, 0xa986, 0xa986, 0xa986, 0xa986, 
	0xa986, 0xa986, 0xa986, 0xa986, 0xa986, 0xa986, 0xa986, 0xa986, 0xa986, 0xa986, 0xa986, 0xa986, 0xa986, 0xa986, 0xa986, 0xa986, 
	0xdeb6, 0xded7, 0xe6d7, 0xded7, 0xe6d7, 0xe6d7, 0xce34, 0xe6f8, 0xd696, 0xe6f8, 0xe6f7, 0xd676, 0xbdd3, 0xb572, 0xb552, 0x8c0e, 
	0x83ce, 0x5268, 0x7b8d, 0x734c, 0x62ca, 0x5248, 0x83ee, 0x5248, 0x6b0b, 0x6aeb, 0x5a89, 0x62ca, 0x5268, 0x5248, 0x4a27, 0x41c6, 
	0x3985, 0x4a27, 0x5248, 0x41e6, 0x4a27, 0x4a06, 0x4a27, 0x5aa9, 0x41e6, 0x5268, 0x4a06, 0x41c6, 0x39a5, 0x3984, 0x3164, 0x2923, 
	0x3164, 0x2103, 0x2923, 0x2923, 0x2944, 0x2944, 0x2944, 0x39a5, 0x4207, 0x41e6, 0x2103, 0x20c3, 0x1061, 0x2103, 0x3185, 0x1061, 
	0x1061, 0x1081, 0x18a2, 0x4207, 0x52aa, 0x5289, 0x5289, 0x52a9, 0x5289, 0x4a28, 0x4a28, 0x62cb, 0x4a28, 0x528a, 0x5acb, 0x62eb, 
	0x6b0b, 0x5aaa, 0x62ca, 0x5247, 0x39a4, 0x39a4, 0x41e5, 0x4a06, 0x5aa8, 0x4a26, 0x4a47, 0x3163, 0x3983, 0x5246, 0x8bec, 0xce14, 
	0xa986, 0xa986, 0xa986, 0xa986, 0xa986, 0xa986, 0xa986, 0xa986, 0xa986, 0xa986, 0xa986, 0xa986, 0xa986, 0xa986, 0xa986, 0xa986, 
	0xa986, 0xa986, 0xa986, 0xa986, 0xa986, 0xa986, 0xa986, 0xa986, 0xa986, 0xa986, 0xa986, 0xa986, 0xe6d7, 0xe6d7, 0xeef8, 0xeef8, 
	0xef5a, 0xe6f9, 0xef3a, 0xef39, 0xa986, 0xa986, 0xa986, 0xa986, 0xa986, 0xa986, 0xa986, 0xa986, 0xa986, 0xa986, 0xa986, 0xa986, 
	0xa986, 0xa986, 0xa986, 0xa986, 0xa986, 0xa986, 0xa986, 0xa986, 0xa986, 0xa986, 0xa986, 0xa986, 0xa986, 0xa986, 0xa986, 0xa986, 
	0xdeb6, 0xded7, 0xe6f7, 0xded7, 0xe6d7, 0xe6f7, 0xe718, 0xe718, 0xe6f8, 0xc614, 0xb593, 0xa4f0, 0xc5f3, 0xa4d0, 0x83ed, 0x62e9, 
	0x6b2b, 0x62c9, 0x6b2b, 0x62a9, 0x6aeb, 0x5a88, 0x5a89, 0xc5d5, 0x5268, 0x734c, 0x6b0b, 0x5a89, 0x5248, 0x4a07, 0x41e6, 0x41c6, 
	0x41c6, 0x41c6, 0x4a27, 0x5268, 0x6b0a, 0x5a88, 0x5247, 0x4a27, 0x39a5, 0x4a07, 0x4a06, 0x3985, 0x3164, 0x3164, 0x3164, 0x3985, 
	0x20e2, 0x2103, 0x18c1, 0x2102, 0x39c5, 0x3185, 0x39a5, 0x41e6, 0x3185, 0x39a5, 0x2923, 0x20e3, 0x2944, 0x18c2, 0x2103, 0x39a6, 
	0x18c2, 0x18a2, 0x18c3, 0x1081, 0x4a69, 0x5289, 0x73ae, 0x4a89, 0x4a28, 0x5289, 0x5289, 0x3185, 0x4a28, 0x5aaa, 0x5aaa, 0x5289, 
	0x5aaa, 0x6b0b, 0x5aa9, 0x4a27, 0x5227, 0x4a27, 0x3184, 0x3984, 0x41e5, 0x4a26, 0x5247, 0x736a, 0xce14, 0x39a4, 0x3163, 0x39a4, 
	0xa986, 0xa986, 0xa986, 0xa986, 0xa986, 0xa986, 0xa986, 0xa986, 0xa986, 0xa986, 0xa986, 0xa986, 0xa986, 0xa986, 0xa986, 0xa986, 
	0xa986, 0xa986, 0xa986, 0xa986, 0xa986, 0xa986, 0xa986, 0xa986, 0xa986, 0xa986, 0xa986, 0xa986, 0xe6f7, 0xe6d7, 0xeef8, 0xef18, 
	0xe6f8, 0xef3a, 0xe6f8, 0xe719, 0xa986, 0xa986, 0xa986, 0xa986, 0xa986, 0xa986, 0xa986, 0xa986, 0xa986, 0xa986, 0xa986, 0xa986, 
	0xa986, 0xa986, 0xa986, 0xa986, 0xa986, 0xa986, 0xa986, 0xa986, 0xa986, 0xa986, 0xa986, 0xa986, 0xa986, 0xa986, 0xa986, 0xa986, 
	0xe6d7, 0xdeb6, 0xdeb6, 0xe6f7, 0xe6f7, 0xce55, 0xcdf4, 0xcdf5, 0x944e, 0xe6f7, 0xce35, 0xce36, 0x9caf, 0x736c, 0x62ea, 0x734b, 
	0x6b0b, 0x62ea, 0x5a68, 0x736c, 0x62ca, 0x62ea, 0x5268, 0x5a89, 0x62ea, 0x5268, 0x4a07, 0x5228, 0x4a07, 0x41e6, 0x41a6, 0x41e6, 
	0x5227, 0x5248, 0x5a89, 0x5248, 0x41e6, 0x5248, 0x5268, 0x3164, 0x39a5, 0x39a5, 0x3985, 0x4a07, 0x3164, 0x3164, 0x3185, 0x1081, 
	0x2944, 0x1081, 0x3164, 0x39a5, 0x2923, 0x41e6, 0x41e6, 0x39c6, 0x3164, 0x2923, 0x2924, 0x3185, 0x3985, 0x3165, 0x2944, 0x20e3, 
	0x2944, 0x2103, 0x2103, 0x2944, 0x31a5, 0x4a69, 0x4a49, 0x5aeb, 0x4207, 0x4228, 0x5289, 0x4228, 0x4a48, 0x4207, 0x4a48, 0x4a68, 
	0x4a07, 0x4a27, 0x5268, 0x5248, 0x5268, 0x5247, 0x4a27, 0x41e6, 0x41c5, 0x4a06, 0x4a26, 0x39c4, 0x5a88, 0x942d, 0xde96, 0x944e, 
	0xa986, 0xa986, 0xa986, 0xa986, 0xa986, 0xa986, 0xa986, 0xa986, 0xa986, 0xa986, 0xa986, 0xa986, 0xa986, 0xa986, 0xa986, 0xa986, 
	0xa986, 0xa986, 0xa986, 0xa986, 0xa986, 0xa986, 0xa986, 0xa986, 0xa986, 0xa986, 0xa986, 0xa986, 0xe6d7, 0xe6d7, 0xe6f7, 0xef38, 
	0xe6f9, 0xf75a, 0xef19, 0xe6d8, 0xe719, 0xe6f8, 0xe6f8, 0xe6f8, 0xa986, 0xa986, 0xa986, 0xa986, 0xa986, 0xa986, 0xa986, 0xa986, 
	0xa986, 0xa986, 0xa986, 0xa986, 0xa986, 0xa986, 0xa986, 0xa986, 0xa986, 0xa986, 0xa986, 0xa986, 0xded7, 0xdeb6, 0xded7, 0xe6f7, 
	0xe6f8, 0xdeb6, 0xce34, 0xe6f7, 0xe6f7, 0xd655, 0xb572, 0xd676, 0xc5d3, 0x9caf, 0xce15, 0x5aa8, 0x5aa9, 0x62c9, 0x62ea, 0x5247, 
	0x5a89, 0x62ca, 0x736c, 0x62ea, 0x6b2b, 0x5aa9, 0x5268, 0x62ea, 0x5228, 0x41e6, 0x39a5, 0x49e7, 0x5268, 0x3985, 0x5aa9, 0x62ca, 
	0x62c9, 0x5a68, 0x5248, 0x4a27, 0x39a5, 0x3185, 0x2923, 0x39a5, 0x39a5, 0x41e6, 0x2944, 0x2923, 0x39a5, 0x39a5, 0x18c2, 0x20e2, 
	0x18c2, 0x2944, 0x41e6, 0x3185, 0x4a48, 0x39a5, 0x39a5, 0x2944, 0x2103, 0x2923, 0x3164, 0x39a5, 0x2923, 0x20c3, 0x18c2, 0x3145, 
	0x39a6, 0x4207, 0x2964, 0x31a6, 0x31a6, 0x31a5, 0x52aa, 0x528a, 0x630c, 0x528a, 0x6b6d, 0x5aeb, 0x52aa, 0x4207, 0x5249, 0x5269, 
	0x4a28, 0x5248, 0x4a07, 0x5a89, 0x5a88, 0x5247, 0x62ea, 0x62ea, 0x5a88, 0x4a06, 0x39a4, 0x4a06, 0x41e5, 0x5247, 0x838c, 0xa4cf, 
	0xc5d2, 0xb530, 0x3122, 0x39c4, 0xa986, 0xa986, 0xa986, 0xa986, 0xa986, 0xa986, 0xa986, 0xa986, 0xa986, 0xa986, 0xa986, 0xa986, 
	0xa986, 0xa986, 0xa986, 0xa986, 0xa986, 0xa986, 0xa986, 0xa986, 0xe6d7, 0xe6d7, 0xdeb6, 0xe6d7, 0xe6d7, 0xe6d7, 0xef18, 0xef18, 
	0xe6f8, 0xef3a, 0xef19, 0xe6f8, 0xe6d8, 0xe6d8, 0xe6d8, 0xe6f8, 0xa986, 0xa986, 0xa986, 0xa986, 0xa986, 0xa986, 0xa986, 0xa986, 
	0xa986, 0xa986, 0xa986, 0xa986, 0xa986, 0xa986, 0xa986, 0xa986, 0xa986, 0xa986, 0xa986, 0xa986, 0xded7, 0xded7, 0xdeb6, 0xe6d7, 
	0xd696, 0xe6f7, 0xd696, 0xe6d7, 0xa4f0, 0xad51, 0xf77a, 0xb572, 0x9cd0, 0x9c8f, 0x734b, 0x5267, 0x6b2b, 0x4a06, 0x62a9, 0x83ce, 
	0x62ea, 0x9cb1, 0x62ea, 0x6b0b, 0x6b2b, 0x5aa9, 0x5a89, 0x4a07, 0x5a89, 0x4a27, 0x4a07, 0x62ca, 0x62ca, 0x5248, 0x5a89, 0x5a88, 
	0x39c5, 0x39a5, 0x39a5, 0x5268, 0x3184, 0x39a5, 0x3164, 0x3185, 0x39a5, 0x2924, 0x2944, 0x3164, 0x39c6, 0x18c2, 0x18c1, 0x2944, 
	0x3185, 0x41e7, 0x41e7, 0x4207, 0x3185, 0x3185, 0x39a5, 0x2903, 0x2923, 0x41e7, 0x3144, 0x20e2, 0x20c3, 0x3185, 0x3986, 0x3165, 
	0x39c6, 0x39e7, 0x3a07, 0x2985, 0x4228, 0x39e6, 0x3186, 0x632c, 0x4249, 0x73af, 0x630c, 0x528a, 0x31a6, 0x4207, 0x5269, 0x4a28, 
	0x4a48, 0x5248, 0x41e6, 0x41c6, 0x4a27, 0x41c5, 0x4a06, 0x4a27, 0x4a27, 0x62c9, 0x6b2a, 0x41c5, 0x4a26, 0x4a26, 0x41e5, 0x4a06, 
	0x9c6e, 0xa4ae, 0xe696, 0xc593, 0xa986, 0xa986, 0xa986, 0xa986, 0xa986, 0xa986, 0xa986, 0xa986, 0xa986, 0xa986, 0xa986, 0xa986, 
	0xa986, 0xa986, 0xa986, 0xa986, 0xa986, 0xa986, 0xa986, 0xa986, 0xe6b7, 0xdeb6, 0xe6d7, 0xe6d7, 0xe6d7, 0xe6f7, 0xef39, 0xef19, 
	0xf75a, 0xe719, 0xef19, 0xe6d8, 0xe6d8, 0xe6d8, 0xe6f9, 0xd697, 0xa986, 0xa986, 0xa986, 0xa986, 0xa986, 0xa986, 0xa986, 0xa986, 
	0xa986, 0xa986, 0xa986, 0xa986, 0xa986, 0xa986, 0xa986, 0xa986, 0xa986, 0xa986, 0xa986, 0xa986, 0xe6f8, 0xe6f7, 0xce14, 0xe6f7, 
	0xe718, 0xded6, 0x8bed, 0xc5f3, 0xdeb6, 0xe6d7, 0xb552, 0xa511, 0x734b, 0x4a26, 0x6b2a, 0x5a88, 0x4a06, 0x62ea, 0x732c, 0x5269, 
	0x6b2c, 0x62aa, 0x734c, 0x5248, 0x5aa9, 0x5248, 0x41c6, 0x5a69, 0x5a89, 0x62aa, 0x6b2b, 0x62ea, 0x4a07, 0x3985, 0x41e6, 0x3985, 
	0x39c6, 0x39c6, 0x39c6, 0x3164, 0x39a6, 0x3185, 0x39a6, 0x3165, 0x18a2, 0x3165, 0x2944, 0x39a6, 0x2103, 0x1061, 0x3185, 0x4207, 
	0x41e7, 0x39a6, 0x3165, 0x39c6, 0x3165, 0x39a6, 0x39a6, 0x4207, 0x41e7, 0x2944, 0x39a6, 0x20c3, 0x18c2, 0x2944, 0x2924, 0x3185, 
	0x31a6, 0x4207, 0x4228, 0x4248, 0x31a6, 0x39e7, 0x31c6, 0x31c7, 0x7c10, 0x4249, 0x6b8e, 0x73cf, 0x39e7, 0x4228, 0x4a48, 0x4a28, 
	0x39c6, 0x5249, 0x41c7, 0x4a07, 0x41c5, 0x41c5, 0x4a26, 0x4a06, 0x5247, 0x41e6, 0x41e5, 0x4a26, 0x4a06, 0x4a47, 0x5227, 0x49e6, 
	0x4a06, 0x7b4b, 0xc5b2, 0xa4cf, 0xa986, 0xa986, 0xa986, 0xa986, 0xa986, 0xa986, 0xa986, 0xa986, 0xa986, 0xa986, 0xa986, 0xa986, 
	0xa986, 0xa986, 0xa986, 0xa986, 0xa986, 0xa986, 0xa986, 0xa986, 0xe696, 0xe696, 0xde96, 0xdeb6, 0xe6d7, 0xe6f7, 0xeef8, 0xef38, 
	0xef3a, 0xef19, 0xf75a, 0xe6d8, 0xe6f9, 0xe6f8, 0xe719, 0xe6f8, 0xa986, 0xa986, 0xa986, 0xa986, 0xa986, 0xa986, 0xa986, 0xa986, 
	0xa986, 0xa986, 0xa986, 0xa986, 0xa986, 0xa986, 0xa986, 0xa986, 0xa986, 0xa986, 0xa986, 0xa986, 0xd675, 0xd675, 0xdeb6, 0xe718, 
	0xe718, 0x7b6b, 0xce54, 0xd675, 0xd675, 0xb531, 0x944e, 0x62c9, 0x5288, 0x62e9, 0x4a06, 0x3164, 0x7b8d, 0x62ca, 0x6b2b, 0x8c0f, 
	0x7b6d, 0x6b0b, 0x5a69, 0x62ca, 0x5268, 0x6aeb, 0x736c, 0x736c, 0x6b2b, 0x5248, 0x4a27, 0x41c6, 0x3985, 0x41c6, 0x41c6, 0x39c6, 
	0x39c6, 0x39a5, 0x3185, 0x2944, 0x41e7, 0x20e3, 0x2924, 0x2103, 0x3165, 0x2944, 0x41e7, 0x3185, 0x39c6, 0x4207, 0x41e7, 0x39c6, 
	0x3185, 0x39a6, 0x39c6, 0x39c6, 0x4a28, 0x3165, 0x3986, 0x3185, 0x2924, 0x2103, 0x20e3, 0x2924, 0x2103, 0x20e3, 0x2924, 0x20e3, 
	0x31c6, 0x4a48, 0x2945, 0x2125, 0x6b6e, 0x3a08, 0x3a08, 0x4a8a, 0x31c7, 0x6b6d, 0x3a08, 0x632d, 0x630c, 0x2944, 0x738d, 0x39c6, 
	0x4a28, 0x39c6, 0x4a07, 0x5a89, 0x5aa9, 0x41e6, 0x41e5, 0x41e5, 0x4a26, 0x41e5, 0x5247, 0x41e5, 0x4a06, 0x39a4, 0x4a26, 0x41e5, 
	0x5247, 0x4a06, 0x5247, 0xa4cf, 0xa986, 0xa986, 0xa986, 0xa986, 0xa986, 0xa986, 0xa986, 0xa986, 0xa986, 0xa986, 0xa986, 0xa986, 
	0xa986, 0xa986, 0xa986, 0xa986, 0xa986, 0xa986, 0xa986, 0xa986, 0xe6b7, 0xe696, 0xe6b7, 0xdeb6, 0xdeb6, 0xde96, 0xe6f7, 0xef18, 
	0xe6f9, 0xef19, 0xdeb8, 0xe6f8, 0xe6f8, 0xe6f8, 0xdeb8, 0xe6d8, 0xded8, 0xded7, 0xded7, 0xe6d8, 0xa986, 0xa986, 0xa986, 0xa986, 
	0xa986, 0xa986, 0xa986, 0xa986, 0xa986, 0xa986, 0xa986, 0xa986, 0xded7, 0xded7, 0xe6f8, 0xd696, 0xded7, 0xe6f7, 0xe6f7, 0xce15, 
	0x83ab, 0xd655, 0xe6f7, 0xd675, 0xd634, 0x8c2e, 0x5aa8, 0x6b0a, 0x5267, 0x3163, 0x41c5, 0x6b0b, 0x6b2b, 0x6b0b, 0x736c, 0x734c, 
	0x6b0b, 0x5248, 0x734c, 0x7b8d, 0x83ae, 0x5a89, 0x4a27, 0x4207, 0x4207, 0x4207, 0x4a27, 0x4a27, 0x4206, 0x4a27, 0x3185, 0x3145, 
	0x2944, 0x3185, 0x39a6, 0x3185, 0x3986, 0x20e3, 0x2924, 0x39c6, 0x3165, 0x39a6, 0x41e7, 0x41e7, 0x39a6, 0x39a6, 0x39c6, 0x39c6, 
	0x39c6, 0x39a6, 0x39a6, 0x41c7, 0x41c7, 0x39a6, 0x41c7, 0x3165, 0x2103, 0x2924, 0x2924, 0x3185, 0x3986, 0x18c2, 0x2103, 0x2944, 
	0x39e7, 0x39e7, 0x18c3, 0x4228, 0x31a7, 0x39e8, 0x4a8a, 0x4a8a, 0x2986, 0x4a8a, 0x4a69, 0x39e7, 0x632c, 0x6b4c, 0x3185, 0x4a48, 
	0x41c7, 0x39c6, 0x39a5, 0x4a27, 0x39a5, 0x49e7, 0x39a5, 0x41e6, 0x41c5, 0x41e5, 0x4a06, 0x41e5, 0x5a88, 0x49e6, 0x4a06, 0x41e5, 
	0x49e5, 0x5226, 0x5226, 0x5206, 0xc593, 0x942c, 0xb530, 0xe6b6, 0xa986, 0xa986, 0xa986, 0xa986, 0xa986, 0xa986, 0xa986, 0xa986, 
	0xa986, 0xa986, 0xa986, 0xa986, 0xde96, 0xe696, 0xe696, 0xe696, 0xe696, 0xe696, 0xe696, 0xe6d7, 0xe6d7, 0xe6d7, 0xe6d7, 0xef18, 
	0xe6f9, 0xe719, 0xe6f8, 0xe6f9, 0xe6f8, 0xe6d8, 0xdeb8, 0xded7, 0xdeb7, 0xdeb7, 0xdeb7, 0xded7, 0xa986, 0xa986, 0xa986, 0xa986, 
	0xa986, 0xa986, 0xa986, 0xa986, 0xa986, 0xa986, 0xa986, 0xa986, 0xded7, 0xef19, 0xdeb7, 0xe6d7, 0xded7, 0xe6f7, 0xde96, 0x8bed, 
	0xef38, 0xd655, 0xf779, 0xb552, 0x3984, 0x6b2a, 0x5a88, 0x3984, 0x3984, 0x944f, 0x6b0a, 0x6b2b, 0x734c, 0x5aa9, 0x5aa9, 0x6b0b, 
	0x62eb, 0x83ae, 0x6b4c, 0x4a28, 0x41c7, 0x4a07, 0x41e6, 0x5268, 0x4a47, 0x41e6, 0x41e6, 0x41e6, 0x41e6, 0x3986, 0x2924, 0x3165, 
	0x3165, 0x41e7, 0x4207, 0x3145, 0x2924, 0x2924, 0x41e7, 0x39a6, 0x3185, 0x4a28, 0x4207, 0x39a6, 0x3185, 0x2924, 0x39a6, 0x41c7, 
	0x39c6, 0x41e7, 0x39a6, 0x39c6, 0x39c6, 0x20e3, 0x3185, 0x2944, 0x2924, 0x2103, 0x2924, 0x62cb, 0x3185, 0x3165, 0x2944, 0x39c6, 
	0x4207, 0x3a07, 0x2124, 0x4228, 0x39e8, 0x31c7, 0x52cb, 0x5b0c, 0x632c, 0x31a6, 0x4228, 0x4249, 0x39e7, 0x4a49, 0x5289, 0x31a6, 
	0x39a6, 0x39c6, 0x39a5, 0x39c6, 0x41c6, 0x39a5, 0x41e6, 0x41c6, 0x41e6, 0x41e6, 0x41e5, 0x41e5, 0x41c5, 0x41e5, 0x5247, 0x4a06, 
	0x4a06, 0x4a06, 0x5247, 0x5227, 0x6ae9, 0x9c6e, 0xcdf3, 0x7b6b, 0xa986, 0xa986, 0xa986, 0xa986, 0xa986, 0xa986, 0xa986, 0xa986, 
	0xa986, 0xa986, 0xa986, 0xa986, 0xe696, 0xde96, 0xde96, 0xde76, 0xe696, 0xe696, 0xe696, 0xe696, 0xe6d7, 0xe6b7, 0xdeb6, 0xe6d7, 
	0xe6f9, 0xe6f9, 0xef39, 0xe719, 0xded8, 0xdeb7, 0xdeb8, 0xe718, 0xe6d8, 0xd676, 0xe6f8, 0xe6d8, 0xa986, 0xa986, 0xa986, 0xa986, 
	0xa986, 0xa986, 0xa986, 0xa986, 0xa986, 0xa986, 0xa986, 0xa986, 0xe6d8, 0xdeb7, 0xe6f8, 0xe6f7, 0xd695, 0xe6d8, 0xa4d0, 0xe6f7, 
	0xe718, 0xded7, 0xce55, 0x62c9, 0x5a88, 0x5267, 0x4a26, 0x4a06, 0x7bac, 0x5268, 0x6b0a, 0x5a89, 0x732c, 0x62ea, 0x62aa, 0x6b2b, 
	0x6b0b, 0x3165, 0x5269, 0x4a28, 0x41e7, 0x4a28, 0x5268, 0x41e6, 0x4a27, 0x39c5, 0x39a5, 0x2923, 0x3185, 0x3185, 0x3185, 0x39c6, 
	0x41e7, 0x4207, 0x3165, 0x2924, 0x39c6, 0x4a48, 0x39c6, 0x3185, 0x4a48, 0x4a08, 0x39a6, 0x3986, 0x39a6, 0x4a48, 0x39c6, 0x39c6, 
	0x41e7, 0x3185, 0x4a48, 0x39a6, 0x5249, 0x3165, 0x2924, 0x2944, 0x2904, 0x18a2, 0x18a2, 0x3165, 0x31a6, 0x39e7, 0x2124, 0x31a6, 
	0x4227, 0x4228, 0x39c7, 0x4228, 0x3a08, 0x4228, 0x4249, 0x4a8a, 0x3a08, 0x4a8a, 0x4248, 0x39e7, 0x3a08, 0x52ca, 0x5aca, 0x4207, 
	0x39c6, 0x4207, 0x39c6, 0x3164, 0x39c6, 0x41e6, 0x39a5, 0x3985, 0x39a5, 0x3164, 0x41e6, 0x39a4, 0x39a4, 0x41e5, 0x41c5, 0x41e5, 
	0x41c5, 0x49e5, 0x49e6, 0x5226, 0x4a06, 0x732a, 0x944e, 0xb510, 0xa986, 0xa986, 0xa986, 0xa986, 0xa986, 0xa986, 0xa986, 0xa986, 
	0xa986, 0xa986, 0xa986, 0xa986, 0xde75, 0xde75, 0xde75, 0xe696, 0xe696, 0xe696, 0xe696, 0xe696, 0xe6d7, 0xdeb6, 0xe6f7, 0xeef8, 
	0xe6f8, 0xe719, 0xe719, 0xded8, 0xe6d8, 0xe6f8, 0xded7, 0xdeb7, 0xe6f8, 0xded7, 0xdeb7, 0xe6f8, 0xa986, 0xa986, 0xa986, 0xa986, 
	0xa986, 0xa986, 0xa986, 0xa986, 0xa986, 0xa986, 0xa986, 0xa986, 0xc5f4, 0xe6d8, 0xe6d8, 0xded7, 0xe6f7, 0xc5d3, 0xbdb2, 0xe718, 
	0xce14, 0xbd92, 0x62c8, 0x5247, 0x5a67, 0x4a26, 0x4a26, 0x5aa8, 0x734b, 0x62e9, 0x62ea, 0x736c, 0x4a27, 0x630b, 0x5aaa, 0x5248, 
	0x5aaa, 0x4a28, 0x4a48, 0x5269, 0x5aca, 0x4a48, 0x3986, 0x3185, 0x41e7, 0x41c7, 0x3165, 0x4207, 0x3185, 0x3185, 0x2944, 0x3185, 
	0x39a6, 0x41e7, 0x39c6, 0x4a28, 0x41e7, 0x39c6, 0x3165, 0x5aca, 0x39c6, 0x3165, 0x4207, 0x3185, 0x3185, 0x39a6, 0x41e7, 0x4207, 
	0x39a6, 0x41e7, 0x4207, 0x39a6, 0x39a6, 0x39a6, 0x2904, 0x4207, 0x3165, 0x2103, 0x18c2, 0x20e3, 0x52ca, 0x4207, 0x2144, 0x31c6, 
	0x4228, 0x4249, 0x4249, 0x31c7, 0x31a7, 0x4a6a, 0x4a8a, 0x4249, 0x73af, 0x31c7, 0x3a07, 0x31c7, 0x4a69, 0x4228, 0x630b, 0x39c6, 
	0x4228, 0x39c6, 0x4a48, 0x3164, 0x3185, 0x39a5, 0x2923, 0x3985, 0x39a5, 0x3143, 0x39a5, 0x3164, 0x3164, 0x2923, 0x3143, 0x2922, 
	0x41e5, 0x41e5, 0x4206, 0x4a26, 0x5a88, 0x62c9, 0x7b4b, 0x5a67, 0xa986, 0xa986, 0xa986, 0xa986, 0xa986, 0xa986, 0xa986, 0xa986, 
	0xa986, 0xa986, 0xa986, 0xa986, 0xde95, 0xde75, 0xde75, 0xeed7, 0xde96, 0xe696, 0xe696, 0xde75, 0xdeb6, 0xe6d7, 0xe6f7, 0xe6d7, 
	0xe719, 0xe6d8, 0xe6f8, 0xded8, 0xe719, 0xe6d8, 0xdeb7, 0xef39, 0xe6f8, 0xdeb7, 0xded7, 0xe6d8, 0xe6d8, 0xe6d8, 0xe6d8, 0xded7, 
	0xa986, 0xa986, 0xa986, 0xa986, 0xe6f8, 0xd696, 0xd696, 0xded7, 0xde97, 0xd676, 0xe6d8, 0xbdd3, 0xd696, 0xa4d0, 0xff9a, 0xbdb2, 
	0xad51, 0x732a, 0x9c8f, 0x62c8, 0x4a26, 0x5247, 0x6b4b, 0x5ac9, 0x5aa9, 0x62ca, 0x5248, 0x4a08, 0x5269, 0x4a28, 0x5aaa, 0x41e7, 
	0x41c7, 0x4a48, 0x4a28, 0x39c6, 0x3986, 0x3185, 0x4207, 0x41e7, 0x2944, 0x41e7, 0x4a28, 0x4207, 0x39c6, 0x4a08, 0x41e7, 0x39a6, 
	0x4a08, 0x4207, 0x4207, 0x4a28, 0x3986, 0x41e7, 0x5289, 0x3986, 0x3986, 0x4a08, 0x41e7, 0x3185, 0x39c6, 0x4a28, 0x4a28, 0x3185, 
	0x4a08, 0x39a6, 0x4a28, 0x3185, 0x5269, 0x39a6, 0x2944, 0x2924, 0x20e3, 0x1081, 0x2103, 0x2965, 0x6b6d, 0x4a68, 0x3a07, 0x1903, 
	0x4228, 0x3a08, 0x4228, 0x31c7, 0x5aec, 0x5aec, 0x4228, 0x3a08, 0x4229, 0x4249, 0x4248, 0x31c7, 0x4228, 0x4a68, 0x4207, 0x3185, 
	0x39c6, 0x41e7, 0x39c6, 0x5289, 0x2923, 0x3144, 0x2923, 0x3144, 0x3164, 0x2923, 0x39a5, 0x3164, 0x3984, 0x39a5, 0x3143, 0x3163, 
	0x3984, 0x2922, 0x41c5, 0x41e5, 0x41c5, 0x41c5, 0x3163, 0xa4d0, 0x6aa8, 0xcdf3, 0xe6b5, 0x5a47, 0xa986, 0xa986, 0xa986, 0xa986, 
	0xe696, 0xe696, 0xde76, 0xde96, 0xde55, 0xde55, 0xde75, 0xe696, 0xe6b6, 0xde76, 0xde96, 0xe6d7, 0xe6d7, 0xdeb6, 0xe6f7, 0xde96, 
	0xe719, 0xe6f9, 0xe6f8, 0xe6f8, 0xe6f8, 0xef19, 0xded7, 0xe6f8, 0xded7, 0xde97, 0xde97, 0xdeb7, 0xded7, 0xded7, 0xe6d7, 0xe6f8, 
	0xa986, 0xa986, 0xa986, 0xa986, 0xef19, 0xded7, 0xe718, 0xded7, 0xded7, 0xded7, 0xef38, 0xded7, 0xe6f7, 0x9c8e, 0xf759, 0x9c6f, 
	0x62c9, 0x8c0e, 0x6b09, 0x5267, 0x840e, 0x7b8c, 0x6b4a, 0x62c9, 0x5247, 0x5a69, 0x5248, 0x5248, 0x5269, 0x5aaa, 0x41e7, 0x5289, 
	0x5269, 0x39a6, 0x3165, 0x3165, 0x3185, 0x4a28, 0x3185, 0x3185, 0x4a28, 0x4a28, 0x4207, 0x39c6, 0x39a6, 0x39c6, 0x3185, 0x5269, 
	0x4207, 0x4a28, 0x5aca, 0x3145, 0x4a28, 0x5269, 0x3165, 0x41e7, 0x5289, 0x3185, 0x39c6, 0x39a6, 0x3186, 0x39e7, 0x3186, 0x5aaa, 
	0x4a28, 0x5acb, 0x5269, 0x39a6, 0x2944, 0x20e3, 0x39c6, 0x2924, 0x2103, 0x2924, 0x2944, 0x39e7, 0x39c7, 0x4249, 0x39e7, 0x2965, 
	0x39e7, 0x31a6, 0x52cb, 0x31a7, 0x2986, 0x4a6a, 0x4a69, 0x4209, 0x5aec, 0x3a08, 0x4228, 0x4228, 0x2944, 0x2965, 0x31a6, 0x4207, 
	0x41e7, 0x41e7, 0x4a48, 0x41e6, 0x41e6, 0x3144, 0x41e6, 0x2923, 0x3164, 0x3984, 0x41c5, 0x41c5, 0x39a5, 0x2923, 0x3143, 0x3984, 
	0x3984, 0x3163, 0x39a4, 0x3163, 0x5288, 0x41e5, 0x41c5, 0x49e5, 0x732a, 0x5225, 0xbd71, 0xd655, 0xa986, 0xa986, 0xa986, 0xa986, 
	0xe696, 0xde55, 0xe696, 0xe6b6, 0xe696, 0xde75, 0xde55, 0xde75, 0xe6b7, 0xe696, 0xe696, 0xdeb6, 0xe6b7, 0xe6d7, 0xe6f7, 0xe6d7, 
	0xe6f9, 0xe6f9, 0xe6f8, 0xef19, 0xdeb7, 0xdeb7, 0xdeb7, 0xe6f8, 0xdeb7, 0xded7, 0xde97, 0xdeb6, 0xdeb6, 0xe6d7, 0xded7, 0xe6d7, 
	0xa986, 0xa986, 0xa986, 0xa986, 0xe6d8, 0xde97, 0xe6d7, 0xe6f7, 0xded7, 0xded7, 0xe6d7, 0xdeb7, 0xd676, 0xc5f4, 0xad11, 0x942e, 
	0x5247, 0x6aea, 0x62c9, 0x630a, 0x5267, 0x5a88, 0x5a88, 0x41e6, 0x5a88, 0x3164, 0x5a89, 0x5269, 0x5aca, 0x62eb, 0x41e7, 0x4a08, 
	0x4a48, 0x31a6, 0x4207, 0x41e7, 0x52aa, 0x31a6, 0x39e7, 0x5289, 0x39e7, 0x5289, 0x5269, 0x4a48, 0x41e7, 0x41e7, 0x4207, 0x41e7, 
	0x3185, 0x3185, 0x39a6, 0x4a08, 0x4a48, 0x3185, 0x31a6, 0x4207, 0x39c6, 0x2124, 0x39c6, 0x39e7, 0x4a48, 0x4207, 0x39e7, 0x5289, 
	0x4248, 0x3185, 0x41e7, 0x39e7, 0x18c2, 0x18e3, 0x4207, 0x39a6, 0x2965, 0x31a6, 0x39c6, 0x4207, 0x31a6, 0x52ca, 0x4249, 0x2965, 
	0x4228, 0x2986, 0x5aec, 0x31a6, 0x2124, 0x52eb, 0x4a8a, 0x2986, 0x4a8b, 0x4249, 0x39e7, 0x4a69, 0x31a6, 0x2964, 0x39e7, 0x3a07, 
	0x2944, 0x39a6, 0x39a5, 0x4a27, 0x39a5, 0x39a5, 0x3144, 0x20c2, 0x3164, 0x3143, 0x3164, 0x3143, 0x39a5, 0x2923, 0x3143, 0x3143, 
	0x3143, 0x3143, 0x3163, 0x3143, 0x3163, 0x41e5, 0x41c5, 0x3964, 0x49e5, 0x6b09, 0x62a7, 0xd614, 0xa986, 0xa986, 0xa986, 0xa986, 
	0xce13, 0xbd71, 0xbd51, 0xb530, 0xd614, 0xc5b2, 0xcdf3, 0xde55, 0xd634, 0xd635, 0xcdf4, 0xc5b3, 0xcdf4, 0xd635, 0xce34, 0xd655, 
	0xe6f8, 0xe6f9, 0xe6f8, 0xdeb7, 0xe6d8, 0xe6f8, 0xdeb7, 0xded7, 0xdeb6, 0xdeb6, 0xe718, 0xded7, 0xdeb7, 0xe6f8, 0xded7, 0xe6d8, 
	0xa986, 0xa986, 0xa986, 0xa986, 0xded7, 0xded7, 0xded7, 0xded7, 0xe718, 0xded7, 0xde96, 0xdeb6, 0x9cae, 0xef19, 0x7b8b, 0x5a88, 
	0x732a, 0x6b0a, 0x4a26, 0x5a88, 0x4a26, 0x4a06, 0x4a06, 0x4a06, 0x4a06, 0x62ca, 0x62aa, 0x41c7, 0x4a08, 0x4a08, 0x5269, 0x4a28, 
	0x5aeb, 0x52aa, 0x5aec, 0x4a8a, 0x630b, 0x4207, 0x4a69, 0x4a69, 0x39e7, 0x3185, 0x39a6, 0x41e7, 0x3165, 0x4207, 0x41e7, 0x39c6, 
	0x2965, 0x2944, 0x41e7, 0x5aca, 0x4207, 0x4207, 0x4a48, 0x39e7, 0x2123, 0x2103, 0x4a68, 0x4a48, 0x3a07, 0x4a68, 0x4228, 0x5289, 
	0x4a69, 0x4227, 0x39e7, 0x31c6, 0x2924, 0x2924, 0x39a6, 0x3185, 0x4228, 0x4a48, 0x39e7, 0x2985, 0x39e7, 0x6b8d, 0x4229, 0x31a6, 
	0x31c7, 0x4a69, 0x8c91, 0x4249, 0x2985, 0x31a6, 0x6b8e, 0x31a7, 0x52cb, 0x39e8, 0x3a08, 0x3a07, 0x39c6, 0x3185, 0x39e6, 0x39c6, 
	0x5269, 0x3185, 0x3164, 0x3985, 0x39a5, 0x41c6, 0x39a5, 0x2902, 0x20e2, 0x2923, 0x3144, 0x2923, 0x3984, 0x3143, 0x2923, 0x2102, 
	0x3163, 0x3163, 0x3163, 0x3984, 0x39a4, 0x3984, 0x41c5, 0x41e5, 0x3143, 0x41c5, 0x8c0d, 0x6288, 0xa986, 0xa986, 0xa986, 0xa986, 
	0xd614, 0xd634, 0xe6b7, 0xe6b7, 0xe6b7, 0xde96, 0xe696, 0xde76, 0xde76, 0xde76, 0xde96, 0xde76, 0xe6b6, 0xe6d7, 0xe6d7, 0xe6d7, 
	0xef39, 0xe6f9, 0xdeb7, 0xe718, 0xef39, 0xdeb7, 0xdeb7, 0xded7, 0xe6d7, 0xe6f7, 0xded7, 0xe6f7, 0xded7, 0xe6f7, 0xe6d7, 0xd675, 
	0xded7, 0xd696, 0xdeb6, 0xded7, 0xdeb6, 0xef18, 0xe6d7, 0xce55, 0xdeb6, 0xded7, 0xdeb6, 0xd675, 0xa4d0, 0xcdf5, 0x9c8f, 0x736b, 
	0x5a88, 0x41e5, 0x4a26, 0x41c5, 0x41c5, 0x41c5, 0x5268, 0x3985, 0x41c6, 0x3164, 0x4a28, 0x4207, 0x39a6, 0x39c6, 0x3185, 0x4a48, 
	0x4a89, 0x39e7, 0x4a48, 0x39e7, 0x4248, 0x52aa, 0x39e6, 0x2965, 0x3165, 0x3185, 0x3185, 0x39c6, 0x41e7, 0x39a6, 0x39e7, 0x2985, 
	0x3185, 0x3185, 0x632c, 0x5269, 0x52aa, 0x39e7, 0x2124, 0x3185, 0x2965, 0x4a48, 0x4228, 0x4228, 0x4207, 0x31a6, 0x4a69, 0x31a5, 
	0x4227, 0x3185, 0x4a69, 0x2124, 0x18c2, 0x2103, 0x39a6, 0x39a6, 0x39c6, 0x31c6, 0x4227, 0x2964, 0x4227, 0x3a07, 0x4a69, 0x31a6, 
	0x2986, 0x4a69, 0x634d, 0x4a6a, 0x2144, 0x2965, 0x31a7, 0x3a08, 0x39e8, 0x632c, 0x31a6, 0x4228, 0x31a6, 0x39e6, 0x31a6, 0x39c6, 
	0x39c6, 0x2944, 0x4a27, 0x3144, 0x39a5, 0x3984, 0x41c5, 0x3985, 0x20e2, 0x2902, 0x3143, 0x2903, 0x3164, 0x3164, 0x3163, 0x3163, 
	0x2902, 0x3143, 0x3163, 0x3163, 0x3163, 0x3163, 0x39a4, 0x3984, 0x39a4, 0x2922, 0x6b09, 0x734a, 0xa48f, 0x8bec, 0x6ac8, 0x9c4d, 
	0xb550, 0xcdf3, 0xde76, 0xe696, 0xde76, 0xce14, 0xd635, 0xde76, 0xe6b7, 0xde96, 0xe696, 0xde96, 0xe6d7, 0xe6b7, 0xde96, 0xe6b7, 
	0xe6d8, 0xded8, 0xe6f8, 0xe6f8, 0xe718, 0xe6f8, 0xe718, 0xe6f7, 0xe6d7, 0xded7, 0xde96, 0xe6f7, 0xe6f7, 0xded7, 0xe6d7, 0xded7, 
	0xe6d7, 0xded7, 0xdeb6, 0xd696, 0xd696, 0xdeb6, 0xdeb6, 0xded7, 0xdeb6, 0xe6f7, 0xef38, 0x8bec, 0xd656, 0x734a, 0x62c9, 0x5a67, 
	0x3163, 0x3984, 0x41e5, 0x4a26, 0x4a06, 0x41c5, 0x39a5, 0x4a06, 0x4a06, 0x39a5, 0x39a6, 0x4a28, 0x31a6, 0x634c, 0x630b, 0x632c, 
	0x4a89, 0x632b, 0x4228, 0x4207, 0x39e7, 0x2965, 0x31a5, 0x31a6, 0x39c6, 0x3186, 0x39a6, 0x41e7, 0x39a6, 0x41e7, 0x2964, 0x39c6, 
	0x2944, 0x4a28, 0x6b2c, 0x4a28, 0x4228, 0x39c6, 0x3185, 0x2944, 0x39c6, 0x52aa, 0x31a6, 0x4a48, 0x4248, 0x4a68, 0x5289, 0x4a48, 
	0x39e7, 0x39c6, 0x6b6d, 0x2123, 0x2103, 0x41e7, 0x4207, 0x2924, 0x2944, 0x5289, 0x31c6, 0x3185, 0x39c6, 0x31a6, 0x6b8e, 0x4a8a, 
	0x2145, 0x31a6, 0x3a08, 0x6baf, 0x31a5, 0x2103, 0x632c, 0x39e8, 0x31c7, 0x31c7, 0x39e7, 0x31a6, 0x31a6, 0x31a6, 0x2124, 0x3165, 
	0x3165, 0x2944, 0x2944, 0x3164, 0x39a5, 0x4a07, 0x3985, 0x3984, 0x3164, 0x2902, 0x20e2, 0x2902, 0x2923, 0x2923, 0x20e2, 0x2922, 
	0x2902, 0x2922, 0x2922, 0x2922, 0x2922, 0x3984, 0x3984, 0x3163, 0x3984, 0x3163, 0x3143, 0x6ae9, 0x41a4, 0xbd71, 0xb511, 0xde55, 
	0xd614, 0xeed7, 0xcdd3, 0xd634, 0xeed7, 0xde75, 0xde76, 0xe6b7, 0xe6b6, 0xe6d7, 0xe696, 0xde96, 0xe6d7, 0xe6d7, 0xe6d7, 0xe6d7, 
	0xe719, 0xef19, 0xe719, 0xef19, 0xe6d8, 0xe6d8, 0xe6f8, 0xded7, 0xdeb6, 0xdeb6, 0xdeb6, 0xded7, 0xdeb6, 0xe6d7, 0xdeb6, 0xded7, 
	0xe6f7, 0xded7, 0xe6f7, 0xded7, 0xe6d7, 0xdeb6, 0xdeb6, 0xd696, 0xded7, 0xe6d7, 0xbd92, 0xb552, 0x62c9, 0x5247, 0x4a26, 0x3163, 
	0x41e5, 0x41e5, 0x62c9, 0x41c5, 0x3984, 0x4a06, 0x3985, 0x3985, 0x5268, 0x39c6, 0x39a6, 0x39a6, 0x4a28, 0x4a48, 0x4207, 0x4a28, 
	0x4228, 0x31c6, 0x39e7, 0x31a6, 0x3185, 0x39e6, 0x4227, 0x4227, 0x4228, 0x31a6, 0x4228, 0x2964, 0x2124, 0x31c6, 0x3185, 0x2965, 
	0x31a6, 0x5acb, 0x4a69, 0x4228, 0x4227, 0x3185, 0x4207, 0x31a6, 0x5289, 0x2965, 0x4a48, 0x4248, 0x39c6, 0x5289, 0x39c6, 0x4227, 
	0x4227, 0x31a6, 0x31c6, 0x39c6, 0x39c6, 0x39c6, 0x20e3, 0x3165, 0x3165, 0x5aaa, 0x39a6, 0x31a6, 0x39e7, 0x31a6, 0x8451, 0x7c10, 
	0x18c3, 0x2985, 0x2985, 0x6b6e, 0x4208, 0x2144, 0x3186, 0x31a7, 0x31c7, 0x31c7, 0x2986, 0x31a6, 0x39c6, 0x3185, 0x3165, 0x2944, 
	0x2924, 0x2103, 0x3185, 0x2964, 0x3164, 0x3144, 0x4a06, 0x41e6, 0x39a5, 0x2902, 0x2903, 0x18a1, 0x2923, 0x2902, 0x20e2, 0x2923, 
	0x2903, 0x2923, 0x3984, 0x2922, 0x2922, 0x3143, 0x3163, 0x39a4, 0x3184, 0x39c5, 0x3984, 0x39c5, 0x5a87, 0x3963, 0xbd71, 0xd614, 
	0xd634, 0xe696, 0xd634, 0xd614, 0xde75, 0xe6b6, 0xe6b6, 0xde96, 0xde76, 0xe6d7, 0xe6d7, 0xe6d7, 0xe6d7, 0xe6d7, 0xe6d7, 0xe6b7, 
	0xe719, 0xef19, 0xdeb7, 0xef19, 0xe6f8, 0xef59, 0xdeb7, 0xe6f7, 0xe6f7, 0xded7, 0xe6f7, 0xe6d7, 0xdeb6, 0xded7, 0xdeb6, 0xe718, 
	0xded7, 0xef18, 0xded7, 0xe6f7, 0xdeb6, 0xded7, 0xded7, 0xe718, 0xe6f7, 0xe6f7, 0xbdb3, 0x41e5, 0x41e5, 0x41c5, 0x5aa8, 0x41e5, 
	0x5a88, 0x5267, 0x3184, 0x41e5, 0x3164, 0x3164, 0x41a5, 0x3144, 0x20c2, 0x3985, 0x39a6, 0x3185, 0x41e7, 0x3185, 0x3185, 0x2944, 
	0x39c6, 0x39c6, 0x39e7, 0x39e7, 0x4a48, 0x4228, 0x39c6, 0x31a6, 0x2103, 0x2944, 0x2944, 0x39e7, 0x2103, 0x2985, 0x31a5, 0x31a5, 
	0x5aca, 0x3185, 0x2965, 0x2965, 0x4a69, 0x4a69, 0x4a48, 0x632b, 0x3a07, 0x5aca, 0x39e7, 0x4228, 0x4a48, 0x52aa, 0x4a48, 0x5289, 
	0x31c6, 0x4248, 0x39e7, 0x4227, 0x3165, 0x2924, 0x2103, 0x39a6, 0x2944, 0x5aca, 0x2924, 0x4228, 0x2985, 0x39e7, 0x52cb, 0x4aaa, 
	0x2965, 0x5acb, 0x2124, 0x4228, 0x4228, 0x3185, 0x31a5, 0x39e7, 0x4249, 0x39c6, 0x31c6, 0x2103, 0x2965, 0x31a5, 0x3165, 0x2945, 
	0x2103, 0x2944, 0x39a5, 0x2944, 0x2943, 0x3143, 0x4a47, 0x3163, 0x39a4, 0x2902, 0x3984, 0x2943, 0x2922, 0x20e1, 0x20c1, 0x20e1, 
	0x3143, 0x20e2, 0x20e2, 0x2923, 0x2902, 0x3184, 0x3163, 0x3143, 0x3163, 0x39a4, 0x3984, 0x3163, 0x3963, 0x6b0a, 0x7b8b, 0x8bec, 
	0xcdf4, 0xeed7, 0xd654, 0xb510, 0xe696, 0xe696, 0xde75, 0xe696, 0xe696, 0xde96, 0xde96, 0xe6b7, 0xe6b7, 0xeed7, 0xe6d7, 0xde96, 
	0xef5a, 0xe6d8, 0xe6f8, 0xe6f8, 0xdeb7, 0xdeb6, 0xded6, 0xded7, 0xdeb6, 0xded7, 0xe6d7, 0xde96, 0xde96, 0xdeb6, 0xef38, 0xe6d7, 
	0xded7, 0xdeb6, 0xded7, 0xded7, 0xded7, 0xe6f7, 0xe6f7, 0xe6f7, 0xe718, 0xce14, 0x4206, 0x3984, 0x3984, 0x4a26, 0x5267, 0x41c5, 
	0x41c5, 0x3984, 0x41e5, 0x39a5, 0x3164, 0x3164, 0x1040, 0x2923, 0x2923, 0x3124, 0x3144, 0x3165, 0x3165, 0x41e7, 0x5aaa, 0x4a48, 
	0x4227, 0x632c, 0x5aeb, 0x31a6, 0x4207, 0x4207, 0x3185, 0x3185, 0x39c6, 0x39e7, 0x2944, 0x2964, 0x4207, 0x39e7, 0x39c6, 0x6b6d, 
	0x5289, 0x31a5, 0x2985, 0x31c6, 0x4a69, 0x4a49, 0x4a49, 0x4a49, 0x4228, 0x4a69, 0x528a, 0x39e7, 0x528a, 0x31a6, 0x52aa, 0x4208, 
	0x39c7, 0x632c, 0x2945, 0x2124, 0x41e7, 0x3165, 0x18e3, 0x39c7, 0x3165, 0x41e7, 0x2944, 0x4227, 0x2964, 0x4208, 0x4269, 0x634d, 
	0x3185, 0x4a89, 0x2944, 0x3185, 0x39c6, 0x3185, 0x2965, 0x2985, 0x3a07, 0x39c6, 0x3185, 0x2964, 0x2944, 0x4207, 0x3185, 0x3185, 
	0x2924, 0x3185, 0x3185, 0x2923, 0x18a1, 0x3164, 0x39a5, 0x2922, 0x3984, 0x39a4, 0x3163, 0x3984, 0x39c5, 0x2902, 0x2902, 0x2923, 
	0x20e2, 0x1880, 0x20e2, 0x20e2, 0x20e2, 0x3143, 0x3163, 0x3163, 0x2943, 0x3984, 0x41e5, 0x3984, 0x4206, 0x5aa8, 0x5a88, 0xb510, 
	0xbd72, 0xde75, 0xde55, 0xd614, 0xde75, 0xe6b6, 0xcdf3, 0xe6b7, 0xde76, 0xe696, 0xe6b7, 0xe696, 0xe696, 0xe696, 0xe6b7, 0xde96, 
	0xe6f8, 0xe6f8, 0xe718, 0xe6f8, 0xe6d7, 0xdeb6, 0xded7, 0xe718, 0xe6f7, 0xded7, 0xdeb6, 0xdeb6, 0xded7, 0xdeb6, 0xd696, 0xe6f7, 
	0xe6f7, 0xded7, 0xe6f7, 0xe6f7, 0xe6f7, 0xded7, 0xe6f7, 0xe6d7, 0x83cc, 0x83cc, 0x39a4, 0x3984, 0x41e5, 0x41e5, 0x4a06, 0x41c5, 
	0x41c5, 0x39a4, 0x4206, 0x3984, 0x18a1, 0x18a1, 0x20e2, 0x3143, 0x3985, 0x3164, 0x5248, 0x41e7, 0x5289, 0x4207, 0x4a48, 0x2944, 
	0x31c6, 0x3185, 0x3185, 0x39e6, 0x2144, 0x2103, 0x4228, 0x3185, 0x31a6, 0x39e7, 0x39e7, 0x39e6, 0x31a6, 0x5289, 0x5aca, 0x31c6, 
	0x31a6, 0x52a9, 0x3185, 0x31a6, 0x6b6d, 0x4a49, 0x52aa, 0x39e7, 0x4a49, 0x4228, 0x39c7, 0x31a6, 0x632c, 0x4208, 0x528a, 0x52ca, 
	0x5aeb, 0x3186, 0x3165, 0x2985, 0x2965, 0x4a89, 0x2103, 0x4a49, 0x3165, 0x3165, 0x39c6, 0x2944, 0x3185, 0x39e7, 0x39e7, 0x5b0c, 
	0x2965, 0x5aeb, 0x2965, 0x2944, 0x41e7, 0x2944, 0x2965, 0x3185, 0x18e3, 0x2965, 0x2965, 0x2924, 0x31a6, 0x3185, 0x4a48, 0x39c6, 
	0x3164, 0x20e2, 0x3185, 0x2903, 0x2903, 0x3144, 0x2923, 0x3984, 0x3163, 0x3163, 0x41c5, 0x3984, 0x3143, 0x3984, 0x2923, 0x2902, 
	0x20e2, 0x20e2, 0x2902, 0x18a1, 0x20e2, 0x20c2, 0x2903, 0x3984, 0x39c5, 0x3163, 0x3143, 0x3984, 0x41e5, 0x4a26, 0x5267, 0x5267, 
	0x942c, 0xeed7, 0xd634, 0xde75, 0xe6b6, 0xe6b6, 0xe6b7, 0xde96, 0xde96, 0xe696, 0xe696, 0xe696, 0xdeb6, 0xe696, 0xe6b7, 0xe6b7, 
	0xe6f8, 0xf77a, 0xe6f8, 0xde97, 0xe6f8, 0xdeb6, 0xe6f7, 0xded7, 0xded7, 0xe6f7, 0xded7, 0xded7, 0xd696, 0xded7, 0xe6f7, 0xe718, 
	0xe718, 0xe718, 0xe6f7, 0xe718, 0xe718, 0xe6f7, 0xd675, 0xce15, 0xc5f4, 0x5a87, 0x41e5, 0x5288, 0x41c5, 0x4206, 0x4206, 0x4a26, 
	0x3984, 0x39a4, 0x3164, 0x20c2, 0x20e2, 0x2923, 0x41c6, 0x3144, 0x3164, 0x4207, 0x4a28, 0x4207, 0x3185, 0x3a07, 0x39e7, 0x39e7, 
	0x2985, 0x31a6, 0x31c6, 0x39e7, 0x2944, 0x1903, 0x2103, 0x4228, 0x39c6, 0x4228, 0x39e6, 0x31a6, 0x6b6c, 0x52aa, 0x31a6, 0x3185, 
	0x2965, 0x2944, 0x4a49, 0x5aeb, 0x31a6, 0x5acb, 0x31a6, 0x52aa, 0x4a49, 0x4208, 0x2965, 0x4208, 0x632c, 0x52cb, 0x7bef, 0x52ab, 
	0x4207, 0x2944, 0x41e7, 0x2924, 0x2965, 0x39e7, 0x31a5, 0x5289, 0x2103, 0x2924, 0x2904, 0x3145, 0x31a6, 0x2965, 0x39c6, 0x4227, 
	0x52aa, 0x3165, 0x3145, 0x2944, 0x39a6, 0x39c6, 0x3185, 0x2965, 0x2144, 0x2965, 0x3185, 0x2944, 0x3145, 0x2924, 0x20e3, 0x3986, 
	0x2923, 0x2923, 0x2923, 0x3144, 0x3144, 0x2923, 0x2923, 0x3144, 0x2922, 0x3163, 0x3984, 0x3984, 0x3984, 0x2922, 0x2943, 0x2922, 
	0x2902, 0x20e2, 0x20e2, 0x20c2, 0x18a1, 0x18a1, 0x20e2, 0x2943, 0x3163, 0x39a4, 0x41c5, 0x5267, 0x3984, 0x4a06, 0x5a88, 0x6309, 
	0x83ca, 0xb530, 0xcdf3, 0xf718, 0xeed7, 0xe6b7, 0xe6b7, 0xe6b6, 0xe696, 0xe696, 0xe6b7, 0xe6b7, 0xe6b7, 0xe696, 0xde96, 0xe6d7, 
	0xe6f8, 0xe718, 0xded7, 0xe718, 0xe6f7, 0xe6f7, 0xded7, 0xef38, 0xe6d7, 0xef18, 0xe6d7, 0xded7, 0xe6f7, 0xdeb6, 0xe6d7, 0xe718, 
	0xe6f7, 0xe6d7, 0xe6f7, 0xe6f7, 0xe6f7, 0xbdb2, 0xd676, 0xc5f3, 0xce35, 0x5a67, 0x734b, 0x4a26, 0x5a88, 0x5247, 0x4a06, 0x41e5, 
	0x39a4, 0x20e1, 0x3984, 0x3144, 0x3144, 0x3985, 0x41a6, 0x41a6, 0x3985, 0x2923, 0x2903, 0x3185, 0x2944, 0x3185, 0x39c6, 0x5aeb, 
	0x4a69, 0x39e7, 0x39c6, 0x2124, 0x18c2, 0x2965, 0x4207, 0x39e7, 0x4a89, 0x3185, 0x4207, 0x4a28, 0x5269, 0x39c6, 0x2104, 0x39a6, 
	0x2964, 0x4207, 0x4229, 0x3a08, 0x5aeb, 0x31c7, 0x4a49, 0x39e7, 0x4a49, 0x4208, 0x52aa, 0x52ab, 0x52cb, 0x4a8a, 0x4208, 0x4a69, 
	0x18e3, 0x1882, 0x4207, 0x2964, 0x31a6, 0x31a6, 0x39e7, 0x4228, 0x2103, 0x18a2, 0x3185, 0x20e3, 0x2944, 0x2965, 0x3165, 0x4207, 
	0x5289, 0x39c6, 0x2944, 0x3165, 0x39a6, 0x3185, 0x3165, 0x2944, 0x2924, 0x3165, 0x2944, 0x2924, 0x20e3, 0x1081, 0x20e3, 0x2924, 
	0x2944, 0x3164, 0x20e2, 0x3164, 0x2923, 0x3164, 0x2903, 0x2902, 0x2902, 0x2923, 0x3163, 0x3163, 0x3984, 0x3984, 0x39a4, 0x3163, 
	0x2922, 0x2923, 0x2902, 0x18a1, 0x2902, 0x20e2, 0x1881, 0x20e1, 0x2902, 0x2922, 0x3163, 0x39a4, 0x4a26, 0x41c5, 0x4a06, 0x41e5, 
	0x7b6a, 0xacef, 0xeed7, 0xeef7, 0xe696, 0xde76, 0xde75, 0xe696, 0xde76, 0xde96, 0xde55, 0xe696, 0xe696, 0xe696, 0xdeb6, 0xe6b6, 
	0xe6f8, 0xef39, 0xe6f8, 0xe6f7, 0xd696, 0xe6f7, 0xe718, 0xe718, 0xded7, 0xde96, 0xded7, 0xe6f7, 0xe6f7, 0xe6f7, 0xe6f7, 0xe6f8, 
	0xe718, 0xe718, 0xe718, 0xe6d7, 0xe718, 0xe6f7, 0xd696, 0xd676, 0xc5d3, 0xad10, 0x732b, 0x5288, 0x41c5, 0x41e5, 0x5247, 0x3163, 
	0x2922, 0x3163, 0x41e6, 0x39a5, 0x3164, 0x2923, 0x3143, 0x20e2, 0x28e2, 0x20e2, 0x3184, 0x3164, 0x3185, 0x3165, 0x39a6, 0x3185, 
	0x3165, 0x0840, 0x18c2, 0x2103, 0x31a6, 0x31c6, 0x31c6, 0x4a69, 0x31a5, 0x4207, 0x41e7, 0x5269, 0x3185, 0x20e3, 0x41e7, 0x3165, 
	0x4a68, 0x52ca, 0x5aec, 0x73af, 0x5aec, 0x31a6, 0x39e7, 0x4a69, 0x31a6, 0x4249, 0x5aeb, 0x6b8e, 0x4229, 0x39e8, 0x5b0c, 0x2965, 
	0x2103, 0x3186, 0x1903, 0x39c6, 0x2964, 0x4a48, 0x31a6, 0x31c6, 0x18c2, 0x2924, 0x2103, 0x20e3, 0x18c2, 0x2924, 0x20e3, 0x3185, 
	0x41e7, 0x41c7, 0x3145, 0x2924, 0x39a6, 0x3145, 0x3185, 0x3145, 0x3165, 0x20c3, 0x2924, 0x2103, 0x2103, 0x18c2, 0x20e3, 0x2944, 
	0x2924, 0x3164, 0x2944, 0x2923, 0x2923, 0x3164, 0x2923, 0x3164, 0x20c1, 0x2902, 0x3163, 0x3984, 0x2922, 0x2922, 0x3984, 0x2943, 
	0x41c5, 0x3163, 0x2923, 0x2902, 0x2902, 0x20e1, 0x20e2, 0x2902, 0x2922, 0x2902, 0x3164, 0x3143, 0x39a4, 0x3984, 0x41c5, 0x39a4, 
	0x7b8b, 0xe6d7, 0xcdf3, 0xd614, 0xeed7, 0xeed7, 0xe6d7, 0xe6b7, 0xeed7, 0xeed7, 0xe696, 0xe6b7, 0xe696, 0xde96, 0xe6b7, 0xe6d7, 
	0xef59, 0xe6d8, 0xe6f7, 0xd675, 0xe6f7, 0xded7, 0xded7, 0xded7, 0xe6d7, 0xded7, 0xded7, 0xded7, 0xded7, 0xe6d8, 0xffbc, 0xe718, 
	0xe6f7, 0xe6f7, 0xe6d7, 0xe6f7, 0xdeb6, 0xe6f7, 0xded7, 0xe6d8, 0xce55, 0xe6f8, 0x5aa8, 0x41e5, 0x39a4, 0x41e5, 0x4a26, 0x4a26, 
	0x4a26, 0x41c5, 0x3164, 0x3144, 0x3164, 0x20c1, 0x20e2, 0x20e2, 0x2903, 0x2903, 0x2943, 0x2944, 0x2103, 0x39a6, 0x2903, 0x20c3, 
	0x18c2, 0x2103, 0x3165, 0x2944, 0x4228, 0x39e7, 0x4a69, 0x39c6, 0x5289, 0x2944, 0x4a28, 0x18c3, 0x4207, 0x39a6, 0x5aaa, 0x2103, 
	0x31a6, 0x634d, 0x8c92, 0x31a7, 0x4208, 0x4208, 0x4228, 0x3186, 0x4a49, 0x5aec, 0x52ab, 0x4229, 0x4249, 0x4a8a, 0x39c7, 0x18a2, 
	0x0820, 0x39a6, 0x2124, 0x2944, 0x3185, 0x39c6, 0x31a6, 0x3185, 0x2944, 0x20e3, 0x2103, 0x3165, 0x18c2, 0x3145, 0x1081, 0x1061, 
	0x3145, 0x3185, 0x3185, 0x20e3, 0x20e3, 0x18a2, 0x2924, 0x2904, 0x18c2, 0x0820, 0x20e3, 0x2944, 0x18a2, 0x18a2, 0x20e3, 0x18c2, 
	0x2924, 0x2103, 0x39a5, 0x3144, 0x2923, 0x3164, 0x3144, 0x2923, 0x3164, 0x2902, 0x20e1, 0x3163, 0x41c5, 0x3143, 0x2922, 0x3163, 
	0x39a4, 0x3184, 0x41c5, 0x3984, 0x18a0, 0x20e1, 0x20e1, 0x2902, 0x2943, 0x3143, 0x3143, 0x2943, 0x3984, 0x41c5, 0x4a06, 0x5247, 
	0x5267, 0xb551, 0xde75, 0xef17, 0xe696, 0xe6d7, 0xde55, 0xe6b7, 0xe696, 0xeed7, 0xe696, 0xe6b7, 0xe696, 0xe6b7, 0xe6b7, 0xdeb6, 
	0xe6f8, 0xef19, 0xef39, 0xe718, 0xe6f7, 0xded7, 0xe6f7, 0xe6f7, 0xdeb6, 0xdeb6, 0xdeb6, 0xded7, 0xded7, 0xe6d8, 0xd676, 0xe6f8, 
	0xdeb6, 0xe718, 0xe718, 0xe6f7, 0xe6f7, 0xe6f8, 0xe6d8, 0xd656, 0xd676, 0xe6d8, 0x6aea, 0x5247, 0x41c5, 0x5267, 0x39a4, 0x41c5, 
	0x41e5, 0x41e5, 0x2923, 0x20e2, 0x2903, 0x2902, 0x20e2, 0x2923, 0x20e2, 0x20c2, 0x3164, 0x2103, 0x2103, 0x39a5, 0x1081, 0x18c2, 
	0x2103, 0x3185, 0x39a6, 0x39e7, 0x4a68, 0x3186, 0x31a6, 0x41e7, 0x4a28, 0x4207, 0x3185, 0x39a6, 0x41e7, 0x2924, 0x0840, 0x4a48, 
	0x6b4e, 0x6b6e, 0x632c, 0x52aa, 0x52aa, 0x528a, 0x4228, 0x39a7, 0x4a6a, 0x630c, 0x31a6, 0x52cb, 0x39e8, 0x4249, 0x3986, 0x1061, 
	0x0820, 0x3a07, 0x31a5, 0x2985, 0x39e7, 0x39c6, 0x2965, 0x31a6, 0x2965, 0x2124, 0x18a2, 0x2944, 0x18c2, 0x20e3, 0x1061, 0x18c2, 
	0x4207, 0x4207, 0x39c5, 0x18a1, 0x2923, 0x2943, 0x2103, 0x2103, 0x2924, 0x2103, 0x3165, 0x20e3, 0x2103, 0x2103, 0x18c2, 0x0840, 
	0x2923, 0x2103, 0x18c1, 0x3164, 0x3985, 0x3144, 0x3143, 0x2902, 0x2903, 0x3164, 0x41c5, 0x3184, 0x2943, 0x41e5, 0x2943, 0x2922, 
	0x2902, 0x2902, 0x3984, 0x39a4, 0x41e5, 0x39a4, 0x20c1, 0x18a0, 0x20c1, 0x3984, 0x3163, 0x3143, 0x3163, 0x39c5, 0x5267, 0x39a5, 
	0x4205, 0x9c8f, 0xeed7, 0xde96, 0xe6d7, 0xeef7, 0xe6d7, 0xe6b7, 0xe6b6, 0xe696, 0xe696, 0xde96, 0xde96, 0xde55, 0xe696, 0xe6d7, 
	0xe718, 0xdeb7, 0xded7, 0xd696, 0xe6f7, 0xe6d7, 0xef18, 0xe6f7, 0xdeb6, 0xded7, 0xdeb6, 0xe6f8, 0xe6f7, 0xe6f8, 0xe6f8, 0xe718, 
	0xef19, 0xe6d8, 0xe6d8, 0xde97, 0xe6f7, 0xe6f7, 0xd676, 0xdeb7, 0xe6f7, 0xbdb3, 0x5a87, 0x62c9, 0x5247, 0x4a26, 0x5267, 0x4a26, 
	0x3163, 0x2903, 0x2923, 0x3143, 0x2923, 0x20c2, 0x20e2, 0x2902, 0x20c2, 0x2903, 0x2903, 0x1881, 0x1060, 0x1061, 0x2103, 0x3165, 
	0x4228, 0x39c6, 0x52aa, 0x39c6, 0x3185, 0x39a6, 0x39a6, 0x4a48, 0x4a08, 0x3165, 0x39c6, 0x4207, 0x2944, 0x2944, 0x4a48, 0x630c, 
	0x528a, 0x5aeb, 0x528a, 0x528a, 0x4a49, 0x5acb, 0x2965, 0x5aeb, 0x6b4d, 0x3186, 0x5aeb, 0x2965, 0x630c, 0x4a49, 0x0820, 0x1081, 
	0x18c3, 0x3a07, 0x4a69, 0x3185, 0x39a6, 0x3165, 0x3165, 0x3165, 0x39e7, 0x3186, 0x0820, 0x18c2, 0x20e3, 0x18c2, 0x20c2, 0x0840, 
	0x18c2, 0x3144, 0x41e6, 0x3164, 0x2923, 0x3164, 0x2103, 0x2103, 0x18a1, 0x2923, 0x2924, 0x2944, 0x18c2, 0x2944, 0x2103, 0x18a1, 
	0x1061, 0x2944, 0x2102, 0x2923, 0x2903, 0x3964, 0x2923, 0x2902, 0x2923, 0x3143, 0x3984, 0x2922, 0x3984, 0x2922, 0x3984, 0x2922, 
	0x20e1, 0x3984, 0x2902, 0x2902, 0x3163, 0x3984, 0x39c5, 0x4a26, 0x3163, 0x3984, 0x41c5, 0x3184, 0x3143, 0x39c5, 0x4a26, 0x5267, 
	0x734a, 0xacf0, 0xe696, 0xb550, 0xeed7, 0xe6b7, 0xe6b7, 0xeed7, 0xeed7, 0xe6b6, 0xde76, 0xde76, 0xde76, 0xde76, 0xe696, 0xe6b7, 
	0xe6f8, 0xef39, 0xef18, 0xdeb6, 0xdeb6, 0xe6f7, 0xe6f7, 0xded7, 0xe6f7, 0xded7, 0xe6f7, 0xe6f7, 0xe6f7, 0xded7, 0xdeb7, 0xded7, 
	0xe6d8, 0xe6f8, 0xe6d8, 0xe6f8, 0xe6d7, 0xe6f7, 0xe718, 0xded7, 0xef38, 0xc5b3, 0x7b8a, 0x4a46, 0x3143, 0x39a4, 0x4a06, 0x2102, 
	0x2922, 0x2923, 0x20e1, 0x2902, 0x20e2, 0x3985, 0x2903, 0x18a1, 0x20a2, 0x3144, 0x20e2, 0x18c2, 0x20e3, 0x39a6, 0x2944, 0x5289, 
	0x632b, 0x3185, 0x4a48, 0x2103, 0x3986, 0x41e7, 0x41e7, 0x39a6, 0x41e7, 0x39a6, 0x39a6, 0x4a48, 0x2924, 0x5aca, 0x4a69, 0x632c, 
	0x39e7, 0x5289, 0x528a, 0x528a, 0x528a, 0x52aa, 0x4208, 0x4a69, 0x31a6, 0x528a, 0x39c7, 0x5acb, 0x3186, 0x2124, 0x0840, 0x1081, 
	0x4a28, 0x4207, 0x39e7, 0x1081, 0x41e7, 0x3165, 0x2103, 0x3165, 0x39a6, 0x41c7, 0x3144, 0x2903, 0x20c2, 0x20c2, 0x20e2, 0x20e3, 
	0x20c2, 0x4a07, 0x4207, 0x2944, 0x20e2, 0x2923, 0x2102, 0x2923, 0x20e2, 0x1881, 0x18c2, 0x2924, 0x1080, 0x1081, 0x18a1, 0x2103, 
	0x0000, 0x18c2, 0x20e2, 0x18c2, 0x20e2, 0x20e2, 0x3164, 0x20c2, 0x20e2, 0x20e2, 0x20e1, 0x2922, 0x2922, 0x2922, 0x3163, 0x2922, 
	0x2922, 0x2102, 0x2922, 0x3163, 0x3143, 0x2943, 0x3163, 0x3984, 0x41e5, 0x39a4, 0x41e5, 0x4a26, 0x6aea, 0x49e6, 0x62a8, 0x6b09, 
	0x83cb, 0x83ab, 0xbd51, 0xbd92, 0xd635, 0xe6d7, 0xe6b7, 0xe696, 0xe696, 0xe696, 0xde76, 0xe696, 0xe696, 0xe696, 0xde76, 0xe696, 
	0xe6d8, 0xded7, 0xd676, 0xde96, 0xe6f7, 0xdeb6, 0xef18, 0xdeb6, 0xe6f7, 0xf759, 0xe6d8, 0xded7, 0xe6f8, 0xe6d8, 0xded7, 0xef18, 
	0xe6f8, 0xe718, 0xe6f8, 0xe6d7, 0xe718, 0xe6f7, 0xef38, 0xe718, 0xdeb6, 0xb592, 0xb572, 0x39a4, 0x41e5, 0x5267, 0x3984, 0x3143, 
	0x3143, 0x3143, 0x2922, 0x20e2, 0x3143, 0x20c2, 0x1040, 0x2903, 0x3144, 0x3985, 0x3985, 0x39c6, 0x41e7, 0x4a28, 0x4228, 0x3165, 
	0x3185, 0x2103, 0x3165, 0x3165, 0x3986, 0x3185, 0x3185, 0x3165, 0x2944, 0x3986, 0x39c6, 0x39a6, 0x5aca, 0x4a08, 0x4a49, 0x4a48, 
	0x5aeb, 0x31a6, 0x4a69, 0x4228, 0x4207, 0x4228, 0x4a69, 0x39c7, 0x5acb, 0x31a6, 0x39c7, 0x2103, 0x2945, 0x2924, 0x1081, 0x1081, 
	0x2944, 0x3a07, 0x2124, 0x18a2, 0x39e6, 0x3165, 0x20e3, 0x2924, 0x39c6, 0x2944, 0x18c2, 0x20c2, 0x20e2, 0x20e2, 0x20e2, 0x20e2, 
	0x20e2, 0x2924, 0x39c6, 0x39a5, 0x2103, 0x2103, 0x3184, 0x2923, 0x2923, 0x20e2, 0x2103, 0x2103, 0x20e2, 0x2944, 0x18a2, 0x2923, 
	0x18a2, 0x1081, 0x2103, 0x20e2, 0x20e2, 0x20e2, 0x20a2, 0x3164, 0x2902, 0x1880, 0x18a0, 0x2922, 0x3163, 0x2943, 0x3163, 0x39a4, 
	0x3984, 0x20e1, 0x20e1, 0x20e1, 0x3143, 0x3163, 0x3163, 0x3984, 0x3143, 0x3163, 0x39a4, 0x41e5, 0x49e6, 0x5a88, 0x5246, 0x9c8e, 
	0x9ccf, 0xc5b3, 0xd635, 0xde55, 0xe6b7, 0xe6b6, 0xe6b7, 0xe6b7, 0xeed7, 0xeed7, 0xe6b6, 0xde76, 0xe696, 0xde76, 0xe696, 0xe696, 
	0xded7, 0xe6d8, 0xd696, 0xe6f7, 0xe6f7, 0xe6f7, 0xe6f7, 0xe6f7, 0xe718, 0xded7, 0xe6f7, 0xdeb6, 0xe6f7, 0xe6f8, 0xe6f8, 0xe6f7, 
	0xe717, 0xe6f7, 0xe6f7, 0xe6f7, 0xdeb6, 0xe6d7, 0xd696, 0xd696, 0xdeb6, 0xe6f7, 0xc5f5, 0x83cd, 0x4a47, 0x41c5, 0x41c5, 0x2922, 
	0x3143, 0x2902, 0x3984, 0x41e6, 0x39a5, 0x41e6, 0x3985, 0x3144, 0x3144, 0x3164, 0x39a6, 0x3145, 0x41e7, 0x39c6, 0x2924, 0x3185, 
	0x3185, 0x20e3, 0x39a6, 0x3144, 0x39a6, 0x3165, 0x39a6, 0x41e7, 0x39c6, 0x41e7, 0x3145, 0x4207, 0x4207, 0x41e7, 0x3986, 0x5aaa, 
	0x4228, 0x4228, 0x39e6, 0x5289, 0x4207, 0x4228, 0x3185, 0x4228, 0x39e7, 0x4228, 0x2103, 0x2924, 0x2103, 0x20e3, 0x20e3, 0x39a6, 
	0x4a48, 0x39a6, 0x3185, 0x1861, 0x39a6, 0x2924, 0x20e2, 0x20e2, 0x41a6, 0x2903, 0x2923, 0x28e3, 0x3164, 0x20c2, 0x20e2, 0x1881, 
	0x18a1, 0x2923, 0x3986, 0x5aaa, 0x18c2, 0x18c2, 0x39c5, 0x3185, 0x2923, 0x2103, 0x2102, 0x18a1, 0x3985, 0x1081, 0x2924, 0x18c2, 
	0x2904, 0x18a1, 0x20c2, 0x20e2, 0x2923, 0x20e2, 0x2903, 0x2903, 0x2923, 0x2923, 0x3984, 0x1880, 0x20e2, 0x3163, 0x2922, 0x3163, 
	0x3163, 0x3143, 0x3984, 0x2102, 0x20e1, 0x3143, 0x3163, 0x3163, 0x3984, 0x2943, 0x3984, 0x39a4, 0x4206, 0x5ac9, 0x6ae9, 0xa48e, 
	0xf6f7, 0xde75, 0xde75, 0xe6b6, 0xeef8, 0xe6d7, 0xe6b6, 0xe6b7, 0xe696, 0xeed7, 0xeed7, 0xe6b7, 0xeed7, 0xe696, 0xde96, 0xde96, 
	0xdeb6, 0xe6f7, 0xdeb6, 0xded7, 0xdeb6, 0xd696, 0xe6f7, 0xe6f7, 0xe6f7, 0xded7, 0xdeb6, 0xef18, 0xe6f7, 0xe6f7, 0xded7, 0xded7, 
	0xe718, 0xe6d7, 0xded7, 0xded7, 0xe718, 0xded7, 0xe6f7, 0xded7, 0xded7, 0xef38, 0xa4f1, 0x4a46, 0x5267, 0x4206, 0x2102, 0x39a4, 
	0x2922, 0x2903, 0x3984, 0x41c5, 0x3164, 0x39a5, 0x39a5, 0x39a5, 0x3144, 0x2944, 0x39a6, 0x4207, 0x39a6, 0x39c6, 0x3185, 0x3185, 
	0x2904, 0x2924, 0x3185, 0x39a6, 0x2924, 0x39a6, 0x3165, 0x39a6, 0x3165, 0x3165, 0x5269, 0x41e7, 0x4a48, 0x39a6, 0x4a48, 0x4a28, 
	0x39a6, 0x41e7, 0x4207, 0x4208, 0x4207, 0x31a6, 0x2985, 0x4228, 0x3185, 0x20e3, 0x2103, 0x18a2, 0x1081, 0x20c2, 0x18a2, 0x3185, 
	0x3185, 0x3165, 0x2944, 0x20e3, 0x3185, 0x2903, 0x1881, 0x20a2, 0x3164, 0x3124, 0x2903, 0x20c2, 0x2903, 0x20e2, 0x2903, 0x2903, 
	0x20c2, 0x3144, 0x2102, 0x39c6, 0x39c6, 0x2943, 0x2103, 0x2944, 0x18c2, 0x2103, 0x2103, 0x20e2, 0x20e2, 0x20e2, 0x2103, 0x2103, 
	0x2103, 0x2923, 0x18c1, 0x18a1, 0x20e2, 0x20e2, 0x20c2, 0x20e2, 0x2923, 0x2923, 0x20c1, 0x2903, 0x20c1, 0x20e2, 0x3143, 0x2922, 
	0x3184, 0x3984, 0x41e5, 0x3184, 0x2102, 0x3143, 0x20e1, 0x2922, 0x39a4, 0x3184, 0x41c5, 0x4a06, 0x5267, 0x5247, 0x5a67, 0x8beb, 
	0xbd52, 0xe6b7, 0xde56, 0xe6b6, 0xeed7, 0xe696, 0xde96, 0xe6b7, 0xe696, 0xe696, 0xde96, 0xde76, 0xe696, 0xe696, 0xde96, 0xe696, 
	0xd675, 0xef59, 0xded7, 0xdeb6, 0xf779, 0xef38, 0xd696, 0xdeb6, 0xdeb6, 0xe6f7, 0xe718, 0xe718, 0xe718, 0xded7, 0xe6f7, 0xdeb6, 
	0xe6f7, 0xe6f7, 0xde96, 0xded7, 0xded7, 0xded7, 0xe6f7, 0xe6f7, 0xe6f7, 0xce55, 0xad10, 0x948f, 0x39a4, 0x3184, 0x39a4, 0x3163, 
	0x2902, 0x18a1, 0x39a5, 0x39a5, 0x3164, 0x39a5, 0x3985, 0x2923, 0x3144, 0x41e6, 0x39c6, 0x2923, 0x18c2, 0x3185, 0x2103, 0x3185, 
	0x39c6, 0x39c6, 0x3165, 0x39a6, 0x39c6, 0x2103, 0x3165, 0x3986, 0x41e7, 0x39a6, 0x39c6, 0x5aaa, 0x41c7, 0x39a6, 0x3185, 0x2944, 
	0x3165, 0x39a6, 0x5aca, 0x41e7, 0x39e7, 0x39e7, 0x39e7, 0x39a6, 0x2945, 0x20e3, 0x20e3, 0x18a2, 0x2924, 0x1081, 0x3985, 0x3986, 
	0x49e7, 0x3145, 0x1882, 0x41a6, 0x2924, 0x20e2, 0x28e2, 0x1881, 0x2923, 0x3144, 0x3144, 0x20e2, 0x20c2, 0x28e2, 0x2902, 0x3164, 
	0x2923, 0x20c1, 0x20c2, 0x3164, 0x41c6, 0x3144, 0x3164, 0x2924, 0x39c6, 0x1881, 0x2923, 0x2923, 0x1081, 0x3164, 0x2102, 0x18c2, 
	0x2923, 0x18c2, 0x18c1, 0x0840, 0x20e2, 0x18a1, 0x18a1, 0x20e2, 0x2903, 0x3144, 0x3143, 0x2923, 0x2923, 0x2923, 0x2922, 0x20e1, 
	0x3163, 0x39a4, 0x3984, 0x3984, 0x3984, 0x3163, 0x2902, 0x3143, 0x3163, 0x39a4, 0x39a4, 0x4a06, 0x5a88, 0x62e9, 0x732a, 0xa4cf, 
	0xbd92, 0xde76, 0xe6b6, 0xe6b6, 0xcdf4, 0xeed7, 0xe6b6, 0xe6b7, 0xe6b7, 0xe6d7, 0xde76, 0xe696, 0xe696, 0xe696, 0xe696, 0xe6b7, 
	0xde96, 0xef18, 0xde96, 0xe6d7, 0xe6f7, 0xd675, 0xe6f7, 0xe718, 0xded7, 0xded7, 0xe6f7, 0xe6f7, 0xe6f7, 0xe6f7, 0xe6f7, 0xe6f7, 
	0xdeb6, 0xd696, 0xded7, 0xe718, 0xe718, 0xded7, 0xe718, 0xe6f7, 0xe718, 0xef18, 0xf779, 0xf79a, 0x41e5, 0x3163, 0x3984, 0x3984, 
	0x2102, 0x4a06, 0x39a4, 0x41e5, 0x3985, 0x3984, 0x3964, 0x39a5, 0x3985, 0x1881, 0x18a1, 0x18c2, 0x18a1, 0x20c2, 0x39a5, 0x41e7, 
	0x3165, 0x39c6, 0x3185, 0x2944, 0x0000, 0x2924, 0x2944, 0x39c6, 0x2103, 0x3185, 0x4a48, 0x39c6, 0x3165, 0x39a6, 0x2924, 0x4207, 
	0x3185, 0x41c7, 0x5aaa, 0x3185, 0x41e7, 0x39a6, 0x3185, 0x39c6, 0x2904, 0x18a2, 0x20e3, 0x20c3, 0x18a2, 0x2903, 0x2903, 0x3965, 
	0x2924, 0x3985, 0x3165, 0x3144, 0x2903, 0x18a1, 0x2903, 0x20e2, 0x2923, 0x3984, 0x3164, 0x20e2, 0x20c1, 0x2902, 0x18a1, 0x20e2, 
	0x2903, 0x28e3, 0x20e2, 0x2903, 0x2923, 0x3985, 0x2103, 0x2903, 0x39a6, 0x3165, 0x2103, 0x2103, 0x2103, 0x2103, 0x3185, 0x0840, 
	0x20e2, 0x18a1, 0x20e2, 0x20e2, 0x1081, 0x20c2, 0x18a1, 0x1861, 0x2903, 0x28e2, 0x2923, 0x41e6, 0x20c1, 0x2902, 0x20e1, 0x2922, 
	0x2922, 0x2102, 0x2943, 0x3984, 0x3163, 0x3984, 0x3163, 0x3143, 0x3163, 0x41c5, 0x39c5, 0x39a4, 0x5247, 0x62c9, 0x8bec, 0xad10, 
	0xd635, 0xd614, 0xeef8, 0xeef8, 0xeed7, 0xe6d7, 0xe6b7, 0xe6b7, 0xe6b6, 0xeef7, 0xe696, 0xe696, 0xde76, 0xde76, 0xe696, 0xe696, 
	0xe6f8, 0xd675, 0xef59, 0xe6f7, 0xded7, 0xe718, 0xef38, 0xe718, 0xded7, 0xe6d7, 0xe6f7, 0xde96, 0xe6d7, 0xe6f7, 0xd696, 0xe718, 
	0xded7, 0xdeb6, 0xded7, 0xe6f7, 0xe718, 0xe6f7, 0xe718, 0xe6d7, 0xe6f7, 0xdeb6, 0xf779, 0xb592, 0x5a88, 0x41c5, 0x39a4, 0x41c5, 
	0x5247, 0x3163, 0x3984, 0x41c5, 0x39a5, 0x3984, 0x3164, 0x3144, 0x18a1, 0x20c2, 0x2903, 0x3144, 0x39c6, 0x2103, 0x3185, 0x2944, 
	0x3165, 0x3164, 0x2903, 0x20c2, 0x3985, 0x39a6, 0x2924, 0x2904, 0x3164, 0x5248, 0x41a6, 0x39a5, 0x39a5, 0x3985, 0x39c5, 0x3185, 
	0x39c6, 0x39c6, 0x2924, 0x39a6, 0x3185, 0x2944, 0x3185, 0x18c2, 0x18c2, 0x3986, 0x20e3, 0x20c2, 0x18a1, 0x3985, 0x3144, 0x3144, 
	0x3144, 0x3985, 0x39a5, 0x3985, 0x3144, 0x20c1, 0x18a1, 0x2923, 0x20e2, 0x2923, 0x3164, 0x20c2, 0x2923, 0x20c1, 0x20e2, 0x20e2, 
	0x18a1, 0x3144, 0x3124, 0x2903, 0x3124, 0x41c6, 0x3985, 0x3144, 0x2944, 0x39a5, 0x20e2, 0x2944, 0x39c6, 0x2923, 0x2943, 0x2923, 
	0x20e2, 0x2102, 0x18c1, 0x18a1, 0x20e2, 0x20c2, 0x20c2, 0x1881, 0x18a1, 0x2903, 0x2923, 0x3143, 0x1080, 0x2902, 0x20e1, 0x3143, 
	0x2102, 0x2922, 0x3163, 0x3163, 0x3163, 0x3984, 0x3163, 0x3163, 0x3984, 0x3984, 0x41e5, 0x41c5, 0x4a06, 0x62c9, 0x9caf, 0xb531, 
	0xde76, 0xeed7, 0xe6b7, 0xf718, 0xeef7, 0xe6d7, 0xe6b6, 0xe6b7, 0xe6d7, 0xeed7, 0xde55, 0xe6d7, 0xde96, 0xe696, 0xe696, 0xde96, 
	0xdeb7, 0xded7, 0xef39, 0xe6f7, 0xe6f7, 0xe6f7, 0xded7, 0xded7, 0xd696, 0xe718, 0xe718, 0xe6f7, 0xdeb6, 0xef38, 0xd696, 0xef38, 
	0xded7, 0xd675, 0xe6f7, 0xe6d7, 0xe6f7, 0xe6f7, 0xe718, 0xded7, 0xe718, 0xef38, 0xef18, 0xdeb6, 0x9470, 0x5aa8, 0x5267, 0x4a26, 
	0x41e5, 0x41e5, 0x41c5, 0x4a06, 0x3164, 0x2923, 0x3144, 0x3164, 0x3985, 0x3985, 0x3985, 0x2903, 0x2924, 0x39a6, 0x18a2, 0x3124, 
	0x20e2, 0x2903, 0x28e3, 0x2923, 0x2903, 0x3985, 0x3124, 0x41c6, 0x41c6, 0x41c6, 0x41c6, 0x3985, 0x3164, 0x2923, 0x3164, 0x41c6, 
	0x2924, 0x3165, 0x3165, 0x3165, 0x2944, 0x3145, 0x2924, 0x20e3, 0x39a6, 0x2103, 0x20c3, 0x18a2, 0x3165, 0x3965, 0x3144, 0x3143, 
	0x3144, 0x3985, 0x3144, 0x28e2, 0x2923, 0x2923, 0x1880, 0x2922, 0x18a1, 0x20e2, 0x3143, 0x3144, 0x20e2, 0x2902, 0x20e1, 0x2902, 
	0x18a0, 0x2902, 0x2923, 0x20e2, 0x20e2, 0x18a1, 0x41c6, 0x41c6, 0x2923, 0x2944, 0x39a5, 0x20e2, 0x20c2, 0x20e2, 0x2903, 0x20c2, 
	0x20e2, 0x18a1, 0x2102, 0x3164, 0x18c2, 0x20e2, 0x20e2, 0x20a2, 0x1881, 0x20c2, 0x20e2, 0x2902, 0x2923, 0x2102, 0x3163, 0x18a0, 
	0x20e2, 0x20c1, 0x1880, 0x2922, 0x3984, 0x39c5, 0x41c5, 0x2943, 0x39a4, 0x41e5, 0x41e5, 0x4a26, 0x4a06, 0x4a06, 0x62c8, 0xb531, 
	0xc5d3, 0xbd72, 0xc592, 0xe696, 0xeef8, 0xe6d7, 0xe696, 0xe696, 0xe6b7, 0xe6b7, 0xe696, 0xe696, 0xde96, 0xde96, 0xe6b6, 0xe6b7, 
	0xe6d7, 0xef18, 0xd696, 0xe718, 0xded7, 0xe718, 0xe6f7, 0xe6d7, 0xdeb6, 0xdeb6, 0xded7, 0xef38, 0xded7, 0xe718, 0xe6f7, 0xdeb6, 
	0xe6f7, 0xded7, 0xe6f7, 0xe6d7, 0xdeb6, 0xe6f7, 0xded7, 0xded7, 0xded7, 0xe6f7, 0xe6f7, 0xdeb7, 0xdeb8, 0x83cd, 0x6b0a, 0x6b0a, 
	0x6b2a, 0x4a47, 0x4a26, 0x3164, 0x3143, 0x2903, 0x3144, 0x3164, 0x3144, 0x18a1, 0x20c2, 0x1881, 0x28e3, 0x1881, 0x20e2, 0x20e2, 
	0x3124, 0x20e2, 0x3164, 0x3144, 0x2903, 0x41c6, 0x3164, 0x2923, 0x732c, 0x3144, 0x3164, 0x3164, 0x3124, 0x3144, 0x3164, 0x2903, 
	0x2924, 0x2944, 0x3165, 0x2944, 0x3145, 0x2944, 0x1061, 0x3145, 0x20e3, 0x1061, 0x1060, 0x3144, 0x20c2, 0x3985, 0x3964, 0x49c6, 
	0x3944, 0x3964, 0x49e6, 0x2902, 0x2902, 0x3143, 0x18a1, 0x20e2, 0x20e2, 0x2922, 0x2902, 0x20c2, 0x2902, 0x2902, 0x20c1, 0x20c1, 
	0x18c1, 0x2923, 0x3143, 0x3144, 0x20c2, 0x18a1, 0x1881, 0x39a5, 0x41e6, 0x2944, 0x2944, 0x2923, 0x20e2, 0x20a2, 0x20c2, 0x18a1, 
	0x2903, 0x2903, 0x2903, 0x18a1, 0x20c2, 0x1881, 0x18a1, 0x28e3, 0x18a1, 0x20e2, 0x20c1, 0x20e2, 0x2903, 0x2902, 0x20c2, 0x2902, 
	0x20e2, 0x2903, 0x2903, 0x18a1, 0x2902, 0x2102, 0x39a4, 0x39a4, 0x3163, 0x2922, 0x3163, 0x41e5, 0x4a06, 0x4a26, 0x62a8, 0xa48e, 
	0xa4af, 0xc592, 0xc5b2, 0xd635, 0xeed7, 0xe696, 0xde76, 0xe696, 0xde55, 0xd614, 0xde55, 0xe6b7, 0xe696, 0xe696, 0xde55, 0xe696, 
	0xdeb6, 0xdeb6, 0xdeb6, 0xded7, 0xe6f7, 0xdeb6, 0xe6f7, 0xd675, 0xde96, 0xded7, 0xdeb6, 0xe6f7, 0xdeb6, 0xe718, 0xef38, 0xef18, 
	0xded7, 0xded7, 0xe6f7, 0xef59, 0xded7, 0xdeb6, 0xef59, 0xe718, 0xdeb6, 0xd675, 0xded7, 0xded7, 0xc5d4, 0x8c0c, 0x944e, 0x6b0a, 
	0x41c5, 0x3984, 0x39a4, 0x3164, 0x3164, 0x3164, 0x20e2, 0x18a1, 0x1881, 0x1881, 0x18a1, 0x1040, 0x18a1, 0x1881, 0x2903, 0x2903, 
	0x2903, 0x20c2, 0x3144, 0x20e2, 0x3144, 0x2923, 0x3144, 0x3144, 0x3985, 0x3144, 0x3144, 0x2903, 0x2903, 0x2903, 0x20c2, 0x3124, 
	0x3165, 0x2944, 0x3185, 0x2944, 0x3165, 0x18a2, 0x2924, 0x20e3, 0x18a2, 0x18a1, 0x2923, 0x3144, 0x3964, 0x3964, 0x49c5, 0x49a5, 
	0x49a5, 0x4164, 0x2902, 0x3102, 0x20c1, 0x3963, 0x2902, 0x2902, 0x2902, 0x2922, 0x2902, 0x2923, 0x3984, 0x2902, 0x20e2, 0x2922, 
	0x2922, 0x2922, 0x2903, 0x2903, 0x3164, 0x3164, 0x1881, 0x28e3, 0x3164, 0x4a27, 0x3164, 0x2923, 0x2903, 0x1060, 0x20c2, 0x18a1, 
	0x20a2, 0x20e2, 0x18a1, 0x2903, 0x2923, 0x1881, 0x2903, 0x20c2, 0x3124, 0x2923, 0x18a1, 0x18a1, 0x18a1, 0x20e2, 0x20e2, 0x2902, 
	0x2923, 0x1880, 0x2902, 0x3143, 0x2902, 0x20e1, 0x2902, 0x2902, 0x3163, 0x3163, 0x39a4, 0x41e5, 0x41c5, 0x4206, 0x734a, 0x942d, 
	0xaccf, 0xe6d7, 0xe6d7, 0xde55, 0xe6b7, 0xe696, 0xe6b6, 0xde76, 0xde96, 0xde96, 0xeef7, 0xeed7, 0xeed7, 0xde76, 0xe696, 0xe696, 
	0xe6f7, 0xdeb6, 0xd696, 0xe718, 0xef59, 0xe718, 0xdeb6, 0xded7, 0xe6d7, 0xded7, 0xded7, 0xef38, 0xe6f7, 0xdeb6, 0xe6d7, 0xded7, 
	0xded7, 0xef18, 0xe6f7, 0xe6f7, 0xded7, 0xe718, 0xdeb6, 0xdeb6, 0xdeb6, 0xe6d7, 0xe718, 0xe6f7, 0xef39, 0x83cc, 0x8c2e, 0x4a06, 
	0x41e5, 0x41c5, 0x41c5, 0x3143, 0x3143, 0x20c2, 0x1040, 0x1881, 0x1060, 0x1040, 0x1060, 0x1060, 0x1881, 0x20e2, 0x2903, 0x2923, 
	0x2903, 0x2923, 0x39a5, 0x2923, 0x3164, 0x2923, 0x3124, 0x6b0a, 0x2902, 0x20e2, 0x2903, 0x2923, 0x20e2, 0x2903, 0x20c3, 0x2904, 
	0x1882, 0x2924, 0x2924, 0x20c3, 0x2924, 0x2903, 0x18a2, 0x1881, 0x1881, 0x20e2, 0x3144, 0x41a5, 0x4185, 0x3964, 0x49a5, 0x49c5, 
	0x51c6, 0x3943, 0x3102, 0x51c5, 0x3122, 0x28e1, 0x3943, 0x3943, 0x28e2, 0x3143, 0x2902, 0x2922, 0x39a4, 0x3163, 0x3143, 0x2923, 
	0x2903, 0x3143, 0x3144, 0x3144, 0x2903, 0x2923, 0x3164, 0x18a1, 0x20e2, 0x3985, 0x49e7, 0x3164, 0x3144, 0x2923, 0x2923, 0x28e3, 
	0x1040, 0x18a1, 0x20c2, 0x1881, 0x2903, 0x28e3, 0x3164, 0x28e3, 0x20e2, 0x18a1, 0x1881, 0x28e2, 0x2902, 0x20c2, 0x2902, 0x20e2, 
	0x2923, 0x20e2, 0x2902, 0x3143, 0x20c1, 0x20e2, 0x2902, 0x2902, 0x20e2, 0x3984, 0x39a4, 0x41c5, 0x5aa8, 0x62c9, 0xa48e, 0xe6d7, 
	0xd635, 0xeef7, 0xe6b7, 0xe6d7, 0xeed7, 0xf718, 0xeef8, 0xde96, 0xdeb6, 0xe6d7, 0xeed7, 0xeef7, 0xeed7, 0xe696, 0xe696, 0xe6d7, 
	0xe6d8, 0xdeb6, 0xe6f7, 0xe718, 0xe6f7, 0xd675, 0xe718, 0xef18, 0xef38, 0xe718, 0xe6f7, 0xdeb7, 0xe6f8, 0xded7, 0xd696, 0xdeb6, 
	0xe6f7, 0xe6f7, 0xded7, 0xe6f7, 0xdeb6, 0xe6f7, 0xe6d7, 0xde96, 0xded7, 0xdeb6, 0xe6f7, 0xdeb7, 0xef39, 0xad31, 0xad31, 0x5268, 
	0x39a4, 0x3184, 0x3143, 0x2923, 0x20c1, 0x1881, 0x20c2, 0x18a1, 0x1881, 0x1881, 0x20c2, 0x1060, 0x2903, 0x20e2, 0x2923, 0x3144, 
	0x20e2, 0x20a1, 0x2923, 0x1880, 0x20c2, 0x18a1, 0x3985, 0x2903, 0x20e2, 0x3164, 0x20e2, 0x20c2, 0x41a6, 0x28e3, 0x3965, 0x20c3, 
	0x2904, 0x20e3, 0x20c3, 0x20e2, 0x20e2, 0x20c2, 0x18a1, 0x18a1, 0x2903, 0x4a07, 0x49c5, 0x3964, 0x3943, 0x5a27, 0x51e6, 0x5a06, 
	0x4985, 0x4184, 0x3102, 0x49a5, 0x4164, 0x3102, 0x3102, 0x3944, 0x3143, 0x2902, 0x3963, 0x3122, 0x2902, 0x3164, 0x3144, 0x2923, 
	0x3143, 0x3143, 0x2923, 0x2903, 0x3144, 0x2903, 0x2923, 0x2923, 0x20c2, 0x1881, 0x3124, 0x4a07, 0x5248, 0x3165, 0x39c6, 0x18a2, 
	0x20e2, 0x2923, 0x20c2, 0x20e2, 0x20c2, 0x20a2, 0x20c2, 0x20c2, 0x2903, 0x2902, 0x20c2, 0x28e3, 0x20e2, 0x1880, 0x18a1, 0x20c1, 
	0x2903, 0x41c5, 0x39a5, 0x3985, 0x3143, 0x3164, 0x2902, 0x3164, 0x39a4, 0x41c5, 0x41c5, 0x3984, 0x5226, 0x8bcb, 0x83ab, 0xde75, 
	0xeef8, 0xde96, 0xde55, 0xe6b7, 0xeef8, 0xe6d7, 0xe6b7, 0xe6b7, 0xe6b6, 0xe6b7, 0xe6b7, 0xe6d7, 0xeed7, 0xe6b7, 0xe6b7, 0xe6b7, 
	0xe6d8, 0xdeb6, 0xded7, 0xd696, 0xdeb6, 0xd696, 0xe6f7, 0xded7, 0xef18, 0xe6f7, 0xded7, 0xe719, 0xe6d8, 0xd696, 0xef39, 0xd696, 
	0xded7, 0xd696, 0xdeb6, 0xd675, 0xded7, 0xe6f7, 0xdeb6, 0xded7, 0xdeb6, 0xe6f7, 0xe718, 0xde96, 0xdeb6, 0xef59, 0xbdb4, 0x5a67, 
	0x39a4, 0x3163, 0x3984, 0x3143, 0x3143, 0x2923, 0x20c1, 0x1880, 0x20c2, 0x20c2, 0x20c2, 0x2923, 0x18a1, 0x3164, 0x2923, 0x20c2, 
	0x1880, 0x20e2, 0x20c2, 0x20c2, 0x20e2, 0x3144, 0x62ea, 0x3144, 0x20e2, 0x20c2, 0x20c3, 0x20e3, 0x1061, 0x20e3, 0x20c2, 0x20e3, 
	0x18a2, 0x20a2, 0x20e2, 0x3144, 0x20e2, 0x1881, 0x1881, 0x20e2, 0x49e6, 0x4184, 0x3943, 0x3984, 0x51e5, 0x6227, 0x5a06, 0x51c5, 
	0x4184, 0x4143, 0x4184, 0x6a46, 0x6a67, 0x4984, 0x3923, 0x49c5, 0x3943, 0x3102, 0x3102, 0x4184, 0x3123, 0x3143, 0x3143, 0x3984, 
	0x3164, 0x2902, 0x3164, 0x3985, 0x3164, 0x2923, 0x3985, 0x3144, 0x3144, 0x2903, 0x28e3, 0x3144, 0x3165, 0x39a6, 0x5aaa, 0x49e7, 
	0x3165, 0x3965, 0x3144, 0x3985, 0x20e2, 0x3164, 0x20c2, 0x20c2, 0x18a1, 0x18a1, 0x28e3, 0x2923, 0x18a1, 0x20c1, 0x3164, 0x20c1, 
	0x3143, 0x2903, 0x3143, 0x2923, 0x3144, 0x3984, 0x39a5, 0x41c5, 0x39a4, 0x4a26, 0x41e5, 0x5247, 0x5226, 0x7329, 0x9c6e, 0xbd51, 
	0xbd71, 0xd614, 0xd635, 0xe696, 0xde75, 0xe696, 0xeed7, 0xef18, 0xe6b7, 0xe6b7, 0xe6d7, 0xe6b7, 0xef18, 0xe6d7, 0xe696, 0xde96, 
	0xe718, 0xded7, 0xef38, 0xded7, 0xd655, 0xe718, 0xdeb6, 0xe6f7, 0xe6d7, 0xe6d8, 0xef39, 0xef59, 0xe6f8, 0xe6d8, 0xdeb7, 0xe6d8, 
	0xe6f8, 0xe6f7, 0xe6d7, 0xdeb6, 0xdeb6, 0xe718, 0xded7, 0xe6f7, 0xdeb6, 0xded7, 0xef38, 0xce55, 0xe6d7, 0xce35, 0xce15, 0x736a, 
	0x62c9, 0x39a4, 0x2943, 0x20e1, 0x2922, 0x2923, 0x3163, 0x20c1, 0x20e2, 0x2902, 0x2923, 0x3164, 0x3164, 0x2923, 0x20c1, 0x20c1, 
	0x1881, 0x1860, 0x20c2, 0x20c1, 0x20c2, 0x3143, 0x734b, 0x20a2, 0x2903, 0x20c2, 0x2924, 0x2903, 0x18a1, 0x20c2, 0x20c2, 0x20c3, 
	0x4207, 0x1060, 0x20a2, 0x18a1, 0x20c2, 0x0820, 0x28e2, 0x3984, 0x41c5, 0x3964, 0x41a5, 0x4184, 0x6226, 0x6a47, 0x6226, 0x51a4, 
	0x51e6, 0x3944, 0x7287, 0x7aa8, 0x7267, 0x7aa7, 0x4143, 0x3943, 0x51e6, 0x30e2, 0x3943, 0x4184, 0x3943, 0x3964, 0x3123, 0x2922, 
	0x3143, 0x3143, 0x20e2, 0x2923, 0x3164, 0x2903, 0x41c6, 0x3985, 0x3985, 0x2924, 0x39a5, 0x4a07, 0x39a6, 0x3165, 0x3165, 0x39c6, 
	0x62ca, 0x6aeb, 0x3165, 0x3164, 0x2903, 0x2923, 0x20e2, 0x2903, 0x28e3, 0x20c2, 0x18a1, 0x20c2, 0x2923, 0x20e2, 0x2923, 0x2902, 
	0x2902, 0x20e2, 0x2902, 0x2902, 0x2902, 0x3143, 0x3143, 0x3984, 0x41c5, 0x4a06, 0x41e5, 0x49e6, 0x7b6b, 0x83ab, 0xa4ae, 0xc5d3, 
	0xd614, 0xe6b7, 0xe6b6, 0xe696, 0xe696, 0xe6b7, 0xe6b7, 0xe6b7, 0xe6b7, 0xe696, 0xe696, 0xe6b7, 0xe6b7, 0xeef8, 0xeed7, 0xe6b7, 
	0xe718, 0xe6d7, 0xe6f7, 0xe718, 0xef18, 0xef38, 0xef38, 0xef39, 0xef39, 0xde97, 0xded7, 0xdeb7, 0xef19, 0xded7, 0xded7, 0xef19, 
	0xe6f8, 0xded7, 0xe6f7, 0xef38, 0xe6f7, 0xdeb6, 0xe718, 0xe6f7, 0xe718, 0xe6f7, 0xe718, 0xde96, 0xded7, 0xe718, 0xd636, 0xb532, 
	0x7b8b, 0x8c2e, 0x4206, 0x41e5, 0x41c5, 0x2943, 0x3984, 0x3163, 0x2922, 0x3163, 0x3984, 0x3984, 0x3164, 0x3144, 0x20e2, 0x18a1, 
	0x2903, 0x2923, 0x20a2, 0x28e3, 0x2923, 0x1040, 0x6aea, 0x20e2, 0x2903, 0x18a1, 0x20e2, 0x20c2, 0x20c2, 0x2924, 0x4a08, 0x20c2, 
	0x2903, 0x20c2, 0x18a1, 0x3124, 0x1020, 0x20e2, 0x28e2, 0x3963, 0x3963, 0x4164, 0x49c5, 0x51c5, 0x6226, 0x6a47, 0x4142, 0x6227, 
	0x5a27, 0x3943, 0x7267, 0x82a8, 0x8ae9, 0x82a8, 0x82a8, 0x49c4, 0x4984, 0x59e5, 0x4143, 0x3923, 0x4184, 0x3944, 0x4164, 0x3943, 
	0x3123, 0x3122, 0x2902, 0x20e2, 0x20e2, 0x2902, 0x28e2, 0x20e2, 0x2903, 0x3144, 0x3145, 0x3145, 0x2903, 0x20c2, 0x18a1, 0x2903, 
	0x20e3, 0x41e7, 0x5a89, 0x41c7, 0x5a69, 0x5a8a, 0x3985, 0x41e6, 0x2923, 0x2923, 0x2903, 0x3143, 0x20c2, 0x2902, 0x20c2, 0x20e2, 
	0x2902, 0x20e2, 0x2923, 0x3143, 0x2943, 0x3163, 0x3143, 0x3163, 0x3163, 0x3163, 0x39a4, 0x5226, 0x62a8, 0x7309, 0x8c0c, 0xe6b7, 
	0xeed7, 0xeef8, 0xeed7, 0xe6b7, 0xe696, 0xde96, 0xe6d7, 0xe6d7, 0xe696, 0xe6b7, 0xe696, 0xe696, 0xe696, 0xe6b7, 0xe6b7, 0xde96, 
	0xd696, 0xe6d7, 0xf779, 0xf79a, 0xdeb6, 0xe718, 0xe6f7, 0xded7, 0xd675, 0xef39, 0xded7, 0xce35, 0xde97, 0xef39, 0xe718, 0xdeb7, 
	0xe6f8, 0xe6f8, 0xe6f8, 0xef19, 0xe6f7, 0xdeb6, 0xd675, 0xded7, 0xded7, 0xef59, 0xe6f7, 0xe718, 0xef38, 0xe6f7, 0xdeb6, 0xb552, 
	0xa4cf, 0x736a, 0x83cc, 0x5247, 0x41e5, 0x3984, 0x3143, 0x39a4, 0x2943, 0x3143, 0x3143, 0x3984, 0x3143, 0x3143, 0x3143, 0x18a1, 
	0x28e2, 0x28e2, 0x2902, 0x20c2, 0x1881, 0x20c2, 0x3985, 0x2923, 0x1881, 0x20e2, 0x3165, 0x41c6, 0x4a27, 0x20e2, 0x18a1, 0x1040, 
	0x20e2, 0x1881, 0x1060, 0x1881, 0x1860, 0x20e2, 0x3143, 0x3122, 0x3123, 0x51c4, 0x59e5, 0x6205, 0x6226, 0x4963, 0x7267, 0x6226, 
	0x4983, 0x59e5, 0x8b29, 0x82a8, 0x8ae8, 0x9309, 0x8287, 0x7ac8, 0x4984, 0x4963, 0x6a47, 0x5a05, 0x49c5, 0x3102, 0x5206, 0x3943, 
	0x3943, 0x3943, 0x3122, 0x2902, 0x2923, 0x2923, 0x20c2, 0x2902, 0x2903, 0x2923, 0x20c2, 0x3124, 0x3145, 0x2904, 0x3124, 0x2903, 
	0x3124, 0x2904, 0x41c6, 0x41c7, 0x5228, 0x5248, 0x4a07, 0x4a07, 0x5288, 0x4a27, 0x39a5, 0x3964, 0x20c2, 0x2923, 0x2902, 0x3143, 
	0x2902, 0x2923, 0x3143, 0x3163, 0x3163, 0x3163, 0x39a4, 0x39a4, 0x41c5, 0x49e6, 0x5226, 0x6287, 0x6287, 0x8bec, 0xb531, 0xcdf3, 
	0xd635, 0xde55, 0xeed7, 0xe6b7, 0xe6b7, 0xe696, 0xe6b6, 0xe6b7, 0xef18, 0xe6b7, 0xe6b7, 0xe6b6, 0xe6b7, 0xeed7, 0xe6b7, 0xe6b6, 
	0xded7, 0xe6d7, 0xef18, 0xded7, 0xe6f7, 0xe6d7, 0xded7, 0xe6d7, 0xdeb6, 0xded7, 0xe718, 0xef39, 0xe6f8, 0xe6f8, 0xef19, 0xd696, 
	0xe718, 0xe6f8, 0xef39, 0xe6d8, 0xe6d7, 0xe6f8, 0xef18, 0xdeb6, 0xe6f7, 0xe6f7, 0xded7, 0xe6f7, 0xe6f7, 0xded7, 0xce35, 0xc5d3, 
	0xb551, 0xd676, 0x83ec, 0xad11, 0x5247, 0x3163, 0x41c5, 0x3143, 0x2922, 0x2922, 0x3984, 0x3984, 0x41c5, 0x2923, 0x3164, 0x3984, 
	0x3985, 0x3164, 0x4a07, 0x4a07, 0x3985, 0x3145, 0x2924, 0x41e7, 0x4a07, 0x3144, 0x2923, 0x2923, 0x20c2, 0x1881, 0x3164, 0x18a1, 
	0x1880, 0x41c5, 0x2902, 0x20e2, 0x28e1, 0x3123, 0x3123, 0x3123, 0x4163, 0x59e4, 0x6225, 0x6206, 0x4963, 0x4983, 0x6a46, 0x6a46, 
	0x4963, 0x6a26, 0x82a7, 0x8ac8, 0x8ae8, 0x9309, 0x9309, 0x7a66, 0x7266, 0x4984, 0x30c1, 0x72a8, 0x5a06, 0x49c5, 0x3943, 0x30e2, 
	0x3943, 0x3964, 0x3143, 0x3122, 0x2902, 0x2902, 0x20c1, 0x2923, 0x20a2, 0x2923, 0x3144, 0x2903, 0x28e3, 0x3985, 0x3986, 0x3144, 
	0x20e2, 0x20a2, 0x3144, 0x3144, 0x39a6, 0x3144, 0x3985, 0x5a89, 0x41e6, 0x2903, 0x3984, 0x2902, 0x2902, 0x2923, 0x2923, 0x3143, 
	0x3143, 0x2923, 0x3163, 0x3984, 0x3984, 0x39a4, 0x3163, 0x41c5, 0x4a26, 0x5a67, 0x942e, 0xc5b3, 0xc5b3, 0xbd72, 0xd634, 0xe6b7, 
	0xeed7, 0xe6d7, 0xe6b6, 0xeed7, 0xe6b7, 0xe6b7, 0xe6b6, 0xe6b7, 0xde76, 0xe6b7, 0xef18, 0xf718, 0xe6d7, 0xeed7, 0xde96, 0xdeb6, 
	0xdeb6, 0xf779, 0xdeb6, 0xef38, 0xe718, 0xe6f7, 0xded7, 0xdeb6, 0xdeb6, 0xe6d7, 0xd696, 0xe718, 0xe718, 0xe6d8, 0xded7, 0xdeb7, 
	0xe6d8, 0xd696, 0xe718, 0xe6d8, 0xef39, 0xe718, 0xded7, 0xe6f8, 0xef18, 0xe718, 0xded7, 0xded7, 0xded7, 0xe6f7, 0xe6f7, 0xd676, 
	0xdeb7, 0x9ccf, 0x734b, 0x5247, 0x62c9, 0x41e5, 0x2922, 0x3984, 0x39a4, 0x3143, 0x39a4, 0x39c5, 0x41e5, 0x4a27, 0x4a27, 0x4a06, 
	0x5268, 0x41a6, 0x3986, 0x5248, 0x41c6, 0x39a6, 0x3965, 0x3986, 0x3165, 0x2903, 0x20c2, 0x18a1, 0x20c2, 0x1881, 0x1881, 0x49c5, 
	0x49a5, 0x20a0, 0x28e2, 0x28e2, 0x3944, 0x3922, 0x6246, 0x51a4, 0x7287, 0x6a46, 0x6a46, 0x6205, 0x4943, 0x6226, 0x6a46, 0x51a3, 
	0x4963, 0x82c7, 0x82a7, 0x9309, 0x9309, 0x8ae8, 0x8ac8, 0x8ae9, 0x82a8, 0x7aa7, 0x51a4, 0x4984, 0x3902, 0x59e6, 0x5206, 0x3923, 
	0x3102, 0x3123, 0x3964, 0x3923, 0x3943, 0x3903, 0x3963, 0x3964, 0x3944, 0x41a5, 0x3984, 0x3143, 0x20c1, 0x2923, 0x2923, 0x3164, 
	0x39a5, 0x2923, 0x2902, 0x2902, 0x3164, 0x3144, 0x3144, 0x3984, 0x3164, 0x3164, 0x3164, 0x3164, 0x2923, 0x3143, 0x3143, 0x3164, 
	0x2902, 0x3163, 0x3163, 0x39a4, 0x3184, 0x41c5, 0x41c5, 0x62a8, 0x7b4b, 0x9c8e, 0xc5b3, 0xcdf4, 0xaccf, 0xb531, 0xd614, 0xd635, 
	0xde76, 0xde76, 0xde76, 0xeed7, 0xe6b7, 0xe696, 0xe696, 0xe6b7, 0xe696, 0xe6b6, 0xde76, 0xde76, 0xde76, 0xe696, 0xde55, 0xde96, 
	0xe6f7, 0xe6f7, 0xd696, 0xe718, 0xe6f7, 0xe6f7, 0xdeb6, 0xe6f7, 0xe718, 0xf759, 0xdeb6, 0xef19, 0xe6f8, 0xe6f8, 0xffbb, 0xef19, 
	0xe6f8, 0xdeb7, 0xded7, 0xef19, 0xd696, 0xdeb7, 0xe6f8, 0xe6d8, 0xf79a, 0xde97, 0xe6f8, 0xdeb7, 0xef38, 0xef38, 0xe6f8, 0xef59, 
	0xded7, 0xce56, 0xce55, 0xdeb7, 0xdeb8, 0xb532, 0x83ac, 0x7b8b, 0xef39, 0xe6d8, 0x6b2a, 0x5267, 0x5ac8, 0x5267, 0x41e6, 0x3164, 
	0x3965, 0x3965, 0x2923, 0x3985, 0x3164, 0x3985, 0x3144, 0x2903, 0x2923, 0x20e2, 0x1881, 0x1881, 0x1861, 0x1040, 0x1000, 0x1881, 
	0x1860, 0x28a1, 0x28e2, 0x3943, 0x51e4, 0x6a46, 0x59a3, 0x6a46, 0x6a26, 0x7aa7, 0x6205, 0x6a46, 0x6205, 0x7287, 0x6a26, 0x59c4, 
	0x4963, 0x7a66, 0x9309, 0x9329, 0x8ae8, 0x8ae8, 0x9308, 0x9329, 0x8287, 0x8ac8, 0x82a7, 0x6a46, 0x51a4, 0x4143, 0x4963, 0x6247, 
	0x59e5, 0x49c5, 0x3943, 0x3923, 0x3923, 0x4164, 0x6a47, 0x6a46, 0x6a26, 0x6a47, 0x4983, 0x5a25, 0x6206, 0x51a4, 0x59e5, 0x3963, 
	0x20a1, 0x20a1, 0x20e2, 0x20e1, 0x3163, 0x2902, 0x2922, 0x20e1, 0x2923, 0x3143, 0x2902, 0x3163, 0x39a4, 0x41c5, 0x3163, 0x3143, 
	0x3163, 0x39a4, 0x39a4, 0x41c5, 0x41e5, 0x41a5, 0x5227, 0x5227, 0x8bec, 0xde55, 0xcdd3, 0xeed7, 0xf718, 0xeef8, 0xeef7, 0xef18, 
	0xd614, 0xe6b6, 0xe696, 0xeed7, 0xe6b7, 0xde96, 0xde96, 0xe6b7, 0xe6b7, 0xe696, 0xe696, 0xde96, 0xde75, 0xeed7, 0xe6b7, 0xde96, 
	0xe6f7, 0xffdb, 0xdeb6, 0xe718, 0xe6d7, 0xef38, 0xd696, 0xe6f7, 0xef38, 0xe6d7, 0xe6f7, 0xded7, 0xded7, 0xe6f8, 0xe6f8, 0xef39, 
	0xe6f8, 0xe6f8, 0xde97, 0xe6d8, 0xdeb7, 0xde97, 0xe6f8, 0xe6f8, 0xe6f8, 0xe6d8, 0xef39, 0xdeb7, 0xdeb7, 0xef39, 0xe6f8, 0xded7, 
	0xded7, 0xe6f8, 0xe6f9, 0xef5a, 0xded8, 0xdeb7, 0xf75a, 0xffdc, 0xce15, 0xd656, 0xad11, 0x83ac, 0x5a67, 0x5a88, 0x3143, 0x3164, 
	0x3164, 0x3984, 0x49e6, 0x3144, 0x3985, 0x3164, 0x20c1, 0x2903, 0x28e2, 0x2902, 0x5a67, 0x3143, 0x20c1, 0x20a1, 0x28c2, 0x2902, 
	0x28e1, 0x28e1, 0x3963, 0x49a3, 0x6205, 0x6205, 0x6a46, 0x6a46, 0x7266, 0x6a04, 0x7aa7, 0x7266, 0x6a05, 0x7aa8, 0x6a26, 0x7267, 
	0x59e4, 0x7a87, 0x8ac8, 0x8ae8, 0x8b08, 0x9308, 0x8ae8, 0x8ae8, 0x82a7, 0x8ac8, 0x8ac8, 0x7a66, 0x7a67, 0x6a46, 0x51a4, 0x59e5, 
	0x4983, 0x4123, 0x59e6, 0x6227, 0x59e5, 0x51a4, 0x4984, 0x6a46, 0x61e5, 0x6225, 0x6205, 0x7287, 0x6a46, 0x6a46, 0x6a46, 0x6225, 
	0x7ac8, 0x7b09, 0x72a7, 0x7b0a, 0x4143, 0x2922, 0x41e5, 0x3143, 0x20e1, 0x3143, 0x39c5, 0x3163, 0x3143, 0x41c5, 0x62c9, 0x8c0d, 
	0x734a, 0x4a06, 0x3964, 0x39a4, 0x41c5, 0x5a67, 0x940d, 0x942d, 0xacee, 0xb510, 0xacf0, 0xbd92, 0xde55, 0xde76, 0xe6d7, 0xe696, 
	0xe696, 0xe6b7, 0xe6b6, 0xde75, 0xd655, 0xe696, 0xe6d7, 0xe6d7, 0xeed7, 0xe696, 0xde75, 0xe6b6, 0xe6b7, 0xe6d7, 0xe6b6, 0xde76, 
	0xe6f7, 0xded7, 0xdeb6, 0xded7, 0xe6f7, 0xef59, 0xde96, 0xe6d7, 0xef18, 0xded7, 0xdeb6, 0xef19, 0xef19, 0xef59, 0xce55, 0xdeb7, 
	0xef39, 0xe6f8, 0xdeb7, 0xe6f8, 0xded7, 0xd676, 0xe6d8, 0xe6f8, 0xded7, 0xdeb7, 0xe718, 0xe6f8, 0xef39, 0xde97, 0xef19, 0xef39, 
	0xe718, 0xef19, 0xf77a, 0xef3a, 0xef3a, 0xe6f9, 0xef3a, 0xce35, 0xe6d8, 0xf79b, 0xe6f9, 0xef7a, 0x9c2d, 0x7b4a, 0x6ae9, 0x3984, 
	0x4a06, 0x41e5, 0x41e6, 0x41c5, 0x5a67, 0x49e5, 0x3963, 0x41a4, 0x3963, 0x51c6, 0x4184, 0x3102, 0x28c1, 0x20c1, 0x28e2, 0x3143, 
	0x20a0, 0x3922, 0x7ae9, 0x61e5, 0x61e5, 0x6205, 0x6205, 0x69e5, 0x69e4, 0x7246, 0x7a46, 0x7a87, 0x7266, 0x6a25, 0x6a26, 0x7267, 
	0x72a7, 0x7a87, 0x8ae9, 0x8ae8, 0x8ae8, 0x9308, 0x8ae8, 0x8ac8, 0x82a7, 0x7a86, 0x8287, 0x7a46, 0x7a66, 0x7a46, 0x7246, 0x6a46, 
	0x5183, 0x59c5, 0x6226, 0x6226, 0x6a87, 0x6aa7, 0x7ac9, 0x6a87, 0x6a66, 0x59e5, 0x59e4, 0x6226, 0x7ac8, 0x6a67, 0x7aa8, 0x4101, 
	0x4943, 0x59e5, 0x6225, 0x7287, 0x7ac8, 0x8309, 0x8b6a, 0x41e5, 0x5226, 0x4184, 0x5a87, 0x41e5, 0x41c4, 0x41a5, 0x41e5, 0x62c8, 
	0x730a, 0x942d, 0xc5b2, 0xde55, 0xbd51, 0xd614, 0xd634, 0xeef8, 0xde56, 0xb551, 0xe696, 0xde55, 0xf718, 0xe696, 0xd635, 0xe6b7, 
	0xe6b6, 0xeed7, 0xe6d7, 0xeed7, 0xe6b7, 0xe696, 0xe6b6, 0xeed7, 0xe6b6, 0xe6b7, 0xde96, 0xe696, 0xe6b7, 0xe6b7, 0xe6b6, 0xe696, 
	0xdeb7, 0xef59, 0xd676, 0xef19, 0xef59, 0xce55, 0xef18, 0xe718, 0xe6d7, 0xdeb6, 0xdeb6, 0xf77a, 0xdeb7, 0xef59, 0xe718, 0xe6d8, 
	0xef39, 0xe718, 0xe6f8, 0xde97, 0xde97, 0xe6f8, 0xef59, 0xded7, 0xded7, 0xef39, 0xe6f8, 0xf79a, 0xef19, 0xf75a, 0xded7, 0xe6f8, 
	0xdeb7, 0xe719, 0xef19, 0xe6f8, 0xef3a, 0xe719, 0xef5a, 0xef5a, 0xef19, 0xf75a, 0xf79b, 0xdef8, 0xacaf, 0xac6d, 0xb46d, 0x9baa, 
	0x7b08, 0x8308, 0x8b49, 0x6226, 0x7b09, 0x6225, 0x72a7, 0x7287, 0x51c4, 0x4184, 0x3102, 0x3102, 0x49a5, 0x5226, 0x5a26, 0x72e9, 
	0x7ae9, 0x7287, 0x6226, 0x6a46, 0x5163, 0x4101, 0x7a86, 0x7225, 0x7225, 0x7225, 0x7a46, 0x8287, 0x82a8, 0x7a66, 0x6a05, 0x6a25, 
	0x82a7, 0x8287, 0x8ac7, 0x8ac8, 0x8ae8, 0x8b08, 0x82c7, 0x8ac8, 0x7a66, 0x7a66, 0x7a66, 0x7205, 0x7a46, 0x7226, 0x7a46, 0x7a67, 
	0x7a67, 0x7247, 0x59c5, 0x3943, 0x1881, 0x3123, 0x20a1, 0x1060, 0x20a2, 0x20c2, 0x5247, 0x938c, 0xa40d, 0xbcf0, 0x5163, 0x5963, 
	0x61e5, 0x82e8, 0x7ac7, 0x8328, 0x8b49, 0x8b49, 0x8b6a, 0x938b, 0x9beb, 0x8b8a, 0x8b6a, 0x7ae8, 0xcdf3, 0xf718, 0xad32, 0xe6d7, 
	0xeef8, 0xd635, 0xe6b7, 0xcdf4, 0xe6b7, 0xd635, 0xcdf4, 0xd635, 0xeef8, 0xeed7, 0xe6b7, 0xeed7, 0xeed7, 0xeed7, 0xde96, 0xe6f7, 
	0xde96, 0xe6b6, 0xe6b6, 0xe696, 0xe696, 0xe696, 0xe696, 0xe6d7, 0xe696, 0xe696, 0xe696, 0xe696, 0xe6b7, 0xeed7, 0xe6b7, 0xe696, 
	0xde97, 0xd656, 0xdeb7, 0xe718, 0xef39, 0xe6f7, 0xef38, 0xe6f7, 0xded7, 0xef38, 0xdeb6, 0xdeb7, 0xe6f8, 0xde97, 0xdeb7, 0xe6d8, 
	0xded8, 0xe6f8, 0xded7, 0xdeb7, 0xdeb7, 0xded7, 0xd697, 0xdeb7, 0xe6f8, 0xe6f8, 0xef19, 0xe718, 0xe6f8, 0xe6d8, 0xf77a, 0xef59, 
	0xe6d8, 0xdeb8, 0xef39, 0xef3a, 0xef5a, 0xef5a, 0xf75a, 0xe719, 0xf79b, 0xe719, 0xef5a, 0xf77a, 0xb4f0, 0xb4ae, 0xac4c, 0xac2c, 
	0x9baa, 0x9349, 0x9369, 0x9349, 0x9349, 0x9b8a, 0x9369, 0x82e7, 0x72a7, 0x6a46, 0x7267, 0x6225, 0x59e5, 0x59e4, 0x6a46, 0x61c4, 
	0x61e5, 0x7246, 0x6205, 0x7226, 0x6205, 0x5163, 0x7a87, 0x7a46, 0x7a66, 0x7a86, 0x82a7, 0x82a7, 0x82a7, 0x8ac8, 0x8ac7, 0x82a7, 
	0x8ae8, 0x8ac7, 0x9308, 0x9308, 0x92e8, 0x8ac7, 0x8ac7, 0x82a7, 0x82a7, 0x7a66, 0x7a66, 0x7a46, 0x7226, 0x7226, 0x7a46, 0x82a7, 
	0x6a05, 0x8b2a, 0x936b, 0x7ae9, 0x1040, 0x2081, 0x28e2, 0x1881, 0x1881, 0x3124, 0x9bed, 0xa44e, 0xac6e, 0x69e5, 0x5983, 0x7a87, 
	0x8b29, 0x7ac8, 0x8309, 0x8b29, 0x8b29, 0x8b29, 0x938b, 0x9bab, 0xa42d, 0xac6e, 0xb48f, 0xeef8, 0xeef7, 0xcdf4, 0xeed7, 0xd614, 
	0xde55, 0xde55, 0xe6b7, 0xde55, 0xe6b7, 0xe6b7, 0xe6d7, 0xe6b7, 0xeed7, 0xeed7, 0xeed7, 0xe6d7, 0xe6d7, 0xe6d7, 0xeef7, 0xe6b7, 
	0xde76, 0xe696, 0xe696, 0xe696, 0xe6b7, 0xde96, 0xe6b6, 0xe6b7, 0xe6b7, 0xe696, 0xe696, 0xde96, 0xe696, 0xe696, 0xe6b7, 0xe6b6, 
	0xef19, 0xe6f8, 0xef59, 0xe6f8, 0xdeb7, 0xdeb7, 0xded7, 0xf77a, 0xe6d7, 0xe6f8, 0xf77a, 0xdeb8, 0xdeb8, 0xef39, 0xe6f9, 0xdeb7, 
	0xe718, 0xd676, 0xded7, 0xdeb7, 0xe6d8, 0xe6f8, 0xdeb7, 0xef3a, 0xe6f8, 0xe718, 0xde97, 0xef39, 0xe6d8, 0xded7, 0xe6d8, 0xe6f8, 
	0xe718, 0xef39, 0xe6f9, 0xef5a, 0xef5a, 0xf77a, 0xef39, 0xef5a, 0xf77b, 0xffdc, 0xf75a, 0xf77a, 0xc573, 0xb48d, 0xb46d, 0xb46d, 
	0xa3ca, 0x9b8a, 0x9b69, 0x9349, 0x9b49, 0x9b69, 0x8b08, 0x9328, 0x8ae8, 0x8ae8, 0x82a7, 0x7a66, 0x7a66, 0x7a66, 0x7205, 0x7226, 
	0x6a05, 0x7205, 0x6a05, 0x7246, 0x7a46, 0x7a66, 0x7a66, 0x7a66, 0x7a66, 0x7a86, 0x8287, 0x82a7, 0x9329, 0x8ae8, 0x92c7, 0x9b08, 
	0x9308, 0x92e8, 0x9308, 0x9b08, 0x9308, 0x9308, 0x9308, 0x92e7, 0x8ae7, 0x82a6, 0x8286, 0x8287, 0x8287, 0x7a66, 0x8ac8, 0x4901, 
	0x5122, 0x5142, 0x6a46, 0x938b, 0x836b, 0x7b6a, 0x5a67, 0x5a67, 0x8bad, 0x93cd, 0x8bab, 0x6a26, 0x5963, 0x6a05, 0x7a87, 0x936a, 
	0x936a, 0x9349, 0x8b49, 0x8b29, 0x9329, 0x936a, 0x938a, 0x9bcc, 0xac2d, 0xb48e, 0xef59, 0xeed7, 0xe6b6, 0xeed7, 0xeed7, 0xe6b6, 
	0xeed7, 0xe696, 0xeed7, 0xeed7, 0xe696, 0xe6b7, 0xe6b7, 0xde76, 0xe6b7, 0xeed7, 0xe6b7, 0xeed7, 0xe6d7, 0xef18, 0xe6b7, 0xe6b6, 
	0xe696, 0xde76, 0xe696, 0xe696, 0xe696, 0xde76, 0xde96, 0xeed7, 0xeef7, 0xeed7, 0xe696, 0xe696, 0xe696, 0xde76, 0xe6b7, 0xe6b7, 
	0xef59, 0xdeb7, 0xd676, 0xe6d8, 0xe6f8, 0xef39, 0xe718, 0xdeb7, 0xded7, 0xf75a, 0xdeb7, 0xef39, 0xef39, 0xe6d8, 0xef19, 0xf77a, 
	0xded7, 0xe6f8, 0xe6d8, 0xe6f8, 0xd656, 0xe6f8, 0xdeb7, 0xe6d8, 0xd676, 0xded7, 0xded7, 0xef39, 0xe718, 0xef39, 0xe6f8, 0xe6f8, 
	0xe6d8, 0xef19, 0xe6f8, 0xe6f9, 0xe6f9, 0xf77a, 0xf75a, 0xef19, 0xe719, 0xef19, 0xf75a, 0xf77b, 0xe6f9, 0xbcef, 0xb48d, 0xac2c, 
	0xabeb, 0x9b8a, 0x9b8a, 0x9328, 0x9328, 0x9328, 0x9348, 0x9328, 0x8b08, 0x8ac7, 0x82a7, 0x82a7, 0x7245, 0x7a86, 0x7a46, 0x7226, 
	0x7205, 0x7205, 0x7226, 0x7a45, 0x7a46, 0x8286, 0x8286, 0x8286, 0x7a66, 0x8286, 0x82a6, 0x8ac7, 0x92e7, 0x92e8, 0x92e8, 0x9308, 
	0x92e8, 0x9308, 0x9ae8, 0x9b08, 0x92e8, 0x92e7, 0x92e8, 0x92e8, 0x8ac7, 0x8ac7, 0x8286, 0x8286, 0x7a86, 0x7a66, 0x82a7, 0x8287, 
	0x7a46, 0x6a05, 0x7a47, 0x8288, 0x7a46, 0x7246, 0x61a4, 0x5983, 0x61a4, 0x69c4, 0x69c4, 0x7205, 0x8287, 0x9309, 0x9b8a, 0x9b4a, 
	0x9b4a, 0x9329, 0x9329, 0x9329, 0x9329, 0x934a, 0xa3ec, 0xa40d, 0xac6e, 0xb530, 0xef18, 0xe696, 0xe6b7, 0xe6b7, 0xf739, 0xeef8, 
	0xef18, 0xf739, 0xd635, 0xe6b6, 0xd655, 0xe6d7, 0xe696, 0xe6d7, 0xeef7, 0xe696, 0xe696, 0xe696, 0xe6d7, 0xe6b7, 0xeef8, 0xe696, 
	0xe696, 0xde96, 0xde76, 0xe6b7, 0xe696, 0xe696, 0xe696, 0xde76, 0xe6b7, 0xe6b6, 0xde96, 0xe6b7, 0xe696, 0xe696, 0xe696, 0xe696, 
	0xffbb, 0xdeb7, 0xe6f8, 0xe718, 0xe6f8, 0xe6f8, 0xe6d8, 0xde97, 0xe718, 0xd696, 0xe6f8, 0xdeb7, 0xe6f8, 0xef3a, 0xdeb7, 0xef19, 
	0xe6d7, 0xdeb7, 0xe6f8, 0xde97, 0xef19, 0xde97, 0xe6f8, 0xef19, 0xd656, 0xef59, 0xe6d8, 0xdeb7, 0xe718, 0xdeb7, 0xef59, 0xded7, 
	0xef19, 0xf77a, 0xe719, 0xe6f8, 0xe6f8, 0xffbb, 0xef19, 0xef3a, 0xef5a, 0xef39, 0xef5a, 0xf77b, 0xf7bc, 0xbcf0, 0xb4ad, 0xac4c, 
	0xabcb, 0xa3cb, 0x9b8a, 0x9328, 0x8b07, 0x9308, 0x8b08, 0x9308, 0x8ae7, 0x8ae7, 0x8ac7, 0x82a7, 0x82a7, 0x7a66, 0x7a45, 0x7245, 
	0x7a45, 0x7225, 0x7a66, 0x8286, 0x8286, 0x8286, 0x8aa6, 0x92e8, 0x8ac7, 0x8ac7, 0x8ac7, 0x9308, 0x92c7, 0x9b08, 0x9b08, 0x92e8, 
	0x9b08, 0x9b08, 0x9b29, 0x9ae8, 0x92e8, 0x92e8, 0x92e8, 0x92e8, 0x92c7, 0x8ac7, 0x8aa6, 0x8a86, 0x82a6, 0x8aa7, 0x82a7, 0x7a66, 
	0x7205, 0x7205, 0x7a46, 0x7225, 0x7205, 0x7226, 0x7a66, 0x7a67, 0x8287, 0x82a7, 0x8ac8, 0x8ac8, 0x8ae8, 0x8ae8, 0x9349, 0x9328, 
	0x9328, 0x9328, 0x9328, 0x9329, 0x9329, 0x9b6a, 0xa3ec, 0xa40c, 0xb46e, 0xde97, 0xf738, 0xe6b7, 0xeef7, 0xe6b7, 0xeef7, 0xe6b7, 
	0xe6d7, 0xeef7, 0xde55, 0xe6b7, 0xde96, 0xe6d7, 0xdeb6, 0xeed7, 0xe6b7, 0xe6b6, 0xe6b7, 0xe6d7, 0xde96, 0xe6d7, 0xe696, 0xe696, 
	0xe6b6, 0xe696, 0xe6b6, 0xe696, 0xe696, 0xe6d7, 0xde96, 0xe696, 0xde96, 0xe696, 0xde76, 0xe696, 0xde96, 0xe6b6, 0xe696, 0xe696, 
	0xe718, 0xef19, 0xe6d8, 0xe6d8, 0xd696, 0xde97, 0xded7, 0xd696, 0xdeb7, 0xef19, 0xd696, 0xe718, 0xef39, 0xded8, 0xef3a, 0xdeb7, 
	0xded7, 0xef39, 0xe6d8, 0xdeb7, 0xdeb7, 0xde97, 0xdeb7, 0xe6f8, 0xdeb7, 0xe6d8, 0xef39, 0xef39, 0xe6d8, 0xe6f8, 0xe6f8, 0xef19, 
	0xde96, 0xc571, 0xbd30, 0xc510, 0xbccf, 0xb48e, 0xb48e, 0xac0c, 0xa42d, 0xf77a, 0xfffc, 0xffdc, 0xf79b, 0xde96, 0xb4ce, 0xb46d, 
	0xac0b, 0xa3cb, 0x9b69, 0xa38a, 0x9348, 0x9328, 0x8ae7, 0x8ae7, 0x8ae7, 0x92e7, 0x8ac7, 0x82a6, 0x8286, 0x8286, 0x8aa7, 0x8266, 
	0x8266, 0x8286, 0x8aa7, 0x8265, 0x8aa6, 0x8aa6, 0x8aa7, 0x92c7, 0x92a7, 0x92c7, 0x9b08, 0x9b28, 0x9b08, 0x9b08, 0x9b08, 0x9b08, 
	0x9b08, 0x9b08, 0x9b08, 0x9b08, 0x9b08, 0x9b08, 0x9b08, 0x9b08, 0x92e8, 0x92c7, 0x92c7, 0x92a7, 0x92e7, 0x92e7, 0x8ac7, 0x8ac8, 
	0x8aa8, 0x7a86, 0x7a45, 0x7225, 0x7a46, 0x7a66, 0x7a46, 0x7a67, 0x82a7, 0x8ac8, 0x82a7, 0x8ac8, 0x9308, 0x9328, 0x9328, 0x9328, 
	0x9348, 0x9328, 0x9b49, 0x9b49, 0x9349, 0x9b8a, 0xa3ec, 0xac4d, 0xac8e, 0xf779, 0xeed7, 0xef18, 0xe696, 0xe696, 0xe6b7, 0xeed7, 
	0xe6b6, 0xe6d7, 0xe6b7, 0xe6b6, 0xe6d7, 0xe6b6, 0xde76, 0xe696, 0xeed7, 0xe6b7, 0xeed7, 0xe6b7, 0xeed7, 0xde76, 0xe6d7, 0xe696, 
	0xe6b6, 0xe6b6, 0xde76, 0xde76, 0xe696, 0xe696, 0xde75, 0xe6b7, 0xe696, 0xe696, 0xe696, 0xe696, 0xe696, 0xde55, 0xde76, 0xe6b7, 
	0xdeb7, 0xe6f8, 0xe6f8, 0xd696, 0xded7, 0xded7, 0xe6f8, 0xef19, 0xd676, 0xe6f8, 0xce55, 0xd676, 0xef39, 0xdeb7, 0xe6f8, 0xe718, 
	0xe6d8, 0xe6f8, 0xdeb7, 0xde97, 0xe718, 0xdeb7, 0xce55, 0xe718, 0xde97, 0xe6f8, 0xef19, 0xef59, 0xeef8, 0xd614, 0xcd92, 0xbd0f, 
	0xc50f, 0xc52f, 0xbcef, 0xbcee, 0xbcce, 0xbcae, 0xbcce, 0xbcae, 0xbc6d, 0xa3cb, 0x8b28, 0xffbc, 0xffdc, 0xf79b, 0xbcf0, 0xb48e, 
	0xb46d, 0xac0b, 0x9b8a, 0x9b69, 0x9328, 0x9308, 0x8ac7, 0x92e7, 0x92e7, 0x8ac7, 0x92c7, 0x8ac7, 0x8ac7, 0x8aa7, 0x92c7, 0x92c7, 
	0x8ac7, 0x8ac7, 0x8aa7, 0x8a86, 0x8aa6, 0x8aa6, 0x8aa7, 0x92c7, 0x92e8, 0x92e8, 0x9b29, 0x9b29, 0x9b08, 0xa329, 0x9b28, 0x9b28, 
	0x9b08, 0x9b08, 0x9b29, 0x9b08, 0x9b08, 0x9b08, 0x9b08, 0x9b08, 0x9b08, 0x9b08, 0x92e8, 0x92e8, 0x92c7, 0x92e7, 0x92c7, 0x92a7, 
	0x8aa7, 0x8aa7, 0x82a6, 0x8286, 0x7a66, 0x7a86, 0x7a66, 0x8287, 0x8287, 0x82a7, 0x8ac7, 0x82c6, 0x8ae7, 0x9328, 0x9328, 0x9328, 
	0x9328, 0x9328, 0x9b69, 0x9b69, 0x9b8a, 0xa3cb, 0xa42c, 0xb4cf, 0xe6d7, 0xeef8, 0xf739, 0xeed7, 0xe6b6, 0xde96, 0xe696, 0xe696, 
	0xde55, 0xe6b7, 0xe696, 0xe6b7, 0xe6b6, 0xde96, 0xe6b7, 0xde76, 0xef18, 0xe6b6, 0xeed7, 0xeed7, 0xeed7, 0xe6b7, 0xe696, 0xde76, 
	0xe696, 0xe6b6, 0xe696, 0xe696, 0xe696, 0xe696, 0xde75, 0xde55, 0xde55, 0xe696, 0xde75, 0xde75, 0xde76, 0xe6b6, 0xe696, 0xe6b6, 
	0xe6f8, 0xef19, 0xded7, 0xdeb7, 0xde97, 0xe6d8, 0xe6f8, 0xe718, 0xe6d8, 0xdeb7, 0xf75a, 0xffbb, 0xe6f8, 0xd656, 0xe6f8, 0xe6d8, 
	0xded7, 0xdeb7, 0xded7, 0xded7, 0xe718, 0xded7, 0xdeb7, 0xe718, 0xe6f8, 0xe6f8, 0xde96, 0xcdd3, 0xcd71, 0xbcef, 0xc52f, 0xc50f, 
	0xbcef, 0xbcef, 0xbcef, 0xc4ef, 0xbcce, 0xbcce, 0xbcae, 0xbc8d, 0xb44d, 0xb40c, 0x9328, 0x82e6, 0xffbc, 0xffbc, 0xf75a, 0xb4d0, 
	0xb46e, 0xac4d, 0xa3aa, 0x9b69, 0x9b69, 0x82a6, 0x92e7, 0x92e8, 0x9308, 0x92e8, 0x92e8, 0x92c7, 0x8aa7, 0x92c7, 0x92e7, 0x8aa7, 
	0x8aa7, 0x8aa6, 0x92a7, 0x8a86, 0x8aa7, 0x8aa7, 0x92c7, 0x92e7, 0x92e8, 0x9b28, 0xa349, 0xa329, 0xa349, 0xab8a, 0xa329, 0x9b29, 
	0x9b28, 0x9b29, 0x9b28, 0x9b29, 0x9b29, 0x9b29, 0x9b08, 0x9b29, 0x9b29, 0x9b08, 0x9b28, 0x92e8, 0x9b08, 0x92e8, 0x92e8, 0x92e8, 
	0x92c7, 0x92e8, 0x92c7, 0x92e7, 0x92c7, 0x92c7, 0x8aa7, 0x8ae7, 0x8aa6, 0x8aa7, 0x8ac7, 0x92e8, 0x9308, 0x9308, 0x9308, 0x9b28, 
	0x9b28, 0x9348, 0x9b49, 0x9b69, 0xa3ca, 0xa3eb, 0xac4d, 0xd634, 0xf759, 0xf738, 0xf739, 0xeef8, 0xeed7, 0xde76, 0xe6b7, 0xe696, 
	0xe6b6, 0xe6d7, 0xe696, 0xe696, 0xeed7, 0xe6b7, 0xe696, 0xe6b6, 0xe6d7, 0xde96, 0xeed7, 0xe696, 0xde96, 0xe6b7, 0xe6b7, 0xde76, 
	0xe696, 0xe696, 0xde55, 0xde96, 0xde75, 0xde76, 0xde76, 0xde76, 0xde96, 0xde76, 0xe696, 0xe6b7, 0xe696, 0xe696, 0xde76, 0xde76, 
	0xef39, 0xe718, 0xe6f8, 0xe6f8, 0xef39, 0xe6f8, 0xf75a, 0xe6d8, 0xef39, 0xde97, 0xef39, 0xf77a, 0xd656, 0xe6f8, 0xe6f8, 0xe6d8, 
	0xded7, 0xe6f8, 0xef39, 0xd676, 0xd676, 0xd696, 0xf77a, 0xe718, 0xd614, 0xcd91, 0xd590, 0xcd70, 0xc50f, 0xc52f, 0xc50f, 0xbcef, 
	0xbcce, 0xbcef, 0xbcef, 0xbcce, 0xc4ae, 0xbc8e, 0xbc6d, 0xbc6d, 0xb44c, 0xabeb, 0x9b49, 0x8ae7, 0xffbc, 0xffdd, 0xffdd, 0xd656, 
	0xb4af, 0xb46e, 0xac2c, 0xa3aa, 0x9b69, 0x9b69, 0x9328, 0x9308, 0x92e8, 0x92e8, 0x9ae8, 0x92e8, 0x92c7, 0x92c7, 0x92c7, 0x92a7, 
	0x8aa7, 0x92c7, 0x8266, 0x8a86, 0x8aa6, 0x8aa7, 0x92c7, 0x9b08, 0x9b08, 0xa349, 0xab6a, 0xa349, 0x9b29, 0xab8a, 0xa329, 0x9b29, 
	0x9b28, 0x9b29, 0x9b08, 0x9b28, 0x92c7, 0x9b08, 0x9b29, 0x9b08, 0x9b08, 0x9ae8, 0x9b08, 0x92e8, 0x92e8, 0x92e8, 0x92e8, 0x9ae8, 
	0x9ae8, 0x92a7, 0x92e8, 0x9ae8, 0x9b08, 0x92e8, 0x92e7, 0x9b08, 0x92e7, 0x92e8, 0x92e8, 0x92c7, 0x9b08, 0x92e8, 0x9b08, 0x9b29, 
	0x9328, 0x9348, 0x9b69, 0xa3aa, 0xa3aa, 0xb42d, 0xacaf, 0xff9a, 0xf759, 0xef18, 0xe6d7, 0xe6d7, 0xeef8, 0xe696, 0xde76, 0xde55, 
	0xe696, 0xeef7, 0xe696, 0xe6b7, 0xe6b6, 0xe6b7, 0xde55, 0xde76, 0xe6b7, 0xd635, 0xe696, 0xd655, 0xde76, 0xde75, 0xe696, 0xe6d7, 
	0xe696, 0xe696, 0xe696, 0xde55, 0xd635, 0xd655, 0xe696, 0xde76, 0xe696, 0xde76, 0xde76, 0xe696, 0xe6b7, 0xe696, 0xe696, 0xe696, 
	0xe6f8, 0xe6f8, 0xe6d8, 0xde97, 0xef5a, 0xef5a, 0xf77a, 0xfffd, 0xef19, 0xef39, 0xf75a, 0xef39, 0xe6f8, 0xd676, 0xe6d8, 0xef39, 
	0xe6f8, 0xe6f8, 0xded7, 0xe718, 0xded7, 0xe6d7, 0xce34, 0xcdb2, 0xcd71, 0xc50f, 0xc530, 0xc52f, 0xc530, 0xc52f, 0xc50f, 0xbcef, 
	0xbcce, 0xbcce, 0xc4ef, 0xc4ae, 0xbc6d, 0xbc4c, 0xbc4c, 0xb42c, 0xac0b, 0xa3ca, 0x9b49, 0x8b49, 0xffbc, 0xffbc, 0xf77b, 0xf77b, 
	0xcd73, 0xb48f, 0xac2d, 0xac0b, 0xa3aa, 0x9b49, 0x9b49, 0x92e7, 0x92e8, 0x92e7, 0x9b28, 0x92e8, 0x92a7, 0x92a7, 0x8a86, 0x8a86, 
	0x8266, 0x8a66, 0x8266, 0x8266, 0x8a86, 0x8aa7, 0x92c7, 0x9b08, 0xa349, 0xa349, 0xab8a, 0xa369, 0xa349, 0xa349, 0xa349, 0xa36a, 
	0xa369, 0xab8a, 0xa36a, 0xa349, 0x9b08, 0xa329, 0x9b29, 0x9b08, 0xa329, 0x9b29, 0x92e8, 0x92e8, 0x92e8, 0x92a7, 0x92c7, 0x92e8, 
	0x92e8, 0x92c7, 0x92e8, 0x9b08, 0x9ae8, 0x9b29, 0x9b08, 0x92e8, 0x9b29, 0x9b08, 0x9ae8, 0x92e8, 0x9b08, 0x9b08, 0x9308, 0x9b28, 
	0x9308, 0x9b69, 0x9b8a, 0xa3ab, 0xa3cb, 0xb48e, 0xef18, 0xef38, 0xf759, 0xe6d7, 0xeef8, 0xe6b6, 0xe6b7, 0xe6d7, 0xe6b7, 0xe6b7, 
	0xde76, 0xeed7, 0xe6b7, 0xe696, 0xd655, 0xe696, 0xde76, 0xde55, 0xe6b6, 0xe6b7, 0xde55, 0xde96, 0xe696, 0xde96, 0xd635, 0xe6b7, 
	0xde76, 0xe696, 0xde76, 0xde76, 0xe696, 0xe696, 0xe696, 0xde55, 0xd655, 0xde76, 0xde96, 0xde55, 0xf718, 0xe6b7, 0xe696, 0xe696, 
	0xe718, 0xdeb7, 0xe6d8, 0xe6f8, 0xffdc, 0xef39, 0xe6f8, 0xe6d8, 0xe6f9, 0xef39, 0xe6f8, 0xef19, 0xdeb7, 0xe6f8, 0xef59, 0xdeb7, 
	0xef39, 0xef59, 0xd696, 0xe6d7, 0xd5f3, 0xd5b2, 0xd592, 0xcd50, 0xcd50, 0xcd50, 0xc52f, 0xc50f, 0xbcef, 0xc50f, 0xbcef, 0xc4ef, 
	0xbcce, 0xbcce, 0xc4ae, 0xbc8d, 0xb42c, 0xbc2b, 0xbc2b, 0xb40b, 0xabaa, 0x9b28, 0x61a2, 0xac6e, 0x9bcc, 0xb4ae, 0xb4ee, 0xb4ae, 
	0xb46e, 0xac4d, 0xb44d, 0xa3ca, 0xa3aa, 0x9b69, 0x9b49, 0x9308, 0x8ae7, 0x92e8, 0x8ac7, 0x8aa7, 0x8a86, 0x8a86, 0x8aa7, 0x8a66, 
	0x8265, 0x8266, 0x8266, 0x8a87, 0x7a46, 0x7a45, 0x7a46, 0x8ae8, 0x9b49, 0xab8a, 0xabab, 0xabab, 0xa349, 0xa36a, 0xa369, 0xa369, 
	0xab8a, 0xa36a, 0xa369, 0x9b29, 0x9b29, 0x9b28, 0xa349, 0xa329, 0x9b29, 0x9b29, 0x9b08, 0x92c7, 0x8aa7, 0x92a7, 0x92c7, 0x92a7, 
	0x92c7, 0x9b08, 0x9b08, 0x9b08, 0x9b08, 0x9b29, 0x9b08, 0x9b08, 0x7204, 0x92e8, 0x9ae8, 0x9b08, 0x9b08, 0x9b28, 0x9b28, 0x9b28, 
	0x9b28, 0x9b69, 0xa3ab, 0xa3cb, 0xb46e, 0xe6b7, 0xef38, 0xef18, 0xe6d7, 0xef18, 0xef18, 0xe6d7, 0xde76, 0xde55, 0xeed7, 0xe6b6, 
	0xe696, 0xde55, 0xe696, 0xe6b7, 0xe696, 0xe696, 0xde55, 0xe696, 0xde76, 0xe6b6, 0xde55, 0xe6b7, 0xe6b7, 0xe696, 0xde76, 0xe696, 
	0xe696, 0xde75, 0xde55, 0xe696, 0xe6d7, 0xe696, 0xde96, 0xde76, 0xde76, 0xde76, 0xe696, 0xe696, 0xde96, 0xde76, 0xe6b7, 0xe696, 
	0xf77a, 0xff9b, 0xdeb7, 0xe6d8, 0xded7, 0xd676, 0xe6f9, 0xef39, 0xe719, 0xe6d8, 0xef19, 0xef39, 0xef19, 0xe6f8, 0xef19, 0xe718, 
	0xef39, 0xef59, 0xd5d3, 0xd5d3, 0xd592, 0xcd50, 0xcd70, 0xcd50, 0xcd50, 0xcd50, 0xc530, 0xbcef, 0xbcef, 0xc4ef, 0xc4ef, 0xbcce, 
	0xbcae, 0xbc8d, 0xbc2b, 0xbc2b, 0xb40b, 0xabca, 0xa369, 0x92e7, 0xa3eb, 0xddf4, 0xd5b3, 0xcd51, 0xbccf, 0xb4ae, 0xb4ae, 0xb48d, 
	0xb46d, 0xac4d, 0xac2c, 0xa3ca, 0x9b69, 0x9328, 0x9348, 0x8b08, 0x8ac7, 0x8ae7, 0x8aa7, 0x8aa6, 0x8a86, 0x8286, 0x8a86, 0x8266, 
	0x8265, 0x8266, 0x7a25, 0x7225, 0x69e5, 0x69e4, 0x7225, 0x8ac7, 0x9b28, 0xab8a, 0xb3cb, 0xab8a, 0xab8a, 0xa349, 0xa369, 0xa349, 
	0xab6a, 0xa349, 0xa36a, 0x9b08, 0x9b28, 0x9b28, 0xa349, 0xa369, 0x9b49, 0x9308, 0x8ac7, 0x8286, 0x8265, 0x8a86, 0x8266, 0x92c7, 
	0x92e7, 0x92e8, 0x92e8, 0x9b29, 0x9b29, 0x9b29, 0x9b08, 0x9b29, 0x9b08, 0x9b08, 0x9b08, 0x9b28, 0x9b49, 0x9b49, 0x9b49, 0x9b69, 
	0x9b69, 0x9b69, 0x9bcb, 0xac6e, 0xc5b2, 0xef18, 0xef38, 0xe6f7, 0xe6d7, 0xef18, 0xe6d7, 0xde75, 0xe6b7, 0xde76, 0xde96, 0xde55, 
	0xde96, 0xde96, 0xde96, 0xdeb6, 0xd655, 0xde75, 0xde96, 0xde96, 0xe6b6, 0xde76, 0xde75, 0xde55, 0xde96, 0xde76, 0xde96, 0xde76, 
	0xe696, 0xe696, 0xde55, 0xd655, 0xe696, 0xde75, 0xe696, 0xde96, 0xde96, 0xe696, 0xde76, 0xe696, 0xde76, 0xe696, 0xde76, 0xde96, 
	0xef59, 0xef39, 0xd696, 0xdeb7, 0xe6d8, 0xd697, 0xffbc, 0xef39, 0xf75a, 0xe6f8, 0xe6f8, 0xdeb7, 0xe6f8, 0xe6d8, 0xdeb7, 0xef18, 
	0xd5d4, 0xd5b3, 0xd5b3, 0xd572, 0xcd71, 0xcd70, 0xcd30, 0xcd30, 0xcd30, 0xc50f, 0xbcce, 0xc4ef, 0xc4ef, 0xc4ce, 0xc4ae, 0xbcad, 
	0xbc4c, 0xb3eb, 0xb40b, 0xabca, 0x8ac6, 0x8286, 0xddf3, 0xddf4, 0xd5b2, 0xcd50, 0xc50f, 0xbc8e, 0xbcae, 0xbc8d, 0xbc8d, 0xb44d, 
	0xb44c, 0xb42c, 0xabeb, 0xa3ca, 0x9b49, 0x9328, 0x9b49, 0x8ae7, 0x8ae7, 0x82a6, 0x7a86, 0x82a6, 0x8286, 0x82a6, 0x8286, 0x7a45, 
	0x7224, 0x7245, 0x7225, 0x7205, 0x69e4, 0x69e5, 0x8287, 0x9308, 0x9308, 0xa38a, 0xb3cb, 0xb3eb, 0xabab, 0xab8a, 0xab8a, 0xab6a, 
	0xab8a, 0xa369, 0xa349, 0x9b08, 0x9b08, 0x9b29, 0xa369, 0xa38a, 0x92e8, 0x92c7, 0x8286, 0x8266, 0x8245, 0x8266, 0x8245, 0x92a7, 
	0x92c7, 0x9ae8, 0x92e7, 0x9b08, 0x9b08, 0x9b28, 0x9b08, 0x9b08, 0x9b28, 0x9b28, 0x9b08, 0x9b29, 0x9b28, 0x9b49, 0x9b49, 0x9b49, 
	0x9b69, 0xa38a, 0xb46e, 0xb4af, 0xe6d7, 0xeef8, 0xef18, 0xe6d7, 0xef18, 0xef18, 0xe6b7, 0xe6f7, 0xe6d7, 0xe6d7, 0xde76, 0xde76, 
	0xde55, 0xd635, 0xde96, 0xe6d7, 0xe696, 0xde96, 0xe6b7, 0xd655, 0xe696, 0xe696, 0xe696, 0xde76, 0xde96, 0xde96, 0xd635, 0xde76, 
	0xde76, 0xe696, 0xde75, 0xde96, 0xde75, 0xde76, 0xe696, 0xe6b6, 0xde96, 0xde96, 0xde76, 0xde75, 0xde96, 0xe6b6, 0xe696, 0xde75, 
	0xe6f8, 0xf75a, 0xdeb7, 0xe718, 0xe719, 0xe719, 0xf77b, 0xe6f8, 0xef39, 0xef39, 0xe6f8, 0xded7, 0xef39, 0xef39, 0xde15, 0xddd4, 
	0xd593, 0xd592, 0xddb3, 0xd592, 0xd571, 0xcd30, 0xccef, 0xc4ef, 0xc4ef, 0xc4ef, 0xc4ef, 0xc4ef, 0xc4ce, 0xbc6c, 0xb44b, 0xb3ea, 
	0xabca, 0xab89, 0x8ac6, 0x9b69, 0xde13, 0xe634, 0xcd50, 0xc530, 0xc50f, 0xc4ef, 0xbcae, 0xb46c, 0xbc6c, 0xbc6c, 0xb44c, 0xb44c, 
	0xb40b, 0xac0b, 0xa3aa, 0x9b69, 0x9b8a, 0x9b69, 0x9308, 0x8ae7, 0x82c7, 0x8ac7, 0x8286, 0x82a6, 0x7a45, 0x7a65, 0x7225, 0x7a45, 
	0x7224, 0x6a04, 0x7204, 0x7204, 0x7205, 0x69e4, 0x9b29, 0xabcb, 0xabaa, 0xa38a, 0xb3eb, 0xb3cb, 0xa349, 0xa349, 0xb3ab, 0xab6a, 
	0xa36a, 0xa369, 0xa36a, 0x9b08, 0xa349, 0xa36a, 0xab8a, 0xa369, 0x92e7, 0x92e7, 0x8aa6, 0x7a45, 0x7a24, 0x8266, 0x8265, 0x8286, 
	0x92c7, 0x92e7, 0x92c7, 0x9ae8, 0x9ae8, 0x9b08, 0x9b29, 0x9b29, 0x9b08, 0x9b08, 0x9b29, 0x9b29, 0x9b29, 0x9b69, 0x9b69, 0xa3aa, 
	0x9b8a, 0xa40b, 0xac6d, 0xf719, 0xef18, 0xe6f7, 0xe6d7, 0xe6d7, 0xef18, 0xe6f7, 0xdeb6, 0xdeb6, 0xe6b7, 0xde96, 0xde96, 0xde55, 
	0xde55, 0xe696, 0xde55, 0xe6b6, 0xde76, 0xe6b6, 0xe696, 0xde76, 0xdeb6, 0xde55, 0xde76, 0xde76, 0xde55, 0xde76, 0xe6b7, 0xde76, 
	0xde76, 0xe696, 0xd635, 0xd635, 0xe696, 0xde76, 0xde76, 0xde76, 0xe696, 0xe696, 0xd655, 0xd655, 0xde76, 0xde76, 0xde76, 0xde96, 
	0xe719, 0xef5a, 0xef39, 0xe719, 0xe6f8, 0xf77b, 0xef39, 0xef3a, 0xe6d8, 0xdeb7, 0xe6f8, 0xffbb, 0xeef8, 0xde15, 0xddd4, 0xddd4, 
	0xddd3, 0xd5b3, 0xd5b3, 0xd571, 0xccef, 0xc4cf, 0xc4ae, 0xc4cf, 0xc4cf, 0xc4ce, 0xbcce, 0xbcae, 0xb46c, 0xac0a, 0xa388, 0x92e6, 
	0x9349, 0xd5d2, 0xd612, 0xd5b2, 0xcd91, 0xcd71, 0xd571, 0xcd30, 0xc4ef, 0xc4ce, 0xc4ae, 0xbc6d, 0xbc6d, 0xbc4c, 0xb44c, 0xb42b, 
	0xabea, 0xa3ca, 0xa3a9, 0xa3aa, 0xa3aa, 0x9b69, 0x9349, 0x8ae8, 0x8ae8, 0x82a7, 0x7a66, 0x7a46, 0x7a45, 0x7245, 0x7225, 0x7225, 
	0x7204, 0x7225, 0x7225, 0x7a66, 0x7a86, 0x7a45, 0xb3ec, 0xabcb, 0xabaa, 0xabab, 0xb3ec, 0xa36a, 0x9b08, 0x9b08, 0x9b29, 0xa349, 
	0xabab, 0xabab, 0x9b28, 0x9b29, 0x9b29, 0xa349, 0xabaa, 0x9b28, 0x9b28, 0xa349, 0x9b29, 0x7a45, 0x7a24, 0x8286, 0x8286, 0x8a86, 
	0x8aa6, 0x8aa6, 0x92e7, 0x92e8, 0x9b28, 0x9b08, 0x9ae8, 0x9b29, 0x9b29, 0x9b29, 0x9b49, 0x9b49, 0x9b49, 0x9b69, 0x9b69, 0x9b89, 
	0xa3eb, 0xac4d, 0xcdd4, 0xef39, 0xef18, 0xe6f7, 0xdeb6, 0xeef8, 0xde96, 0xe6d7, 0xe6d7, 0xde96, 0xde96, 0xde96, 0xdeb6, 0xde96, 
	0xd635, 0xde76, 0xde76, 0xe696, 0xde55, 0xe696, 0xde55, 0xd655, 0xd675, 0xde96, 0xde55, 0xde75, 0xd635, 0xe696, 0xde96, 0xe696, 
	0xde76, 0xde76, 0xde55, 0xd635, 0xde96, 0xde76, 0xde75, 0xde76, 0xde55, 0xe696, 0xe696, 0xde55, 0xde75, 0xde96, 0xde76, 0xde75, 
	0xef3a, 0xe719, 0xe719, 0xef39, 0xef3a, 0xf77b, 0xde97, 0xef39, 0xe6f8, 0xef19, 0xef39, 0xde56, 0xe614, 0xe615, 0xddd4, 0xddd4, 
	0xddb3, 0xd5b3, 0xd592, 0xcd30, 0xccef, 0xc4ae, 0xc4cf, 0xc50f, 0xcd30, 0xcd71, 0xcd71, 0xd5b3, 0xd5d3, 0xddd3, 0xddf3, 0xddf3, 
	0xddd3, 0xd591, 0xddd2, 0xd591, 0xcd71, 0xcd0f, 0xc4cf, 0xcccf, 0xc4ae, 0xbc8d, 0xbc6d, 0xb44c, 0xb42b, 0xb42b, 0xb40b, 0xb40b, 
	0xac0b, 0xac0a, 0xac0b, 0xabeb, 0xa3aa, 0x9b49, 0xa3ab, 0x8b09, 0x8ae8, 0x82c7, 0x7a46, 0x7225, 0x7225, 0x7205, 0x7245, 0x7204, 
	0x7224, 0x7a65, 0x7a86, 0x82a6, 0x82a6, 0x82a6, 0x9349, 0xab8a, 0xa36a, 0xa38a, 0xabaa, 0xa349, 0xa349, 0x9b08, 0x9b08, 0x9b29, 
	0xa349, 0x9b29, 0x9b29, 0x9b08, 0x9b28, 0xa329, 0x9b08, 0xa349, 0xa34a, 0xa34a, 0xab6a, 0x8a86, 0x8245, 0x8aa6, 0x92c7, 0x92c7, 
	0x8aa7, 0x8aa7, 0x92a7, 0x92c7, 0x92c7, 0x9b08, 0x9b08, 0x92e7, 0x9b08, 0x9b08, 0x9b08, 0x9308, 0x9328, 0x9328, 0x9b69, 0x9b8a, 
	0xabeb, 0x9c2d, 0xef39, 0xef39, 0xef19, 0xef18, 0xe6d7, 0xe6d7, 0xe6f7, 0xdeb6, 0xe6d7, 0xde76, 0xde96, 0xde96, 0xdeb6, 0xdeb6, 
	0xde75, 0xde55, 0xde55, 0xde76, 0xde75, 0xde76, 0xde96, 0xde96, 0xde55, 0xe6b7, 0xde96, 0xd635, 0xde96, 0xde96, 0xde96, 0xde76, 
	0xe696, 0xe6b6, 0xde55, 0xde75, 0xde76, 0xd635, 0xde76, 0xde96, 0xde76, 0xe696, 0xde76, 0xde76, 0xde75, 0xe696, 0xde76, 0xde96, 
	0xe719, 0xf77a, 0xf77a, 0xf75a, 0xe719, 0xe718, 0xef59, 0xf79a, 0xff9b, 0xde97, 0xde35, 0xddd4, 0xddf4, 0xddd4, 0xddb4, 0xd5b3, 
	0xddb3, 0xd592, 0xd550, 0xcd0f, 0xc4ae, 0xc4ef, 0xcd30, 0xcd71, 0xd592, 0xd5b3, 0xddd3, 0xde14, 0xddf4, 0xddf4, 0xddd3, 0xddd3, 
	0xddd3, 0xd570, 0xcd2f, 0xc4ad, 0xc48d, 0xc46d, 0xbc6d, 0xbc6d, 0xbc6d, 0xbc4c, 0xbc4c, 0xb44b, 0xabea, 0xabca, 0xb40b, 0xac0a, 
	0xabea, 0xac0a, 0xabca, 0x9348, 0x7245, 0x82a7, 0xa3ab, 0xac4d, 0xac2c, 0xa3cb, 0x82a7, 0x6a04, 0x7225, 0x69e4, 0x7204, 0x7204, 
	0x7a65, 0x82c7, 0x8ac7, 0x8ae7, 0x8ac7, 0x8ac7, 0x82c6, 0x8286, 0x7a65, 0x7a65, 0x8ae7, 0x92e8, 0xa34a, 0x92c7, 0x92e8, 0x9b28, 
	0x9b28, 0xa329, 0xa349, 0x9b08, 0x9b08, 0x8aa7, 0x8aa6, 0x92c7, 0x92c7, 0x92e7, 0x92c7, 0x8265, 0x92c7, 0x92c7, 0x92c7, 0x92c7, 
	0x92a7, 0x92c7, 0x8a86, 0x92c7, 0x92c7, 0x92e8, 0x92e8, 0x9b08, 0x9308, 0x9b08, 0x9b28, 0x82c7, 0x9308, 0x9308, 0x9349, 0x9b69, 
	0x9bab, 0xef19, 0xef18, 0xef19, 0xef39, 0xde96, 0xef18, 0xe6d7, 0xe6f7, 0xde96, 0xd675, 0xe6d7, 0xd655, 0xde96, 0xde76, 0xde76, 
	0xde76, 0xde96, 0xde76, 0xde76, 0xde55, 0xde76, 0xde76, 0xde76, 0xde75, 0xde76, 0xde96, 0xde76, 0xe696, 0xe696, 0xd675, 0xde96, 
	0xe696, 0xde76, 0xe696, 0xde76, 0xde96, 0xd635, 0xd635, 0xde76, 0xde76, 0xde96, 0xde76, 0xde76, 0xde55, 0xde55, 0xde76, 0xde75, 
	0xef39, 0xef5a, 0xef19, 0xef39, 0xef39, 0xe6f8, 0xef59, 0xde97, 0xffdc, 0xd5f4, 0xddd3, 0xddd3, 0xddd4, 0xe5f5, 0xddf4, 0xd5b3, 
	0xd592, 0xd550, 0xccef, 0xcd30, 0xcd10, 0xcd71, 0xcdd2, 0xddd3, 0xddf4, 0xde14, 0xddf4, 0xde14, 0xddf4, 0xe635, 0xee35, 0xddf3, 
	0xd590, 0xc4cd, 0xbc2b, 0xbc4c, 0xc48d, 0xc4ae, 0xc48d, 0xbc6d, 0xbc6d, 0xb44c, 0xb42b, 0xb42b, 0xac0b, 0xac0b, 0xac0b, 0xb40b, 
	0xa3ca, 0x9b49, 0x69e3, 0xc50f, 0xcd91, 0xcd71, 0xc530, 0xbcce, 0xac2c, 0xac0c, 0xa3ca, 0xa3aa, 0x7a45, 0x7224, 0x6a03, 0x7a65, 
	0x7a86, 0x8ae7, 0x8ac7, 0x8ae7, 0x82c7, 0x8ac7, 0x8ac7, 0x8286, 0x82c6, 0x7a85, 0x6a04, 0x7225, 0x8ac8, 0x8aa7, 0x8aa7, 0x92c8, 
	0x92c7, 0x8a86, 0x8266, 0x8aa6, 0x7a65, 0x7204, 0x69c3, 0x61c2, 0x7a24, 0x8265, 0x8a86, 0x92c7, 0x92c7, 0x92e8, 0x92e8, 0x92e8, 
	0x8aa7, 0x8aa7, 0x92a7, 0x8aa7, 0x92c7, 0x92a7, 0x92e7, 0x92e7, 0x92e7, 0x8ae7, 0x8b07, 0x9308, 0x8b08, 0x9328, 0x9328, 0x9bcb, 
	0xf759, 0xeef8, 0xe6f8, 0xe718, 0xef18, 0xe6f8, 0xe6b7, 0xdeb6, 0xef18, 0xef18, 0xe6d7, 0xe6d7, 0xd675, 0xde76, 0xde76, 0xde55, 
	0xde75, 0xde76, 0xde76, 0xd655, 0xd655, 0xde55, 0xd655, 0xde75, 0xde76, 0xd635, 0xde76, 0xde55, 0xde55, 0xde96, 0xde96, 0xd655, 
	0xde55, 0xde75, 0xd635, 0xe696, 0xe696, 0xde76, 0xde55, 0xde55, 0xeed7, 0xe696, 0xde96, 0xde76, 0xde76, 0xde76, 0xde96, 0xde76, 
	0xe719, 0xef3a, 0xf79b, 0xef19, 0xf77b, 0xef5a, 0xffdc, 0xf77a, 0xe655, 0xd5b1, 0xd591, 0xd571, 0xd551, 0xd571, 0xdd92, 0xd572, 
	0xdd71, 0xd550, 0xd530, 0xcd30, 0xd572, 0xd5b3, 0xddf4, 0xe615, 0xe615, 0xe615, 0xe614, 0xe635, 0xee76, 0xe634, 0xddf3, 0xd570, 
	0xccee, 0xc48d, 0xc48d, 0xc48d, 0xc4ad, 0xbc6c, 0xbc6c, 0xb44c, 0xb44c, 0xb44c, 0xb42b, 0xabea, 0xb40b, 0xb40b, 0xabea, 0x9b68, 
	0x6a03, 0xcd91, 0xd591, 0xd591, 0xd5b1, 0xcd70, 0xbcce, 0xb44c, 0xb40c, 0xa3cb, 0x9b69, 0x9b49, 0x9348, 0x7aa6, 0x7a86, 0x82a7, 
	0x82a6, 0x82a6, 0x8ac7, 0x82a6, 0x82c7, 0x82a6, 0x82a6, 0x8286, 0x82a6, 0x82a6, 0x8ac7, 0x82a7, 0x7a66, 0x7245, 0x7a45, 0x7245, 
	0x7225, 0x69e4, 0x7204, 0x7244, 0x7244, 0x7245, 0x7a65, 0x7245, 0x8286, 0x8aa6, 0x8aa7, 0x92c7, 0x92e8, 0x9b08, 0x9b29, 0x9ae8, 
	0x92e7, 0x92e7, 0x8ac7, 0x8ac7, 0x8aa7, 0x82a6, 0x8ac7, 0x8ae7, 0x8ac7, 0x8ac7, 0x8ae7, 0x8ac7, 0x8b08, 0x8ae7, 0x8b6a, 0xf7bb, 
	0xf779, 0xf759, 0xeef8, 0xeef8, 0xef18, 0xef38, 0xe6f7, 0xe6d7, 0xdeb6, 0xdeb6, 0xde96, 0xe6d7, 0xce34, 0xd655, 0xd635, 0xde75, 
	0xde55, 0xde76, 0xd635, 0xde75, 0xde76, 0xde76, 0xd635, 0xde76, 0xde55, 0xde76, 0xde76, 0xde76, 0xe6b6, 0xde76, 0xde76, 0xde75, 
	0xd635, 0xde55, 0xde96, 0xe696, 0xde75, 0xde55, 0xde75, 0xde76, 0xe6b7, 0xde55, 0xde76, 0xde55, 0xde75, 0xde55, 0xde76, 0xde76, 
	0xe6f8, 0xffdc, 0xe6f9, 0xef19, 0xe719, 0xdeb7, 0xffbc, 0xef19, 0xdd71, 0xd550, 0xd510, 0xcccf, 0xc4ce, 0xcd0f, 0xcd30, 0xd530, 
	0xd550, 0xd550, 0xd571, 0xd592, 0xd5d3, 0xddd3, 0xddf4, 0xde14, 0xe614, 0xe614, 0xe635, 0xee76, 0xe5f4, 0xddd2, 0xd570, 0xd52f, 
	0xccce, 0xccce, 0xccad, 0xc46c, 0xbc4c, 0xbc4c, 0xbc2b, 0xb42b, 0xb44b, 0xb44c, 0xb44b, 0xac4b, 0xa3ea, 0x9368, 0xc52f, 0xcd91, 
	0xd591, 0xcd91, 0xd591, 0xcd71, 0xc50f, 0xbc6d, 0xac2b, 0xb42c, 0xb44c, 0xabca, 0xa38a, 0x9b49, 0x9328, 0x9328, 0x82a7, 0x7aa7, 
	0x7aa6, 0x82c7, 0x8b08, 0x8ae7, 0x8ae7, 0x8ac7, 0x82a6, 0x8ac7, 0x8ac7, 0x82a6, 0x8ac7, 0x82c6, 0x82a7, 0x7a66, 0x7a46, 0x7225, 
	0x7205, 0x7a46, 0x7a65, 0x8286, 0x7a65, 0x7a85, 0x8286, 0x82a6, 0x8a86, 0x8ac7, 0x92e7, 0x8aa7, 0x92e7, 0x9308, 0x92e8, 0x92e8, 
	0x8ac7, 0x92e8, 0x8ac7, 0x82a6, 0x82c7, 0x82a6, 0x82c6, 0x82c7, 0x82a6, 0x82a6, 0x82a7, 0x8ac7, 0x82a7, 0xabea, 0xbc8d, 0xb4ae, 
	0x3921, 0x7b6b, 0x9c4f, 0xf75a, 0xe6f8, 0xdeb6, 0xde96, 0xe6f7, 0xef18, 0xde96, 0xdeb6, 0xef18, 0xe6b7, 0xde55, 0xde76, 0xde55, 
	0xde76, 0xde55, 0xde96, 0xd655, 0xd614, 0xde75, 0xde76, 0xde76, 0xde55, 0xde76, 0xde75, 0xd635, 0xde55, 0xd655, 0xde75, 0xde55, 
	0xde55, 0xde76, 0xde76, 0xde76, 0xde76, 0xde55, 0xde55, 0xe696, 0xde55, 0xe696, 0xe696, 0xeed7, 0xde76, 0xd635, 0xde55, 0xde96, 
	0xff9b, 0xef39, 0xf75a, 0xef19, 0xef39, 0xef19, 0xe719, 0xe6b8, 0xcd0f, 0xcd0f, 0xccef, 0xc4ae, 0xbc6d, 0xc48e, 0xc4ae, 0xc4cf, 
	0xccef, 0xcd30, 0xcd70, 0xd591, 0xd592, 0xddf4, 0xde14, 0xe5f4, 0xe614, 0xe614, 0xe655, 0xddd3, 0xdd92, 0xdd50, 0xd530, 0xccee, 
	0xc48d, 0xc46c, 0xc46c, 0xbc2b, 0xbc2b, 0xbc0a, 0xb40a, 0xb40a, 0xb40b, 0xbc6c, 0xbcad, 0xc4ef, 0xc52f, 0xcd71, 0xcd71, 0xcd50, 
	0xcd70, 0xcd50, 0xcd30, 0xcd0f, 0xccef, 0xbc8d, 0xb42c, 0xac0b, 0xabca, 0xa389, 0xa3aa, 0x9b89, 0x9b49, 0x9b49, 0x6a45, 0x6a45, 
	0x5162, 0x6205, 0x7a87, 0x82c7, 0x82c7, 0x8ae7, 0x8b07, 0x8ae7, 0x8ae7, 0x8ae7, 0x8ae7, 0x82a6, 0x8286, 0x8286, 0x7245, 0x7245, 
	0x7a46, 0x7a45, 0x8286, 0x8ac7, 0x82c7, 0x82a6, 0x8ae7, 0x8ac7, 0x8ae7, 0x8aa6, 0x8ac7, 0x8ac7, 0x8ae7, 0x8ae7, 0x8ae7, 0x8aa6, 
	0x8286, 0x82a6, 0x7a86, 0x82c7, 0x8286, 0x7a45, 0x7a85, 0x82a6, 0x82a6, 0x82a6, 0x8286, 0x82c7, 0xa3c9, 0x9b88, 0x9b89, 0xabe9, 
	0xa3a9, 0x6287, 0x838b, 0x8bed, 0x83cc, 0xa48f, 0x6ac9, 0x942e, 0xbd52, 0xef18, 0xde76, 0xe6b7, 0xd675, 0xd675, 0xde76, 0xde75, 
	0xde55, 0xd635, 0xe696, 0xde76, 0xe6b6, 0xde76, 0xd614, 0xd655, 0xd634, 0xde75, 0xde96, 0xd635, 0xd655, 0xde76, 0xde55, 0xd614, 
	0xde76, 0xe696, 0xe696, 0xd655, 0xd635, 0xd655, 0xde76, 0xde55, 0xd635, 0xde55, 0xde55, 0xde76, 0xe696, 0xe6b7, 0xde75, 0xde75, 
	0xef5a, 0xe719, 0xef39, 0xf77b, 0xef39, 0xef19, 0xdeb8, 0xeed8, 0xc4ce, 0xc4cf, 0xc48e, 0xbc8e, 0xbc6d, 0xbc6d, 0xbc6d, 0xc48e, 
	0xc4ce, 0xc4ef, 0xbcee, 0xcd70, 0xcd71, 0xddd2, 0xddd3, 0xddd3, 0xddf3, 0xddf2, 0xd571, 0xd530, 0xd550, 0xdd50, 0xd50f, 0xc48c, 
	0xc46c, 0xbc2b, 0xb40a, 0xb3ea, 0xb3c9, 0xb3c9, 0xb3c9, 0xb40a, 0xbc6c, 0xc4cf, 0xbcce, 0xc530, 0xcd50, 0xd591, 0xcd71, 0xd591, 
	0xcd50, 0xcd50, 0xc4ce, 0xbc8d, 0xbc6d, 0xbc4c, 0xb42c, 0xac0b, 0xabeb, 0xabeb, 0xabeb, 0xabeb, 0xa3aa, 0x9369, 0x6a66, 0x6a46, 
	0x6a26, 0x6a26, 0x61e4, 0x5162, 0x5162, 0x7286, 0x82c7, 0x8b08, 0x7a66, 0x8286, 0x7a25, 0x8286, 0x8ac7, 0x7a65, 0x7204, 0x7225, 
	0x7a25, 0x8a87, 0x92c7, 0x92c7, 0x8ae7, 0x8ae7, 0x92e7, 0x92e7, 0x8ae7, 0x9328, 0x8ae7, 0x8ac7, 0x8ac7, 0x8ae7, 0x82a6, 0x8ac7, 
	0x7a45, 0x7a86, 0x82a6, 0x7a86, 0x7a65, 0x7a85, 0x7a65, 0x7a86, 0x7aa6, 0x8ac7, 0x9348, 0x9328, 0x9b88, 0x9b48, 0x9347, 0x9348, 
	0x8b07, 0x6ae8, 0x7309, 0x730a, 0x732a, 0x7b4a, 0x7b4b, 0x732a, 0x8bcc, 0x5a67, 0x730a, 0xbd93, 0xe6f7, 0xe696, 0xde76, 0xde96, 
	0xde55, 0xde55, 0xce14, 0xd635, 0xd635, 0xde55, 0xde76, 0xde55, 0xd655, 0xde76, 0xde76, 0xd614, 0xde76, 0xde55, 0xde55, 0xd635, 
	0xe6b6, 0xde55, 0xde55, 0xd655, 0xd635, 0xd634, 0xd655, 0xde55, 0xde75, 0xde75, 0xde76, 0xde76, 0xde76, 0xd635, 0xde76, 0xde75, 
	0xf77b, 0xf77b, 0xf77c, 0xbdd7, 0xa4d3, 0x9cf3, 0x9493, 0xacf1, 0xcd0f, 0xc4ce, 0xbc6d, 0xbc8e, 0xbc8e, 0xbc8e, 0xbc6d, 0xbc8e, 
	0xbc8e, 0xc4ef, 0xcd50, 0xcd70, 0xd5b1, 0xd591, 0xddd2, 0xd591, 0xd551, 0xd50f, 0xcc8e, 0xc46d, 0xccad, 0xdd30, 0xd4ee, 0xcc8c, 
	0xc46c, 0xbc2b, 0xb3ea, 0xabc9, 0xaba9, 0xb3ea, 0xb3ea, 0xbc4c, 0xc4ce, 0xcd51, 0xcd71, 0xddb2, 0xddd2, 0xddd3, 0xd591, 0xcd50, 
	0xc4ce, 0xbc4c, 0xc4ad, 0xc48e, 0xc48d, 0xbc8d, 0xb42c, 0xb42b, 0xac0b, 0xabeb, 0xb42c, 0xb42c, 0xa3aa, 0x9b89, 0x7aa7, 0x7266, 
	0x7287, 0x72a7, 0x7287, 0x7aa7, 0x6a46, 0x4962, 0x61e5, 0x61e5, 0x61e5, 0x59a4, 0x5984, 0x5184, 0x61a4, 0x69c4, 0x8aa7, 0x8287, 
	0x7a26, 0x7205, 0x69c4, 0x69c5, 0x6184, 0x7225, 0x7205, 0x8286, 0x82a6, 0x8ae7, 0x8286, 0x82a6, 0x7a45, 0x69c4, 0x5983, 0x5162, 
	0x5183, 0x59a3, 0x61e3, 0x6203, 0x6a04, 0x7224, 0x7245, 0x7a65, 0x82c6, 0x82e7, 0x8b07, 0x8b07, 0x8b07, 0x9327, 0x8ae7, 0x7a85, 
	0x6a24, 0x7b6b, 0x6ae9, 0x6ac8, 0x6ae9, 0x6ac9, 0x732a, 0x6288, 0x62a9, 0x5a88, 0x732b, 0x7b8c, 0x7b8c, 0x734b, 0x7b6b, 0x944d, 
	0xde96, 0xe6d6, 0xe6f7, 0xdeb6, 0xde75, 0xde55, 0xd614, 0xd655, 0xde75, 0xde55, 0xde75, 0xd635, 0xde76, 0xde75, 0xde55, 0xde75, 
	0xd634, 0xde76, 0xde96, 0xd635, 0xd635, 0xd634, 0xde55, 0xde75, 0xde55, 0xde55, 0xde76, 0xde76, 0xde76, 0xde55, 0xde75, 0xde55, 
	0xa535, 0xa535, 0xa535, 0xa4f4, 0x9492, 0x9493, 0x9cd3, 0xa4d2, 0xcd50, 0xbcce, 0xc4ae, 0xbc8d, 0xbc8e, 0xbc8d, 0xbc8e, 0xbcae, 
	0xc4ce, 0xc4ef, 0xc4ef, 0xcd70, 0xcd30, 0xd571, 0xd571, 0xd550, 0xccce, 0xccad, 0xbc2c, 0xbc0a, 0xc46c, 0xccad, 0xcc8d, 0xc46c, 
	0xc46c, 0xbc2b, 0xb3ea, 0xabc9, 0xb3c9, 0xbc2b, 0xbc4c, 0xc50f, 0xd592, 0xddd4, 0xddd3, 0xe614, 0xee55, 0xddd3, 0xddd2, 0xcd2f, 
	0xc48d, 0xc4cd, 0xcd0f, 0xc4ad, 0xc48d, 0xbcad, 0xbc8d, 0xb44c, 0xb42c, 0xb42c, 0xac0b, 0x9328, 0x8b07, 0xac2c, 0xb48e, 0x938a, 
	0x7266, 0x7266, 0x7287, 0x7ac8, 0x7ac8, 0x72a7, 0x6a05, 0x8ac9, 0x7a88, 0x6a26, 0x6a26, 0x6a05, 0x61a4, 0x69c5, 0x69e5, 0x61a4, 
	0x5963, 0x6164, 0x5963, 0x69c4, 0x61a4, 0x61c5, 0x61a4, 0x69e5, 0x6163, 0x7206, 0x6a05, 0x61a3, 0x69c4, 0x7246, 0x6a05, 0x6a45, 
	0x6a25, 0x6204, 0x61e4, 0x61e3, 0x6a44, 0x7265, 0x82a6, 0x82a6, 0x8286, 0x82a6, 0x8ae7, 0x8ae6, 0x82a6, 0x82a6, 0x7a85, 0x59e3, 
	0x6b08, 0x6ac9, 0x6ae9, 0x6ac9, 0x62a8, 0x6ac9, 0x6ac9, 0x732a, 0x7b6b, 0x734b, 0x6b0a, 0x62c9, 0x6aea, 0x732a, 0x6b0a, 0x6b0a, 
	0x732a, 0x734b, 0x4a06, 0x9c6e, 0xad10, 0xd655, 0xd635, 0xd634, 0xd634, 0xde55, 0xde96, 0xde96, 0xde76, 0xde75, 0xde55, 0xd655, 
	0xe696, 0xde76, 0xde96, 0xde96, 0xd635, 0xde55, 0xde55, 0xde76, 0xe696, 0xe696, 0xd655, 0xd655, 0xde55, 0xde76, 0xd635, 0xde75, 
	0x94d4, 0x9cf4, 0xa515, 0xa4f4, 0x8c52, 0x8411, 0x8c72, 0x9470, 0xcdb1, 0xc50f, 0xc4cf, 0xbcae, 0xbc8e, 0xbcae, 0xc4ae, 0xc4ef, 
	0xcd0f, 0xcd30, 0xc50f, 0xcd30, 0xcd50, 0xd550, 0xd510, 0xccef, 0xbc6c, 0xbc2c, 0xb3eb, 0xb3ea, 0xc44c, 0xc48d, 0xcc8d, 0xc46c, 
	0xbc2b, 0xbc0a, 0xb40a, 0xb3ea, 0xb3ea, 0xbc6c, 0xc4ef, 0xd571, 0xddd3, 0xe5f4, 0xee76, 0xe634, 0xe614, 0xddf3, 0xd590, 0xcd0e, 
	0xc48c, 0xcd0e, 0xccee, 0xc4cd, 0xc4ad, 0xc4ce, 0xc4ce, 0xbcce, 0xbcae, 0xb42c, 0x7a85, 0xc551, 0xcdb2, 0xd592, 0xcd50, 0xc4ef, 
	0xac2c, 0x8308, 0x7aa7, 0x6a66, 0x7aa7, 0x7aa7, 0x8308, 0x6a06, 0x7a47, 0x8a68, 0x9288, 0x8247, 0x71a5, 0x5942, 0x5102, 0x5963, 
	0x5963, 0x5122, 0x5122, 0x5963, 0x71c5, 0x8247, 0x7a06, 0x8227, 0x8247, 0x7206, 0x69c4, 0x7246, 0x7225, 0x7225, 0x7225, 0x69e4, 
	0x69e4, 0x6a04, 0x6a24, 0x7244, 0x7a85, 0x8286, 0x7a85, 0x7a85, 0x8286, 0x8ae7, 0x7a85, 0x7a85, 0x6a44, 0x6a44, 0x59e3, 0x62e9, 
	0x6aa9, 0x5a67, 0x6288, 0x5a88, 0x5a68, 0x5a88, 0x62a9, 0x5a88, 0x62c9, 0x5a88, 0x62c9, 0x6aea, 0x62c9, 0x6ae9, 0x6ae9, 0x6ae9, 
	0x6b0a, 0x5aa8, 0x5247, 0x2943, 0x5247, 0x7b6b, 0x83cc, 0x6b09, 0x7b6b, 0xc5d4, 0xde55, 0xde75, 0xd655, 0xde55, 0xd655, 0xd655, 
	0xde76, 0xde55, 0xde75, 0xde76, 0xd635, 0xd655, 0xde55, 0xde55, 0xde76, 0xde55, 0xde76, 0xde55, 0xde55, 0xde96, 0xde76, 0xd655, 
	0x7c11, 0x94b3, 0x9cf5, 0x9cf4, 0x8411, 0x8431, 0x8410, 0x8c51, 0xcd91, 0xc50f, 0xbc8e, 0xbc8d, 0xbc8e, 0xbcae, 0xbc8d, 0xc4ef, 
	0xc4ef, 0xc4ce, 0xc4cf, 0xc4ce, 0xc4ef, 0xc4cf, 0xc4cf, 0xc4ae, 0xbc6d, 0xb40b, 0xabaa, 0xb3eb, 0xc44c, 0xc46c, 0xc46c, 0xbc2b, 
	0xb40a, 0xb3ea, 0xb3ea, 0xabc9, 0xb40a, 0xc4ad, 0xd550, 0xddd2, 0xee35, 0xee35, 0xe614, 0xddf2, 0xe5f3, 0xddd2, 0xd590, 0xc4ad, 
	0xcc8c, 0xcced, 0xc4cd, 0xc4ad, 0xc4ad, 0xc4ee, 0xcd50, 0xcd70, 0xd591, 0xd5b1, 0xd5b2, 0xd591, 0xcd70, 0xc52f, 0xbcce, 0xc48d, 
	0xb44c, 0x9b89, 0x7aa7, 0x8308, 0x7aa7, 0x7286, 0x6a45, 0x6a45, 0x7a87, 0x69e5, 0x7a47, 0x8a68, 0x8a67, 0x8a88, 0x8a67, 0x8247, 
	0x8227, 0x79e6, 0x8247, 0x8247, 0x8247, 0x8227, 0x79e6, 0x71e5, 0x71e5, 0x69c4, 0x7a46, 0x7225, 0x69e4, 0x6a04, 0x69e3, 0x6a24, 
	0x7a65, 0x6a04, 0x7224, 0x7a65, 0x7a65, 0x7a65, 0x82a6, 0x7a65, 0x7a44, 0x7a65, 0x7244, 0x61e3, 0x5a03, 0x49e4, 0x62a8, 0x6268, 
	0x5a68, 0x5247, 0x5a67, 0x5a67, 0x5a67, 0x62a8, 0x5a67, 0x5227, 0x5227, 0x62c9, 0x6aea, 0x62a8, 0x6ae9, 0x62a9, 0x5a88, 0x5a88, 
	0x5a88, 0x5aa8, 0x5a88, 0x4a26, 0x4a26, 0x2922, 0x3163, 0x4a26, 0x62e9, 0x83cd, 0x944f, 0x944e, 0xacf0, 0xd635, 0xde96, 0xe696, 
	0xde96, 0xeed7, 0xde76, 0xde75, 0xd655, 0xde55, 0xde55, 0xde76, 0xde76, 0xde75, 0xde55, 0xde55, 0xde55, 0xe696, 0xd655, 0xde76, 
	0x6b8f, 0x8c72, 0x94d4, 0xa535, 0x9493, 0x7c10, 0x8410, 0x7baf, 0xcd71, 0xc50f, 0xbcce, 0xc4ce, 0xc4ae, 0xc4ae, 0xc4ae, 0xc4ae, 
	0xc4ce, 0xc4ae, 0xc4ae, 0xc4ce, 0xbc6d, 0xbc8d, 0xbc8d, 0xbc6d, 0xbc4c, 0xb3eb, 0xabaa, 0xb40b, 0xbc4c, 0xbc2c, 0xb3ea, 0xb3ca, 
	0xb3ca, 0xab88, 0xb3c9, 0xbc0b, 0xbc6c, 0xcd0f, 0xdd71, 0xddb2, 0xddf1, 0xd5d1, 0xd570, 0xdd91, 0xdd91, 0xd590, 0xd56f, 0xc48c, 
	0xbc2b, 0xbc2b, 0xc46c, 0xc48d, 0xc4ad, 0xcd0f, 0xcd71, 0xcd71, 0xd5b1, 0xddd2, 0xddd2, 0xddb2, 0xd571, 0xd530, 0xc4ce, 0xb44c, 
	0xac0b, 0xa3a9, 0x8b28, 0x7ac7, 0x82e8, 0x82e8, 0x7aa7, 0x7aa7, 0x7286, 0x7226, 0x69e4, 0x59a4, 0x69e5, 0x6184, 0x69c5, 0x7206, 
	0x71a5, 0x71e5, 0x69a4, 0x69a4, 0x69a4, 0x69e5, 0x6163, 0x61a3, 0x69e5, 0x7205, 0x6a05, 0x7245, 0x7224, 0x7a85, 0x7245, 0x7265, 
	0x7224, 0x7224, 0x7a45, 0x7a65, 0x7a65, 0x7244, 0x7244, 0x7a44, 0x7244, 0x6a23, 0x6223, 0x51c3, 0x5226, 0x5226, 0x5a67, 0x5a47, 
	0x5a68, 0x5226, 0x5227, 0x5a67, 0x5a68, 0x62a8, 0x5aa8, 0x5247, 0x4a47, 0x5247, 0x62c9, 0x62c9, 0x62a9, 0x5a68, 0x5a88, 0x62a8, 
	0x62a8, 0x5aa8, 0x5aa8, 0x5aa8, 0x62e9, 0x62c9, 0x6b0a, 0x630a, 0x6b0a, 0x732b, 0x62e9, 0x732b, 0x5a88, 0x4a47, 0x41c5, 0x39a4, 
	0x3143, 0x39a4, 0x5247, 0x7bac, 0xbd72, 0xde76, 0xde75, 0xde55, 0xe696, 0xde75, 0xde76, 0xd635, 0xde55, 0xd635, 0xde76, 0xde55, 
	0x7bef, 0x8c93, 0x9493, 0x9cf5, 0x8c93, 0x7c11, 0x8451, 0x7baf, 0xbd10, 0xc530, 0xa986, 0xa986, 0xa986, 0xa986, 0xbc8e, 0xc4ae, 
	0xbcad, 0xc4ae, 0xbc8d, 0xbc8d, 0xbc8d, 0xbc6d, 0xa986, 0xa986, 0xa986, 0xa986, 0xb40b, 0xbc2c, 0xbc2c, 0xb40b, 0xb3ca, 0xb3ca, 
	0xab89, 0xaba9, 0xb40b, 0xb42c, 0xc48e, 0xc4cf, 0xccef, 0xd530, 0xcd0f, 0xccef, 0xd50f, 0xd52f, 0xd54f, 0xd56f, 0xcccd, 0xccad, 
	0xbc0a, 0xbc2b, 0xccad, 0xccad, 0xccee, 0xd550, 0xd571, 0xddd2, 0xddf3, 0xddf2, 0xd5d2, 0xdd71, 0xd530, 0xcd0e, 0xc4ad, 0xb3eb, 
	0xbc2b, 0xaba9, 0x9349, 0x8307, 0x7266, 0x7a86, 0x7aa7, 0x82c7, 0x82a7, 0x82a7, 0x7a66, 0x7246, 0x7226, 0x7225, 0x61c4, 0x61a4, 
	0x69e5, 0x61c4, 0x69c4, 0x69c4, 0x69e4, 0x7205, 0x7225, 0x7225, 0x7a46, 0x7a66, 0x7a65, 0x7a86, 0x7245, 0x7245, 0x7224, 0x6a03, 
	0x7224, 0x7244, 0x7224, 0x7244, 0x7a44, 0x7224, 0x7224, 0x6a03, 0x6224, 0x49a2, 0x49e4, 0x5a67, 0x5227, 0x5247, 0x5247, 0x5247, 
	0x4a26, 0x4a47, 0x5267, 0x5247, 0x5a88, 0x5a88, 0x5a68, 0x4a26, 0x5247, 0x5267, 0x734b, 0x6b0a, 0x62c9, 0x62c9, 0x62c9, 0x5aa8, 
	0x5aa8, 0x62c9, 0x5aa8, 0x5288, 0x5a88, 0x5aa8, 0xa986, 0xa986, 0xa986, 0xa986, 0x6b2a, 0x6b2a, 0x736b, 0x736b, 0x6b2a, 0x736b, 
	0x7bac, 0x83cd, 0xa986, 0xa986, 0xa986, 0xa986, 0x6b2a, 0x3984, 0x732a, 0xa4cf, 0xce14, 0xe697, 0xde76, 0xde76, 0xde76, 0xd655, 
	0x7bf0, 0x8452, 0x9493, 0x94b4, 0x8c72, 0x8c52, 0x8431, 0x738e, 0xacb0, 0xcd50, 0xa986, 0xa986, 0xa986, 0xa986, 0xbc8d, 0xc4ce, 
	0xbcad, 0xc4ae, 0xbcad, 0xbcad, 0xc4ae, 0xc4ad, 0xa986, 0xa986, 0xa986, 0xa986, 0xb40b, 0xb42c, 0xbc0c, 0xb40c, 0xb3ea, 0xabaa, 
	0xabaa, 0xabaa, 0xb40b, 0xb40b, 0xbc6d, 0xc48d, 0xc46d, 0xc48d, 0xc46d, 0xc46d, 0xc48d, 0xccad, 0xd50f, 0xcccd, 0xc46c, 0xbc2b, 
	0xabc9, 0xbc2b, 0xc46c, 0xc48c, 0xc4ad, 0xccce, 0xcd0f, 0xdd71, 0xdd91, 0xdd91, 0xe5b2, 0xdd71, 0xdd50, 0xccce, 0xc46c, 0xb40a, 
	0xbc2b, 0xabeb, 0xa3ca, 0xac0c, 0xbc8e, 0x82a6, 0x7a65, 0x7286, 0x7a86, 0x7a87, 0x7a87, 0x7246, 0x6a04, 0x6a05, 0x61c4, 0x61c4, 
	0x69e4, 0x69e4, 0x6a05, 0x7225, 0x7245, 0x7245, 0x7245, 0x8286, 0x8286, 0x7a45, 0x7a65, 0x7245, 0x7204, 0x7224, 0x7204, 0x7224, 
	0x7224, 0x7224, 0x7a44, 0x7244, 0x7244, 0x7224, 0x6a03, 0x5a04, 0x49c4, 0x5226, 0x4a06, 0x4a06, 0x5227, 0x5a67, 0x5227, 0x5227, 
	0x41c5, 0x5226, 0x5a68, 0x5227, 0x4a06, 0x5226, 0x5227, 0x4a06, 0x5247, 0x62e9, 0x6ae9, 0x732a, 0x5a88, 0x5247, 0x62e9, 0x5aa8, 
	0x5a88, 0x5288, 0x5a88, 0x5aa8, 0x5267, 0x62c9, 0xa986, 0xa986, 0xa986, 0xa986, 0x5aa8, 0x62e9, 0x6b0a, 0x734b, 0x734b, 0x7b8c, 
	0x83cd, 0x734b, 0xa986, 0xa986, 0xa986, 0xa986, 0x6b2a, 0x734b, 0x736b, 0x7bac, 0x736b, 0x5247, 0x49e5, 0x5227, 0x83ad, 0xa4cf, 
	0x7c11, 0x8452, 0x8452, 0x8c93, 0x8c72, 0x8431, 0x7c11, 0x73d0, 0xa986, 0xa986, 0xa986, 0xa986, 0xa986, 0xa986, 0xa986, 0xa986, 
	0xbcad, 0xbc8d, 0xbcad, 0xbc8d, 0xa986, 0xa986, 0xa986, 0xa986, 0xa986, 0xa986, 0xa986, 0xa986, 0xbc2c, 0xbc0c, 0xabca, 0xa369, 
	0xb3ca, 0xb3eb, 0xbc2c, 0xb40b, 0xb44c, 0xbc4c, 0xc46d, 0xc46d, 0xc46d, 0xc46d, 0xc48d, 0xcc8d, 0xcc8d, 0xc46c, 0xbc0b, 0xb3ea, 
	0xb3ea, 0xb40a, 0xbc2b, 0xbc4b, 0xbc2b, 0xcc8c, 0xccee, 0xcd0f, 0xdd50, 0xdd71, 0xdd71, 0xd52f, 0xd4ee, 0xccad, 0xc46c, 0xbc2b, 
	0xbc0b, 0xbc2b, 0xa3a9, 0xabeb, 0xc4ef, 0xbccf, 0x8b28, 0x82a6, 0x7a65, 0x7a66, 0x7225, 0x7225, 0x7246, 0x69e4, 0x6a05, 0x69e4, 
	0x69e4, 0x6a04, 0x6a05, 0x6a04, 0x7224, 0x7245, 0x7245, 0x7245, 0x7224, 0x6a04, 0x69e3, 0x7224, 0x7224, 0x7224, 0x7244, 0x7203, 
	0x7224, 0x7224, 0x6a03, 0x7224, 0x6a24, 0x6a25, 0x5a05, 0x4a06, 0x5226, 0x5247, 0x5226, 0x4a06, 0x5226, 0x5247, 0x5227, 0x4a06, 
	0x4a06, 0x4a06, 0x4a06, 0x4a06, 0x4a06, 0x41a4, 0x41c5, 0x41e5, 0x5247, 0x5aa8, 0x6ae9, 0x6ae9, 0x5a68, 0x5a88, 0x62c9, 0x62e9, 
	0x5a88, 0x5aa8, 0x5a88, 0x5267, 0xa986, 0xa986, 0xa986, 0xa986, 0xa986, 0xa986, 0xa986, 0xa986, 0x734b, 0x734b, 0x734b, 0x62c9, 
	0xa986, 0xa986, 0xa986, 0xa986, 0xa986, 0xa986, 0xa986, 0xa986, 0x738c, 0x83ad, 0x8c0e, 0x8bee, 0x83ac, 0x7b6c, 0x83ad, 0x6b4b, 
	0x7bd0, 0x8431, 0x8411, 0x8c93, 0x8c72, 0x7c11, 0x8431, 0x8411, 0xa986, 0xa986, 0xa986, 0xa986, 0xa986, 0xa986, 0xa986, 0xa986, 
	0xbcad, 0xbcad, 0xbc8d, 0xbcad, 0xa986, 0xa986, 0xa986, 0xa986, 0xa986, 0xa986, 0xa986, 0xa986, 0xb40b, 0xb3eb, 0xb3eb, 0xb40b, 
	0xabaa, 0xb40b, 0xb42c, 0xb44c, 0xb44c, 0xbc4d, 0xc44d, 0xc48d, 0xcc8e, 0xcc8e, 0xc46d, 0xc44c, 0xc44c, 0xbc2b, 0xb40b, 0xbc0b, 
	0xb3a9, 0xb3ca, 0xb3ea, 0xbc2b, 0xbc2b, 0xc46c, 0xccad, 0xd50f, 0xd50f, 0xccee, 0xd4ce, 0xccad, 0xcc8c, 0xc48c, 0xc44c, 0xbc2b, 
	0xbc2c, 0xbc2b, 0xaba9, 0xb46d, 0xbd10, 0xc511, 0xbcf0, 0x9369, 0x8ae7, 0x8ae7, 0x82c7, 0x82a7, 0x7a66, 0x61c4, 0x69e4, 0x69e4, 
	0x6a05, 0x6a04, 0x69e4, 0x69e4, 0x69e3, 0x61e3, 0x61e3, 0x6a24, 0x6a04, 0x6a04, 0x7224, 0x7244, 0x7244, 0x7224, 0x7244, 0x7224, 
	0x7245, 0x6a03, 0x6a04, 0x49c4, 0x49c5, 0x4a06, 0x5206, 0x4a06, 0x5226, 0x4a26, 0x5247, 0x4a06, 0x41e5, 0x41e5, 0x41e5, 0x4a26, 
	0x4a47, 0x5226, 0x4a06, 0x4a26, 0x4a06, 0x41e5, 0x39a4, 0x4206, 0x5a88, 0x62a9, 0x62a9, 0x62a9, 0x5a88, 0x62a9, 0x62a9, 0x5a88, 
	0x5aa8, 0x5aa8, 0x5aa8, 0x5aa8, 0xa986, 0xa986, 0xa986, 0xa986, 0xa986, 0xa986, 0xa986, 0xa986, 0x736b, 0x62e9, 0x5aa8, 0x5aa8, 
	0xa986, 0xa986, 0xa986, 0xa986, 0xa986, 0xa986, 0xa986, 0xa986, 0x83cd, 0x7b8c, 0x7bac, 0x7bac, 0x7bac, 0x7bac, 0x83cd, 0x83ed, 
	0x7bf0, 0x73d0, 0x8452, 0x8c73, 0x8431, 0x8431, 0x8431, 0x8c52, 0xa986, 0xa986, 0xa986, 0xa986, 0xa986, 0xa986, 0xa986, 0xa986, 
	0xbcad, 0xbc8d, 0xbcad, 0xbcad, 0xa986, 0xa986, 0xa986, 0xa986, 0xa986, 0xa986, 0xa986, 0xa986, 0xb40b, 0xb40b, 0xb40b, 0xb42c, 
	0xac0b, 0xb44c, 0xb42c, 0xb42c, 0xb40c, 0xb44c, 0xbc6d, 0xc48d, 0xcc8e, 0xccae, 0xc46d, 0xbc0b, 0xb3ea, 0xb3c9, 0xb3c9, 0xaba9, 
	0xaba9, 0xaba9, 0xaba9, 0xb3c9, 0xaba9, 0xc44c, 0xc48c, 0xccad, 0xcc8c, 0xc48c, 0xc46c, 0xc48c, 0xc46c, 0xbc4b, 0xbc4b, 0xbc2b, 
	0xb3eb, 0xbc2b, 0xa369, 0xb48e, 0xbcd0, 0xbcf0, 0xcd72, 0xc531, 0xbccf, 0x9b49, 0x9328, 0x9308, 0x8ac7, 0x8ae7, 0x82c7, 0x8286, 
	0x8286, 0x7a65, 0x7a85, 0x7a65, 0x7224, 0x7244, 0x6a24, 0x7224, 0x7244, 0x6a24, 0x7224, 0x69e3, 0x6a03, 0x69e3, 0x6a24, 0x61c3, 
	0x51e3, 0x41c4, 0x41c5, 0x41e5, 0x49e6, 0x49e6, 0x39a4, 0x4a06, 0x4a26, 0x4a26, 0x4a26, 0x4a06, 0x39a4, 0x41e5, 0x4a26, 0x4a26, 
	0x4a26, 0x4a26, 0x41e5, 0x41e5, 0x39a4, 0x3143, 0x41e5, 0x4a06, 0x5a88, 0x62c9, 0x62a8, 0x62c9, 0x62a9, 0x5a88, 0x6ae9, 0x5a88, 
	0x5a88, 0x5247, 0x5267, 0x5247, 0xa986, 0xa986, 0xa986, 0xa986, 0xa986, 0xa986, 0xa986, 0xa986, 0x62c9, 0x62e9, 0x62e9, 0x5267, 
	0xa986, 0xa986, 0xa986, 0xa986, 0xa986, 0xa986, 0xa986, 0xa986, 0x736b, 0x736b, 0x6b2a, 0x734b, 0x734b, 0x7b8c, 0x734b, 0x7b8c, 
	0x73af, 0x73d0, 0x8411, 0x8c72, 0x8431, 0x7c11, 0x8452, 0x8431, 0xa986, 0xa986, 0xa986, 0xa986, 0xa986, 0xa986, 0xa986, 0xa986, 
	0xc4ae, 0xbc8d, 0xbc8d, 0xbc8d, 0xa986, 0xa986, 0xa986, 0xa986, 0xa986, 0xa986, 0xa986, 0xa986, 0xb44c, 0xb42c, 0xac0b, 0xb42c, 
	0xbc4d, 0xb44d, 0xb44c, 0xb42c, 0xbc4d, 0xbc4d, 0xc48d, 0xccae, 0xcc8e, 0xc44d, 0xc44c, 0xb3ea, 0xaba9, 0xab88, 0xaba9, 0xaba9, 
	0xaba9, 0xaba9, 0xaba9, 0xaba9, 0xb3ca, 0xbc2c, 0xc46d, 0xc46c, 0xc46c, 0xc48c, 0xccad, 0xc46c, 0xbc2b, 0xbc2a, 0xbc2b, 0xb40a, 
	0xbc2b, 0xabaa, 0xa3aa, 0xbcf0, 0xc531, 0xc552, 0xcd93, 0xd5b3, 0xcdb3, 0xbcf0, 0x9348, 0x9328, 0x9328, 0x9328, 0x9308, 0x8ac7, 
	0x82c7, 0x82a6, 0x8286, 0x7a65, 0x7a65, 0x7265, 0x7244, 0x6a03, 0x6203, 0x6a24, 0x6a24, 0x59c3, 0x5a04, 0x51e5, 0x4183, 0x41e5, 
	0x4a05, 0x4a47, 0x41e5, 0x4a06, 0x4a06, 0x4a06, 0x39a4, 0x4a06, 0x4206, 0x4a06, 0x39a4, 0x39a4, 0x41e5, 0x4a47, 0x4a26, 0x4a06, 
	0x4a06, 0x41e5, 0x41e5, 0x39a4, 0x41c5, 0x41c5, 0x4206, 0x41c5, 0x6b0a, 0x62c9, 0x5a88, 0x5a67, 0x5a68, 0x5227, 0x62a9, 0x5aa8, 
	0x5a88, 0x5267, 0x5267, 0x4a06, 0xa986, 0xa986, 0xa986, 0xa986, 0xa986, 0xa986, 0xa986, 0xa986, 0x5aa8, 0x5aa8, 0x5aa8, 0x5aa8, 
	0xa986, 0xa986, 0xa986, 0xa986, 0xa986, 0xa986, 0xa986, 0xa986, 0x736b, 0x6b2a, 0x62e9, 0x734b, 0x6b0a, 0x6b4b, 0x736b, 0x6b2a, 
	0x6b6e, 0x738f, 0x8431, 0x7c11, 0xa986, 0xa986, 0xa986, 0xa986, 0xa986, 0xa986, 0xa986, 0xa986, 0xa986, 0xa986, 0xa986, 0xa986, 
	0xa986, 0xa986, 0xa986, 0xa986, 0xa986, 0xa986, 0xa986, 0xa986, 0xa986, 0xa986, 0xa986, 0xa986, 0xa986, 0xa986, 0xa986, 0xa986, 
	0xbc6d, 0xbc6d, 0xbc4d, 0xbc4d, 0xbc4d, 0xc48e, 0xc4ae, 0xc46d, 0xc44c, 0xbc0b, 0xb3ca, 0xaba9, 0xa388, 0xaba9, 0xa388, 0xaba9, 
	0xa389, 0xa369, 0xaba9, 0xab89, 0xbc0b, 0xbc2c, 0xbc2c, 0xbc4c, 0xc44b, 0xc46c, 0xc48c, 0xbc2c, 0xbc2c, 0xbc2b, 0xbc2b, 0xbc2b, 
	0xabeb, 0x9b89, 0x9bcc, 0xbd73, 0xc593, 0xcd93, 0xcdb3, 0xcd73, 0xcd93, 0xc572, 0xac2d, 0x9328, 0x9328, 0x8ae7, 0x8b08, 0x82a6, 
	0x82a6, 0x8286, 0x7265, 0x7244, 0x6a44, 0x6204, 0x61e3, 0x61e3, 0x51c2, 0x4983, 0x49a3, 0x4184, 0x41a5, 0x41c5, 0x41a5, 0x41c5, 
	0x41e5, 0x41e5, 0x41e5, 0x4a06, 0x39a4, 0x4a06, 0x4a06, 0x4a06, 0x41c5, 0x3984, 0x39a4, 0x41c5, 0x41e5, 0x5247, 0x41e5, 0x4a26, 
	0x4a06, 0x41e5, 0x41c5, 0x41c5, 0x39a4, 0x4a06, 0x41c5, 0x62a9, 0x62a8, 0x6b0a, 0x62a9, 0x5a67, 0x5247, 0x5247, 0x5267, 0x4a26, 
	0xa986, 0xa986, 0xa986, 0xa986, 0xa986, 0xa986, 0xa986, 0xa986, 0xa986, 0xa986, 0xa986, 0xa986, 0xa986, 0xa986, 0xa986, 0xa986, 
	0xa986, 0xa986, 0xa986, 0xa986, 0xa986, 0xa986, 0xa986, 0xa986, 0xa986, 0xa986, 0xa986, 0xa986, 0x62e9, 0x6b0a, 0x6b2a, 0x6b2a, 
	0x6b6d, 0x73d0, 0x73d0, 0x7c11, 0xa986, 0xa986, 0xa986, 0xa986, 0xa986, 0xa986, 0xa986, 0xa986, 0xa986, 0xa986, 0xa986, 0xa986, 
	0xa986, 0xa986, 0xa986, 0xa986, 0xa986, 0xa986, 0xa986, 0xa986, 0xa986, 0xa986, 0xa986, 0xa986, 0xa986, 0xa986, 0xa986, 0xa986, 
	0xbc6d, 0xbc8e, 0xbc6d, 0xbc8d, 0xc48e, 0xbc8d, 0xbc6d, 0xbc4c, 0xbc0b, 0xaba9, 0xab88, 0xaba9, 0xaba9, 0xaba9, 0xaba9, 0xabaa, 
	0xab89, 0xab89, 0xb3ca, 0xb3ca, 0xbc0b, 0xbc2b, 0xc44c, 0xc44c, 0xcc8d, 0xc46c, 0xc46d, 0xbc2c, 0xbc2c, 0xbc2c, 0xbc2c, 0xbc0b, 
	0xa3ca, 0xac0c, 0x5aa9, 0x52aa, 0x630c, 0x7bae, 0x736d, 0xa4b2, 0xcdd4, 0xcd93, 0xc573, 0xa42d, 0x9327, 0x8b28, 0x8ac7, 0x82a6, 
	0x7a85, 0x7265, 0x6a24, 0x59e4, 0x5a05, 0x51e4, 0x49c4, 0x49c5, 0x3964, 0x3984, 0x3984, 0x41a4, 0x3963, 0x3984, 0x39a5, 0x39a5, 
	0x41c5, 0x41e5, 0x41e5, 0x41e5, 0x41e5, 0x41e5, 0x39a4, 0x41c5, 0x41c5, 0x39a4, 0x41c5, 0x41e5, 0x4a26, 0x4a26, 0x41e5, 0x41c5, 
	0x39c5, 0x3984, 0x39a4, 0x41c5, 0x4a06, 0x4a06, 0x4a26, 0x5247, 0x5a67, 0x5a88, 0x5a88, 0x5247, 0x5a67, 0x5247, 0x5267, 0x5267, 
	0xa986, 0xa986, 0xa986, 0xa986, 0xa986, 0xa986, 0xa986, 0xa986, 0xa986, 0xa986, 0xa986, 0xa986, 0xa986, 0xa986, 0xa986, 0xa986, 
	0xa986, 0xa986, 0xa986, 0xa986, 0xa986, 0xa986, 0xa986, 0xa986, 0xa986, 0xa986, 0xa986, 0xa986, 0x62e9, 0x62e9, 0x62c9, 0x62c9, 
	0x4a28, 0x738f, 0x8431, 0x7c11, 0xa986, 0xa986, 0xa986, 0xa986, 0xa986, 0xa986, 0xa986, 0xa986, 0xa986, 0xa986, 0xa986, 0xa986, 
	0xa986, 0xa986, 0xa986, 0xa986, 0xa986, 0xa986, 0xa986, 0xa986, 0xa986, 0xa986, 0xa986, 0xa986, 0xa986, 0xa986, 0xa986, 0xa986, 
	0xc4ce, 0xbc8d, 0xbc6d, 0xbc8e, 0xbc8e, 0xbc8d, 0xbc6c, 0xbc2c, 0xb3eb, 0xb3ea, 0xb3ea, 0xb3ea, 0xabc9, 0xb3c9, 0xaba9, 0xab89, 
	0xab89, 0xb3ca, 0xbc0b, 0xbc2c, 0xbc0b, 0xbc2c, 0xc44c, 0xcc8d, 0xcc8d, 0xc46d, 0xc44b, 0xbc2b, 0xbc2b, 0xbc2b, 0xb40b, 0xabcb, 
	0xa3aa, 0xb42b, 0x6b0b, 0x4209, 0x4a28, 0x4208, 0x4a28, 0x39c7, 0x4a49, 0x4a28, 0x4a49, 0x5acb, 0x5268, 0x4a27, 0x41c5, 0x4a07, 
	0x39a5, 0x3984, 0x3985, 0x3985, 0x3985, 0x3984, 0x3985, 0x3984, 0x3164, 0x39a5, 0x3164, 0x39a5, 0x3985, 0x3984, 0x39a5, 0x41e5, 
	0x39a4, 0x4a26, 0x41e5, 0x39a4, 0x41c5, 0x41e5, 0x41e5, 0x41e5, 0x41e5, 0x4a06, 0x5247, 0x4a26, 0x4a26, 0x4206, 0x4a26, 0x41c5, 
	0x41e5, 0x3984, 0x3984, 0x39a4, 0x41c5, 0x41e5, 0x5267, 0x5288, 0x5a88, 0x5267, 0x5aa8, 0x5a88, 0x5a88, 0x5267, 0x5288, 0x5a88, 
	0xa986, 0xa986, 0xa986, 0xa986, 0xa986, 0xa986, 0xa986, 0xa986, 0xa986, 0xa986, 0xa986, 0xa986, 0xa986, 0xa986, 0xa986, 0xa986, 
	0xa986, 0xa986, 0xa986, 0xa986, 0xa986, 0xa986, 0xa986, 0xa986, 0xa986, 0xa986, 0xa986, 0xa986, 0x62c9, 0x62e9, 0x6b2a, 0x62c9, 
	0x39c6, 0x73b0, 0x7bf0, 0x73d0, 0xa986, 0xa986, 0xa986, 0xa986, 0xa986, 0xa986, 0xa986, 0xa986, 0xa986, 0xa986, 0xa986, 0xa986, 
	0xa986, 0xa986, 0xa986, 0xa986, 0xa986, 0xa986, 0xa986, 0xa986, 0xa986, 0xa986, 0xa986, 0xa986, 0xa986, 0xa986, 0xa986, 0xa986, 
	0xbc4d, 0xbc6d, 0xbc8e, 0xbc8d, 0xbc8d, 0xbc6d, 0xbc4c, 0xbc2b, 0xbc0b, 0xb40a, 0xb3c9, 0xb40a, 0xb3ea, 0xb3ea, 0xb3ea, 0xb3eb, 
	0xbc2b, 0xbc2c, 0xb3eb, 0xc44c, 0xbc4c, 0xc46d, 0xccce, 0xccae, 0xcc8d, 0xc44c, 0xbc4c, 0xbc4c, 0xbc2b, 0xb3eb, 0xb3eb, 0xa389, 
	0xa3ca, 0xbc4c, 0x83ad, 0x632d, 0x52ab, 0x4a4a, 0x41e8, 0x41c7, 0x41e7, 0x39c6, 0x39a6, 0x39a6, 0x39a6, 0x3986, 0x3986, 0x3144, 
	0x3164, 0x3985, 0x3164, 0x3985, 0x3985, 0x3985, 0x3984, 0x3984, 0x3164, 0x3985, 0x39a5, 0x41c5, 0x41c5, 0x41c5, 0x39a5, 0x41e5, 
	0x41e5, 0x41c5, 0x3984, 0x39c5, 0x41c5, 0x4a06, 0x41c5, 0x39c5, 0x4a06, 0x4a06, 0x41e5, 0x41e5, 0x41e5, 0x41c5, 0x4a26, 0x3984, 
	0x41c5, 0x3984, 0x4a26, 0x41e5, 0x5247, 0x4a06, 0x5288, 0x5267, 0x5288, 0x5a88, 0x5267, 0x5267, 0x5267, 0x5247, 0x4a26, 0x4a26, 
	0xa986, 0xa986, 0xa986, 0xa986, 0xa986, 0xa986, 0xa986, 0xa986, 0xa986, 0xa986, 0xa986, 0xa986, 0xa986, 0xa986, 0xa986, 0xa986, 
	0xa986, 0xa986, 0xa986, 0xa986, 0xa986, 0xa986, 0xa986, 0xa986, 0xa986, 0xa986, 0xa986, 0xa986, 0x62c9, 0x5aa8, 0x5aa8, 0x5aa8, 
	0xa986, 0xa986, 0xa986, 0xa986, 0xa986, 0xa986, 0xa986, 0xa986, 0xa986, 0xa986, 0xa986, 0xa986, 0xa986, 0xa986, 0xa986, 0xa986, 
	0xa986, 0xa986, 0xa986, 0xa986, 0xa986, 0xa986, 0xa986, 0xa986, 0xa986, 0xa986, 0xa986, 0xa986, 0xa986, 0xa986, 0xa986, 0xa986, 
	0xa986, 0xa986, 0xa986, 0xa986, 0xbc6d, 0xbc4c, 0xb40b, 0xb40b, 0xbc0b, 0xbc2b, 0xbc2b, 0xbc0b, 0xbc0b, 0xbc2b, 0xbc2c, 0xbc2c, 
	0xbc4c, 0xc46c, 0xc48d, 0xc48d, 0xc48d, 0xccad, 0xccce, 0xccad, 0xc46c, 0xbc2b, 0xbc2c, 0xbc2c, 0xbc0b, 0xb3ca, 0xabaa, 0xa3aa, 
	0xb40b, 0xb44c, 0x8c11, 0x6b6f, 0x630d, 0x630d, 0x5aec, 0x5aab, 0x4a6a, 0x4228, 0x39c6, 0x41e7, 0x3185, 0x39a6, 0x3965, 0x39a6, 
	0x3985, 0x3164, 0x3985, 0x3164, 0x3985, 0x39a5, 0x3164, 0x41e6, 0x39a5, 0x41e6, 0x39a5, 0x41c6, 0x3984, 0x39a4, 0x39a4, 0x4a06, 
	0x41e5, 0x39c5, 0x4a26, 0x4a06, 0x41e5, 0x4a06, 0x41e5, 0x4206, 0x5247, 0x4a06, 0x4a26, 0x5267, 0x41e5, 0x4a06, 0x4a06, 0x39a4, 
	0x39a4, 0x39a4, 0x41e5, 0x41c5, 0x4a26, 0x4a26, 0x5247, 0x5267, 0x5267, 0x5288, 0x5a88, 0x5247, 0xa986, 0xa986, 0xa986, 0xa986, 
	0xa986, 0xa986, 0xa986, 0xa986, 0xa986, 0xa986, 0xa986, 0xa986, 0xa986, 0xa986, 0xa986, 0xa986, 0xa986, 0xa986, 0xa986, 0xa986, 
	0xa986, 0xa986, 0xa986, 0xa986, 0xa986, 0xa986, 0xa986, 0xa986, 0xa986, 0xa986, 0xa986, 0xa986, 0xa986, 0xa986, 0xa986, 0xa986, 
	0xa986, 0xa986, 0xa986, 0xa986, 0xa986, 0xa986, 0xa986, 0xa986, 0xa986, 0xa986, 0xa986, 0xa986, 0xa986, 0xa986, 0xa986, 0xa986, 
	0xa986, 0xa986, 0xa986, 0xa986, 0xa986, 0xa986, 0xa986, 0xa986, 0xa986, 0xa986, 0xa986, 0xa986, 0xa986, 0xa986, 0xa986, 0xa986, 
	0xa986, 0xa986, 0xa986, 0xa986, 0xbc4c, 0xbc4c, 0xbc4c, 0xbc4c, 0xbc2b, 0xbc2c, 0xbc4c, 0xb40b, 0xbc2b, 0xbc2c, 0xbc4c, 0xbc6c, 
	0xc46c, 0xc46c, 0xc48d, 0xc48d, 0xccce, 0xccce, 0xc48d, 0xc48d, 0xc46c, 0xbc2b, 0xbc2b, 0xb3eb, 0xb3eb, 0xabca, 0xa3aa, 0xa3ca, 
	0xac0b, 0x9c0c, 0x9cf5, 0x7c11, 0x6b8f, 0x6b8f, 0x7c11, 0x634e, 0x5aec, 0x52ab, 0x4a69, 0x4227, 0x4a48, 0x4a49, 0x5249, 0x41e7, 
	0x3185, 0x39a4, 0x3985, 0x3985, 0x3985, 0x3124, 0x3985, 0x3164, 0x39a5, 0x4a27, 0x4a06, 0x4a26, 0x5247, 0x4a47, 0x5247, 0x4a26, 
	0x4a47, 0x5267, 0x4a47, 0x4206, 0x41c5, 0x4a06, 0x4a47, 0x4a47, 0x4a06, 0x4a26, 0x39a4, 0x5247, 0x41e5, 0x41e5, 0x41c5, 0x41c5, 
	0x39a4, 0x3984, 0x4a06, 0x4a06, 0x5aa8, 0x5aa8, 0x5267, 0x5267, 0x62c9, 0x5a88, 0x5a88, 0x5288, 0xa986, 0xa986, 0xa986, 0xa986, 
	0xa986, 0xa986, 0xa986, 0xa986, 0xa986, 0xa986, 0xa986, 0xa986, 0xa986, 0xa986, 0xa986, 0xa986, 0xa986, 0xa986, 0xa986, 0xa986, 
	0xa986, 0xa986, 0xa986, 0xa986, 0xa986, 0xa986, 0xa986, 0xa986, 0xa986, 0xa986, 0xa986, 0xa986, 0xa986, 0xa986, 0xa986, 0xa986, 
	0xa986, 0xa986, 0xa986, 0xa986, 0xa986, 0xa986, 0xa986, 0xa986, 0xa986, 0xa986, 0xa986, 0xa986, 0xa986, 0xa986, 0xa986, 0xa986, 
	0xa986, 0xa986, 0xa986, 0xa986, 0xa986, 0xa986, 0xa986, 0xa986, 0xa986, 0xa986, 0xa986, 0xa986, 0xa986, 0xa986, 0xa986, 0xa986, 
	0xa986, 0xa986, 0xa986, 0xa986, 0xbc2c, 0xbc4c, 0xbc4c, 0xc46c, 0xbc4c, 0xbc4c, 0xbc2b, 0xb42b, 0xbc4c, 0xc44c, 0xbc2c, 0xbc4c, 
	0xc46c, 0xc48d, 0xc48d, 0xccad, 0xccae, 0xccce, 0xc48d, 0xc46c, 0xc44c, 0xbc0b, 0xbc0b, 0xb3ea, 0xb3eb, 0xabeb, 0xabeb, 0xa3cb, 
	0x9bcc, 0x8c50, 0x9493, 0x8c73, 0x7bf0, 0x7c11, 0x7c11, 0x7bf0, 0x8431, 0x7c11, 0x8431, 0x7c11, 0x73b0, 0x73b0, 0x7bd0, 0x73d0, 
	0x6b8f, 0x634e, 0x5acb, 0x4a27, 0x41e6, 0x4a07, 0x4a27, 0x5247, 0x5267, 0x5247, 0x4a26, 0x4a47, 0x4a26, 0x5247, 0x5247, 0x4a26, 
	0x4a26, 0x5247, 0x4a26, 0x4a47, 0x5247, 0x4a06, 0x5267, 0x4a26, 0x4a26, 0x4a26, 0x4a26, 0x4206, 0x41e5, 0x41e5, 0x41c5, 0x41c5, 
	0x41c6, 0x41c5, 0x4a06, 0x5a88, 0x5288, 0x5a88, 0x5a88, 0x5a88, 0x5267, 0x5aa8, 0x5aa8, 0x5a88, 0xa986, 0xa986, 0xa986, 0xa986, 
	0xa986, 0xa986, 0xa986, 0xa986, 0xa986, 0xa986, 0xa986, 0xa986, 0xa986, 0xa986, 0xa986, 0xa986, 0xa986, 0xa986, 0xa986, 0xa986, 
	0xa986, 0xa986, 0xa986, 0xa986, 0xa986, 0xa986, 0xa986, 0xa986, 0xa986, 0xa986, 0xa986, 0xa986, 0xa986, 0xa986, 0xa986, 0xa986, 
	0xa986, 0xa986, 0xa986, 0xa986, 0xa986, 0xa986, 0xa986, 0xa986, 0xa986, 0xa986, 0xa986, 0xa986, 0xa986, 0xa986, 0xa986, 0xa986, 
	0xa986, 0xa986, 0xa986, 0xa986, 0xa986, 0xa986, 0xa986, 0xa986, 0xa986, 0xa986, 0xa986, 0xa986, 0xa986, 0xa986, 0xa986, 0xa986, 
	0xa986, 0xa986, 0xa986, 0xa986, 0xbc4d, 0xbc2c, 0xbc2c, 0xc44d, 0xc44d, 0xbc4c, 0xbc4c, 0xb44c, 0xbc6d, 0xbc8d, 0xc48d, 0xbc8d, 
	0xc4ad, 0xccce, 0xccce, 0xccce, 0xccce, 0xc48d, 0xbc4c, 0xbc2b, 0xbc0b, 0xbc0b, 0xbc0b, 0xabca, 0xabca, 0xabca, 0xabeb, 0xa3cb, 
	0x6b2d, 0x8412, 0x8412, 0x8432, 0x8432, 0x7bf0, 0x8432, 0x7bf0, 0x73d0, 0x73af, 0x73d0, 0x73d0, 0x73d0, 0x7bf0, 0x7bf0, 0x7bd0, 
	0x7bf0, 0x73af, 0x73d0, 0x7bcf, 0x6b2d, 0x630b, 0x5aaa, 0x4a27, 0x4a06, 0x5247, 0x5247, 0x5247, 0x5a88, 0x5aa8, 0x4a26, 0x4a26, 
	0x5247, 0x4a26, 0x4a26, 0x5267, 0x4a26, 0x4a26, 0x4a26, 0x4a26, 0x4206, 0x41e5, 0x4a06, 0x4a06, 0x41e5, 0x41e5, 0x41c5, 0x41e5, 
	0x41c5, 0x4a26, 0x4a26, 0x5267, 0x5a88, 0x5247, 0x5267, 0x5aa8, 0x5aa8, 0x5a88, 0x5288, 0x5267, 0xa986, 0xa986, 0xa986, 0xa986, 
	0xa986, 0xa986, 0xa986, 0xa986, 0xa986, 0xa986, 0xa986, 0xa986, 0xa986, 0xa986, 0xa986, 0xa986, 0xa986, 0xa986, 0xa986, 0xa986, 
	0xa986, 0xa986, 0xa986, 0xa986, 0xa986, 0xa986, 0xa986, 0xa986, 0xa986, 0xa986, 0xa986, 0xa986, 0xa986, 0xa986, 0xa986, 0xa986, 
	0xa986, 0xa986, 0xa986, 0xa986, 0xa986, 0xa986, 0xa986, 0xa986, 0xa986, 0xa986, 0xa986, 0xa986, 0xa986, 0xa986, 0xa986, 0xa986, 
	0xa986, 0xa986, 0xa986, 0xa986, 0xa986, 0xa986, 0xa986, 0xa986, 0xa986, 0xa986, 0xa986, 0xa986, 0xa986, 0xa986, 0xa986, 0xa986, 
	0xa986, 0xa986, 0xa986, 0xa986, 0xbc8d, 0xc48d, 0xbc4c, 0xc46d, 0xc46d, 0xb42c, 0xb42c, 0xbc6d, 0xbc8d, 0xc48d, 0xc48d, 0xc48d, 
	0xc4ad, 0xc4ae, 0xccae, 0xc48d, 0xc46d, 0xbc2b, 0xbc2b, 0xbc0b, 0xb3eb, 0xb3eb, 0xabeb, 0xabeb, 0xabeb, 0xabcb, 0xa3eb, 0x83cd, 
	0x634d, 0x73b0, 0x7bd0, 0x7bf1, 0x7bd0, 0x73af, 0x73af, 0x73af, 0x73b0, 0x738f, 0x738f, 0x73d0, 0x73b0, 0x6b8f, 0x73b0, 0x7bf0, 
	0x73d0, 0x6b6e, 0x73d0, 0x6b6e, 0x6b6e, 0x632d, 0x632c, 0x630b, 0x5289, 0x5268, 0x4a27, 0x5267, 0x5267, 0x5247, 0x5247, 0x4a26, 
	0x4a26, 0x4a26, 0x5aa8, 0x4a26, 0x5247, 0x4a47, 0x41e5, 0x4a06, 0x4a06, 0x41c5, 0x41e5, 0x4a06, 0x4206, 0x4206, 0x4a06, 0x41e5, 
	0x4a06, 0x5aa8, 0x5247, 0x5267, 0x5267, 0x5247, 0x5a88, 0x62c9, 0x5aa8, 0x5a88, 0x5288, 0x5a88, 0xa986, 0xa986, 0xa986, 0xa986, 
	0xa986, 0xa986, 0xa986, 0xa986, 0xa986, 0xa986, 0xa986, 0xa986, 0xa986, 0xa986, 0xa986, 0xa986, 0xa986, 0xa986, 0xa986, 0xa986, 
	0xa986, 0xa986, 0xa986, 0xa986, 0xa986, 0xa986, 0xa986, 0xa986, 0xa986, 0xa986, 0xa986, 0xa986, 0xa986, 0xa986, 0xa986, 0xa986, 
	0xa986, 0xa986, 0xa986, 0xa986, 0xa986, 0xa986, 0xa986, 0xa986, 0xa986, 0xa986, 0xa986, 0xa986, 0xa986, 0xa986, 0xa986, 0xa986, 
	0xa986, 0xa986, 0xa986, 0xa986, 0xa986, 0xa986, 0xa986, 0xa986, 0xa986, 0xa986, 0xa986, 0xa986, 0xa986, 0xa986, 0xa986, 0xa986, 
	0xa986, 0xa986, 0xa986, 0xa986, 0xbc8d, 0xc48d, 0xbc8d, 0xbc8d, 0xc48d, 0xc48d, 0xbc8d, 0xc48d, 0xbc8d, 0xc4ae, 0xbc8d, 0xbc8d, 
	0xbc8d, 0xbc8d, 0xc4ae, 0xc46c, 0xc46c, 0xbc4c, 0xb42b, 0xb40b, 0xb3ea, 0xb3eb, 0xa3ca, 0xabeb, 0xac0b, 0xb40c, 0xa40c, 0x738e, 
	0x6b6e, 0x73af, 0x7bd0, 0x7bf0, 0x7bf0, 0x73d0, 0x73af, 0x73b0, 0x7bf0, 0x73af, 0x7bf0, 0x73af, 0x73b0, 0x738f, 0x634e, 0x632d, 
	0x52ab, 0x52ab, 0x4a4a, 0x630c, 0x630d, 0x6b4e, 0x6b6e, 0x73af, 0x6b6d, 0x5289, 0x5aa9, 0x5247, 0x4a27, 0x5247, 0x5267, 0x5267, 
	0x4a47, 0x4206, 0x5247, 0x41e5, 0x41e5, 0x4a26, 0x4a06, 0x4a06, 0x4a06, 0x4a06, 0x41e5, 0x41e5, 0x4a06, 0x4a26, 0x4a26, 0x41e5, 
	0x4a27, 0x5267, 0x5267, 0x5aa8, 0x5aa8, 0x5aa8, 0x5aa8, 0x5aa8, 0x5aa8, 0x5a88, 0x5aa8, 0x5a88, 0xa986, 0xa986, 0xa986, 0xa986, 
	0xa986, 0xa986, 0xa986, 0xa986, 0xa986, 0xa986, 0xa986, 0xa986, 0xa986, 0xa986, 0xa986, 0xa986, 0xa986, 0xa986, 0xa986, 0xa986, 
	0xa986, 0xa986, 0xa986, 0xa986, 0xa986, 0xa986, 0xa986, 0xa986, 0xa986, 0xa986, 0xa986, 0xa986, 0xa986, 0xa986, 0xa986, 0xa986, 
	0xa986, 0xa986, 0xa986, 0xa986, 0xa986, 0xa986, 0xa986, 0xa986, 0xa986, 0xa986, 0xa986, 0xa986, 0xa986, 0xa986, 0xa986, 0xa986, 
	0xa986, 0xa986, 0xa986, 0xa986, 0xa986, 0xa986, 0xa986, 0xa986, 0xa986, 0xa986, 0xa986, 0xa986, 0xa986, 0xa986, 0xa986, 0xa986, 
	0xa986, 0xa986, 0xa986, 0xa986, 0xbc6d, 0xc48d, 0xbc6d, 0xb42c, 0xbc6d, 0xc4ae, 0xbc6d, 0xbc4c, 0xbc8d, 0xbc8d, 0xbc6d, 0xbc4c, 
	0xbc6d, 0xbc8d, 0xbc6d, 0xbc4c, 0xbc2b, 0xbc2c, 0xb40b, 0xbc2b, 0xb3ea, 0xabca, 0xabca, 0xac0b, 0xb40b, 0xa40b, 0x8bee, 0x738f, 
	0x73af, 0x73af, 0x73d0, 0x73af, 0x73af, 0x73d0, 0x73af, 0x73d0, 0x73d0, 0x73af, 0x738f, 0x6b8f, 0x630d, 0x630d, 0x5acc, 0x5aec, 
	0x6b4e, 0x6b6e, 0x738f, 0x73af, 0x6b2d, 0x6b4d, 0x632d, 0x632c, 0x6b4d, 0x6b4c, 0x62eb, 0x5249, 0x5a89, 0x5a88, 0x5267, 0x5a88, 
	0x4a26, 0x4a06, 0x41e5, 0x4a47, 0x41e5, 0x41e5, 0x41e5, 0x4a26, 0x4a26, 0x41e5, 0x41e5, 0x41c5, 0x4a06, 0x5247, 0x4a26, 0x4a26, 
	0x4a26, 0x5288, 0x5288, 0x62c9, 0x5aa8, 0x5aa8, 0x5aa8, 0x5a68, 0x5a88, 0x5a88, 0x5267, 0x5267, 0xa986, 0xa986, 0xa986, 0xa986, 
	0xa986, 0xa986, 0xa986, 0xa986, 0xa986, 0xa986, 0xa986, 0xa986, 0xa986, 0xa986, 0xa986, 0xa986, 0xa986, 0xa986, 0xa986, 0xa986, 
	0xa986, 0xa986, 0xa986, 0xa986, 0xa986, 0xa986, 0xa986, 0xa986, 0xa986, 0xa986, 0xa986, 0xa986, 0xa986, 0xa986, 0xa986, 0xa986, 
	0xa986, 0xa986, 0xa986, 0xa986, 0xa986, 0xa986, 0xa986, 0xa986, 0xa986, 0xa986, 0xa986, 0xa986, 0xa986, 0xa986, 0xa986, 0xa986, 
	0xa986, 0xa986, 0xa986, 0xa986, 0xa986, 0xa986, 0xa986, 0xa986, 0xa986, 0xa986, 0xa986, 0xa986, 0xa986, 0xa986, 0xa986, 0xa986, 
	0xa986, 0xa986, 0xa986, 0xa986, 0xbc6d, 0xbc6d, 0xbc4c, 0xbc6d, 0xbc6d, 0xbc6d, 0xbc6d, 0xbc8d, 0xbc8d, 0xbc6d, 0xbc6d, 0xbc6d, 
	0xbc6d, 0xbc6c, 0xbc2c, 0xbc4c, 0xb40b, 0xb40b, 0xb40b, 0xb40b, 0xabea, 0xac0b, 0xac0b, 0xb44c, 0xb40b, 0x9bed, 0x8410, 0x73b0, 
	0x6b8f, 0x6b8f, 0x6b6e, 0x7bf0, 0x6b8f, 0x73af, 0x73d0, 0x73af, 0x7bf0, 0x73b0, 0x6b6f, 0x73d0, 0x7bf0, 0x7bf1, 0x7bf1, 0x7bf0, 
	0x7bcf, 0x6b4e, 0x6b6e, 0x7bd0, 0x738e, 0x6b4e, 0x736e, 0x6b6e, 0x6b4d, 0x6b4d, 0x630c, 0x5269, 0x5a89, 0x5248, 0x4a27, 0x4a26, 
	0x4a06, 0x4a06, 0x4a06, 0x4a26, 0x41e5, 0x4a06, 0x4a06, 0x4a26, 0x4a26, 0x41e5, 0x4a47, 0x4a06, 0x4a06, 0x5a88, 0x5247, 0x5247, 
	0x5247, 0x5267, 0x5288, 0x5247, 0x5a88, 0x62c9, 0x62c9, 0x5aa8, 0x5288, 0x5a88, 0x5aa8, 0x5ac9, 0xa986, 0xa986, 0xa986, 0xa986, 
	0xa986, 0xa986, 0xa986, 0xa986, 0xa986, 0xa986, 0xa986, 0xa986, 0xa986, 0xa986, 0xa986, 0xa986, 0xa986, 0xa986, 0xa986, 0xa986, 
	0xa986, 0xa986, 0xa986, 0xa986, 0xa986, 0xa986, 0xa986, 0xa986, 0xa986, 0xa986, 0xa986, 0xa986, 0xa986, 0xa986, 0xa986, 0xa986, 
	0x39a6, 0x39a6, 0x31c6, 0x632e, 0xa986, 0xa986, 0xa986, 0xa986, 0xa986, 0xa986, 0xa986, 0xa986, 0xa986, 0xa986, 0xa986, 0xa986, 
	0xa986, 0xa986, 0xa986, 0xa986, 0xa986, 0xa986, 0xa986, 0xa986, 0xa986, 0xa986, 0xa986, 0xa986, 0xa986, 0xa986, 0xa986, 0xa986, 
	0xbc8d, 0xbc6d, 0xbc4c, 0xbc4c, 0xb42c, 0xbc4c, 0xb44c, 0xbc4c, 0xbc6d, 0xbc4c, 0xb44c, 0xbc4c, 0xbc6d, 0xbc6d, 0xbc6d, 0xbc6d, 
	0xbc4d, 0xbc4c, 0xbc4c, 0xbc4c, 0xb40b, 0xb40b, 0xb3eb, 0xb3eb, 0xb3ea, 0xac0b, 0xb42c, 0xac0b, 0xa40c, 0x8bf0, 0x7bd0, 0x83f1, 
	0x73af, 0x738f, 0x6b8f, 0x6b6e, 0x632e, 0x6b8f, 0x73b0, 0x73d0, 0x7bf0, 0x7bd0, 0x7bf0, 0x73cf, 0x73af, 0x73af, 0x632d, 0x6b8e, 
	0x738e, 0x6b4e, 0x6b4d, 0x7bcf, 0x6b4e, 0x632d, 0x630d, 0x6b6e, 0x6b2d, 0x6b2d, 0x630c, 0x630c, 0x5a89, 0x4a27, 0x4a27, 0x4a26, 
	0x5247, 0x4a06, 0x4a26, 0x4a26, 0x4a06, 0x5247, 0x39a4, 0x4a06, 0x5247, 0x5a88, 0x4a47, 0x4a27, 0x4a27, 0x4a27, 0x5247, 0x5247, 
	0x5a88, 0x5aa8, 0x5a88, 0x5288, 0x5aa8, 0x5288, 0x62e9, 0x5a88, 0x5a88, 0x5a88, 0x5aa8, 0x5288, 0x5aa8, 0x5aa8, 0x5a88, 0x5247, 
	0xa986, 0xa986, 0xa986, 0xa986, 0xa986, 0xa986, 0xa986, 0xa986, 0xa986, 0xa986, 0xa986, 0xa986, 0xa986, 0xa986, 0xa986, 0xa986, 
	0xa986, 0xa986, 0xa986, 0xa986, 0xa986, 0xa986, 0xa986, 0xa986, 0xa986, 0xa986, 0xa986, 0xa986, 0x5ac9, 0x6b2a, 0x630a, 0x62e9, 
	0x3185, 0x3185, 0x4207, 0x632d, 0xa986, 0xa986, 0xa986, 0xa986, 0xa986, 0xa986, 0xa986, 0xa986, 0xa986, 0xa986, 0xa986, 0xa986, 
	0xa986, 0xa986, 0xa986, 0xa986, 0xa986, 0xa986, 0xa986, 0xa986, 0xa986, 0xa986, 0xa986, 0xa986, 0xa986, 0xa986, 0xa986, 0xa986, 
	0xbc8d, 0xc48d, 0xbc6d, 0xb42c, 0xb42c, 0xb42c, 0xbc4c, 0xb44c, 0xb44c, 0xb44c, 0xbc4c, 0xb44c, 0xbc4c, 0xbc6d, 0xc46d, 0xbc2c, 
	0xbc2c, 0xbc2c, 0xbc4c, 0xb40b, 0xb3ea, 0xb3eb, 0xb40b, 0xabea, 0xb40b, 0xac0b, 0xb40b, 0xa40b, 0x940f, 0x8432, 0x7bd0, 0x73af, 
	0x73d0, 0x6b4e, 0x634e, 0x73d0, 0x7c11, 0x7c11, 0x7bf0, 0x6b6e, 0x632d, 0x632d, 0x5b0c, 0x5aec, 0x5aeb, 0x5aec, 0x632d, 0x738e, 
	0x6b6e, 0x630d, 0x6b2d, 0x6b4d, 0x632d, 0x6b6e, 0x736e, 0x6b4d, 0x736e, 0x6b6e, 0x6b2d, 0x630b, 0x62ea, 0x4a27, 0x4a27, 0x4a26, 
	0x4206, 0x5247, 0x4a26, 0x4a06, 0x4a26, 0x5267, 0x4a06, 0x4a26, 0x4a47, 0x5267, 0x5247, 0x4a27, 0x5247, 0x5aa9, 0x5a89, 0x5268, 
	0x5248, 0x5aa8, 0x5a88, 0x5a88, 0x5a88, 0x5ac9, 0x5288, 0x62e9, 0x630a, 0x5288, 0x5a88, 0x5aa8, 0x5a88, 0x5aa8, 0x5a88, 0x5aa8, 
	0xa986, 0xa986, 0xa986, 0xa986, 0xa986, 0xa986, 0xa986, 0xa986, 0xa986, 0xa986, 0xa986, 0xa986, 0xa986, 0xa986, 0xa986, 0xa986, 
	0xa986, 0xa986, 0xa986, 0xa986, 0xa986, 0xa986, 0xa986, 0xa986, 0xa986, 0xa986, 0xa986, 0xa986, 0x62e9, 0x5aa8, 0x5aa8, 0x62c9, 
	0x2944, 0x39a6, 0x4207, 0x52cb, 0xa986, 0xa986, 0xa986, 0xa986, 0xa986, 0xa986, 0xa986, 0xa986, 0xa986, 0xa986, 0xa986, 0xa986, 
	0xa986, 0xa986, 0xa986, 0xa986, 0xa986, 0xa986, 0xa986, 0xa986, 0xa986, 0xa986, 0xa986, 0xa986, 0xa986, 0xa986, 0xa986, 0xa986, 
	0xc48e, 0xbc6d, 0xb44c, 0xbc4c, 0xbc4c, 0xb42c, 0xbc4c, 0xb44c, 0xb44c, 0xb42c, 0xb44c, 0xb40b, 0xb44c, 0xbc4c, 0xbc4c, 0xbc4c, 
	0xbc2c, 0xbc4c, 0xb40b, 0xb40b, 0xb40b, 0xb42b, 0xb42c, 0xb40b, 0xb42c, 0xb40b, 0xb40b, 0x9bed, 0x9473, 0x8431, 0x7bd0, 0x7c11, 
	0x7bf0, 0x73d0, 0x8452, 0x8431, 0x6b8e, 0x634d, 0x632d, 0x632d, 0x632d, 0x630c, 0x5aec, 0x630d, 0x5aec, 0x5aec, 0x738f, 0x6b4e, 
	0x738e, 0x6b4e, 0x632d, 0x62ec, 0x738e, 0x6b4e, 0x6b4e, 0x632d, 0x62ec, 0x630c, 0x630c, 0x630c, 0x5aaa, 0x5249, 0x4a27, 0x4a06, 
	0x4a07, 0x41c5, 0x4a27, 0x4a27, 0x5248, 0x4a27, 0x5268, 0x5247, 0x4a07, 0x4a27, 0x4a27, 0x41c5, 0x5268, 0x5268, 0x5aa9, 0x5a88, 
	0x5aa9, 0x5ac9, 0x5ac9, 0x5aa8, 0x5288, 0x5aa8, 0x5aa8, 0x5288, 0x5aa8, 0x5267, 0x5ac9, 0x5a88, 0x5aa8, 0x5a88, 0x5a88, 0x5267, 
	0xa986, 0xa986, 0xa986, 0xa986, 0xa986, 0xa986, 0xa986, 0xa986, 0xa986, 0xa986, 0xa986, 0xa986, 0xa986, 0xa986, 0xa986, 0xa986, 
	0xa986, 0xa986, 0xa986, 0xa986, 0xa986, 0xa986, 0xa986, 0xa986, 0xa986, 0xa986, 0xa986, 0xa986, 0x62c9, 0x62e9, 0x62e9, 0x5aa8, 
	0x3185, 0x39a6, 0x39c6, 0x4248, 0xa986, 0xa986, 0xa986, 0xa986, 0xa986, 0xa986, 0xa986, 0xa986, 0xa986, 0xa986, 0xa986, 0xa986, 
	0xa986, 0xa986, 0xa986, 0xa986, 0xa986, 0xa986, 0xa986, 0xa986, 0xa986, 0xa986, 0xa986, 0xa986, 0xa986, 0xa986, 0xa986, 0xa986, 
	0xbc8d, 0xb44c, 0xb44c, 0xb44c, 0xb44c, 0xb44c, 0xb42c, 0xb44c, 0xb42c, 0xbc4c, 0xbc6d, 0xbc6d, 0xbc4c, 0xbc4c, 0xb42c, 0xb40b, 
	0xbc2b, 0xb40b, 0xb40b, 0xb3eb, 0xb40b, 0xb42b, 0xb40b, 0xb42c, 0xb42c, 0xac0b, 0xa3ec, 0x83ce, 0x7bf0, 0x94d4, 0x8411, 0x73b0, 
	0x73d0, 0x8431, 0x73d0, 0x6b6e, 0x5b0c, 0x632d, 0x630c, 0x632d, 0x4a6a, 0x5aab, 0x5aec, 0x630d, 0x6b4e, 0x6b2d, 0x630c, 0x6b6e, 
	0x632d, 0x630c, 0x632d, 0x62ec, 0x6b4e, 0x6b2d, 0x632d, 0x632d, 0x630c, 0x6b2d, 0x62eb, 0x5aab, 0x4a48, 0x5289, 0x5a89, 0x5a89, 
	0x5269, 0x5a89, 0x5248, 0x5248, 0x5268, 0x5268, 0x5268, 0x5a88, 0x5268, 0x5268, 0x5268, 0x5248, 0x5248, 0x5a88, 0x5aa9, 0x5268, 
	0x62c9, 0x5a88, 0x5aa9, 0x5268, 0x5aa8, 0x5ac9, 0x5aa8, 0x5a88, 0x5a88, 0x5a88, 0x5a88, 0x5a88, 0x5267, 0x5aa8, 0x5a88, 0x5aa8, 
	0xa986, 0xa986, 0xa986, 0xa986, 0xa986, 0xa986, 0xa986, 0xa986, 0xa986, 0xa986, 0xa986, 0xa986, 0xa986, 0xa986, 0xa986, 0xa986, 
	0xa986, 0xa986, 0xa986, 0xa986, 0xa986, 0xa986, 0xa986, 0xa986, 0xa986, 0xa986, 0xa986, 0xa986, 0x62c9, 0x62e9, 0x6b2a, 0x5a88, 
	0x3165, 0x39a6, 0x41e7, 0x4a69, 0x5b2d, 0x6b6e, 0x6b6f, 0xa490, 0xa986, 0xa986, 0xa986, 0xa986, 0xa986, 0xa986, 0xa986, 0xa986, 
	0xa986, 0xa986, 0xa986, 0xa986, 0xa986, 0xa986, 0xa986, 0xa986, 0xa986, 0xa986, 0xa986, 0xa986, 0xbcae, 0xbcae, 0xbc8e, 0xbc8e, 
	0xb42c, 0xb44c, 0xb44c, 0xbc6d, 0xbc4d, 0xb44c, 0xb42c, 0xb44c, 0xbc6d, 0xbc4c, 0xbc8d, 0xbc8d, 0xbc6d, 0xb44c, 0xb42c, 0xb42b, 
	0xb42c, 0xbc2c, 0xbc2c, 0xb3eb, 0xb40b, 0xac0b, 0xac0b, 0xb40b, 0xac0b, 0xac0c, 0x8bad, 0x7c11, 0x94d4, 0x8452, 0x8452, 0x7c11, 
	0x8411, 0x7c11, 0x73af, 0x632d, 0x6b4e, 0x62ec, 0x630c, 0x62ec, 0x5aec, 0x5aec, 0x632d, 0x6b4d, 0x8410, 0x6b4e, 0x632d, 0x632d, 
	0x738f, 0x630d, 0x632d, 0x630c, 0x6b4d, 0x6b4d, 0x5aec, 0x5acc, 0x5aeb, 0x6b2d, 0x5aaa, 0x5aaa, 0x62eb, 0x6b2c, 0x6b2c, 0x630c, 
	0x630c, 0x5acb, 0x5a89, 0x5248, 0x5248, 0x5a89, 0x5268, 0x62c9, 0x5268, 0x5268, 0x5a88, 0x5a88, 0x5a88, 0x5aa9, 0x5a89, 0x5aa9, 
	0x5aa9, 0x5aa9, 0x62ca, 0x5a89, 0x5aa9, 0x5aa8, 0x62c9, 0x5267, 0x5a88, 0x5288, 0x5267, 0x5aa8, 0x5267, 0x5288, 0x5267, 0x5288, 
	0x5a88, 0x62c9, 0x4a06, 0x5288, 0xa986, 0xa986, 0xa986, 0xa986, 0xa986, 0xa986, 0xa986, 0xa986, 0xa986, 0xa986, 0xa986, 0xa986, 
	0xa986, 0xa986, 0xa986, 0xa986, 0xa986, 0xa986, 0xa986, 0xa986, 0x62e9, 0x5aa8, 0x5a88, 0x6b0a, 0x5aa8, 0x5aa8, 0x5aa8, 0x62c9, 
	0x2944, 0x3165, 0x39a6, 0x39e7, 0x634e, 0x6b6e, 0x6b4e, 0xddf2, 0xa986, 0xa986, 0xa986, 0xa986, 0xa986, 0xa986, 0xa986, 0xa986, 
	0xa986, 0xa986, 0xa986, 0xa986, 0xa986, 0xa986, 0xa986, 0xa986, 0xa986, 0xa986, 0xa986, 0xa986, 0xc4ae, 0xbcae, 0xbc6d, 0xb44d, 
	0xb42c, 0xbc4c, 0xbc8d, 0xbc8e, 0xbc8e, 0xbc8d, 0xbc8d, 0xbc6d, 0xbc6d, 0xbc6d, 0xb42c, 0xb42c, 0xb42c, 0xb42c, 0xb42c, 0xb42c, 
	0xb44c, 0xb42c, 0xb40b, 0xac0b, 0xac0b, 0xabeb, 0xac0b, 0xabeb, 0xabcb, 0x93ee, 0x8c73, 0x8452, 0x8432, 0x8c53, 0x7c11, 0x73d0, 
	0x7c11, 0x7bf1, 0x73af, 0x73af, 0x6b4e, 0x630d, 0x6b4d, 0x6b4d, 0x630c, 0x6b4d, 0x630d, 0x6b6e, 0x6b6e, 0x62ec, 0x630d, 0x5acb, 
	0x738e, 0x630c, 0x5acb, 0x6b4d, 0x632d, 0x630c, 0x5aec, 0x62ec, 0x632c, 0x62ec, 0x630c, 0x6b2d, 0x6b2c, 0x62ec, 0x736e, 0x6b4d, 
	0x738e, 0x738e, 0x6b2c, 0x630b, 0x62eb, 0x5aaa, 0x5a89, 0x5268, 0x5a88, 0x5aa9, 0x5a88, 0x5268, 0x5aa9, 0x62ea, 0x62ca, 0x5a69, 
	0x5aa9, 0x5aa9, 0x5aa9, 0x5268, 0x5a88, 0x62e9, 0x5aa8, 0x5a88, 0x5267, 0x5267, 0x5267, 0x5aa8, 0x5aa8, 0x5aa8, 0x5247, 0x5a88, 
	0x5267, 0x5288, 0x5288, 0x5a88, 0xa986, 0xa986, 0xa986, 0xa986, 0xa986, 0xa986, 0xa986, 0xa986, 0xa986, 0xa986, 0xa986, 0xa986, 
	0xa986, 0xa986, 0xa986, 0xa986, 0xa986, 0xa986, 0xa986, 0xa986, 0x62c9, 0x6309, 0x5aa9, 0x5aa9, 0x5aa9, 0x5a89, 0x5268, 0x5268, 
	0x3165, 0x3986, 0x39a6, 0x39e7, 0x632d, 0x632d, 0xd5f2, 0xddf2, 0xa986, 0xa986, 0xa986, 0xa986, 0xa986, 0xa986, 0xa986, 0xa986, 
	0xa986, 0xa986, 0xa986, 0xa986, 0xa986, 0xa986, 0xa986, 0xa986, 0xa986, 0xa986, 0xa986, 0xa986, 0xbc8d, 0xbc6d, 0xb44c, 0xb44c, 
	0xbc4c, 0xbc6d, 0xbc8d, 0xbc8e, 0xbc6d, 0xbc6d, 0xbc6d, 0xbc6d, 0xbc8d, 0xb44c, 0xb42c, 0xb42c, 0xb42c, 0xb42c, 0xb42c, 0xb42c, 
	0xac0b, 0xb42c, 0xac0b, 0xac0b, 0xac0b, 0xac0b, 0xabeb, 0xa3cb, 0x93cc, 0x8411, 0x7c11, 0x7bf1, 0x8c73, 0x8432, 0x8431, 0x8431, 
	0x7c11, 0x7c11, 0x73d0, 0x52cc, 0x6b4d, 0x6b6e, 0x632d, 0x5aec, 0x6b2d, 0x630c, 0x630d, 0x630c, 0x5aec, 0x6b4d, 0x630d, 0x6b4d, 
	0x6b4e, 0x630d, 0x6b4d, 0x630d, 0x6b4d, 0x62ec, 0x6b4e, 0x736e, 0x734e, 0x5acb, 0x528a, 0x528a, 0x630c, 0x6b2d, 0x738f, 0x7bf0, 
	0x73af, 0x73af, 0x738e, 0x736e, 0x630b, 0x62eb, 0x62ca, 0x5a89, 0x5a89, 0x5aa9, 0x5aa9, 0x62aa, 0x5aa9, 0x5aa9, 0x62ca, 0x62ea, 
	0x62ca, 0x62ea, 0x62c9, 0x5aa9, 0x5a88, 0x5aa8, 0x5aa8, 0x5a88, 0x5a88, 0x5a88, 0x5a88, 0x5aa8, 0x5288, 0x5247, 0x5267, 0x5aa8, 
	0x5a88, 0x62e9, 0x5247, 0x5268, 0xa986, 0xa986, 0xa986, 0xa986, 0xa986, 0xa986, 0xa986, 0xa986, 0xa986, 0xa986, 0xa986, 0xa986, 
	0xa986, 0xa986, 0xa986, 0xa986, 0xa986, 0xa986, 0xa986, 0xa986, 0x5aa9, 0x62c9, 0x5a89, 0x62c9, 0x5a88, 0x5aa9, 0x5a88, 0x5288, 
	0x3185, 0x3986, 0x39c6, 0x4207, 0x630c, 0x738e, 0xe5f3, 0xddf2, 0xa986, 0xa986, 0xa986, 0xa986, 0xa986, 0xa986, 0xa986, 0xa986, 
	0xa986, 0xa986, 0xa986, 0xa986, 0xa986, 0xa986, 0xa986, 0xa986, 0xa986, 0xa986, 0xa986, 0xa986, 0xb42c, 0xb46c, 0xb46c, 0xb46c, 
	0xbc6c, 0xbc8e, 0xbc6d, 0xbc8d, 0xbc8d, 0xbc6d, 0xbc8d, 0xbc6d, 0xbc6d, 0xb44c, 0xb42c, 0xb42c, 0xb42c, 0xb42c, 0xb42c, 0xb42c, 
	0xb42c, 0xac0b, 0xabeb, 0xac0b, 0xabeb, 0xabeb, 0xa3cb, 0x8b8b, 0x738e, 0x7bf1, 0x7bf1, 0x7c11, 0x8c52, 0x8452, 0x7c11, 0x7bd0, 
	0x7bf0, 0x73b0, 0x73b0, 0x632d, 0x632d, 0x632d, 0x6b6e, 0x630d, 0x6b2d, 0x632d, 0x630d, 0x6b4d, 0x632d, 0x6b4e, 0x6b4e, 0x5aec, 
	0x6b4e, 0x6b4d, 0x6b6e, 0x6b6e, 0x736e, 0x738e, 0x736e, 0x632c, 0x6b2c, 0x62eb, 0x62eb, 0x6b4d, 0x6b4e, 0x73af, 0x7bf0, 0x7bd0, 
	0x73af, 0x6b8e, 0x738f, 0x6b6e, 0x6b4d, 0x6b4d, 0x6b2c, 0x5aca, 0x6b0b, 0x5a8a, 0x5a89, 0x5aa9, 0x5aa9, 0x5a89, 0x62ea, 0x62ea, 
	0x62ea, 0x5aa9, 0x62c9, 0x5aa9, 0x5267, 0x5aa8, 0x5aa8, 0x5a88, 0x5a88, 0x5aa8, 0x5247, 0x5267, 0x5a88, 0x5aa8, 0x62ea, 0x5a88, 
	0x5a88, 0x5aa9, 0x62c9, 0x5aa9, 0xa986, 0xa986, 0xa986, 0xa986, 0xa986, 0xa986, 0xa986, 0xa986, 0xa986, 0xa986, 0xa986, 0xa986, 
	0xa986, 0xa986, 0xa986, 0xa986, 0xa986, 0xa986, 0xa986, 0xa986, 0x5aa9, 0x6b0a, 0x5a88, 0x62ea, 0x5aa9, 0x5aa9, 0x5aa9, 0x5a88, 
	0x2944, 0x39a6, 0x39c6, 0x4207, 0x52aa, 0xde14, 0xddd2, 0xddd2, 0xd591, 0xd591, 0xcd71, 0xcd50, 0xa986, 0xa986, 0xa986, 0xa986, 
	0xa986, 0xa986, 0xa986, 0xa986, 0xa986, 0xa986, 0xa986, 0xa986, 0xbc8e, 0xbc8e, 0xbc8d, 0xb46d, 0xb44d, 0xb44c, 0xb42c, 0xb44c, 
	0xbc8d, 0xbc8e, 0xbcad, 0xbc8d, 0xbc8d, 0xbc8d, 0xc48d, 0xbc8d, 0xbc6d, 0xb44c, 0xb42c, 0xb42c, 0xb42c, 0xac0b, 0xb40b, 0xb42c, 
	0xb40c, 0xb40c, 0xabeb, 0xabeb, 0xabcb, 0x9bcb, 0x8bcd, 0x73cf, 0x6bb0, 0x8411, 0x8452, 0x7c11, 0x8432, 0x8c53, 0x7bf0, 0x8452, 
	0x8411, 0x7bf0, 0x73af, 0x632d, 0x6b4e, 0x6b6e, 0x630c, 0x6b2d, 0x6b6e, 0x6b4e, 0x632d, 0x632d, 0x6b4d, 0x736e, 0x632d, 0x6b4d, 
	0x6b4d, 0x7baf, 0x736e, 0x630c, 0x528a, 0x5aaa, 0x5269, 0x5aaa, 0x5aab, 0x630c, 0x630c, 0x6b6e, 0x73af, 0x8411, 0x73d0, 0x7bd0, 
	0x7bf1, 0x73b0, 0x7bcf, 0x73af, 0x7baf, 0x7baf, 0x7bcf, 0x736d, 0x738d, 0x6b4c, 0x6b0c, 0x6b0b, 0x62ca, 0x62ca, 0x62ea, 0x62ca, 
	0x5268, 0x5aa9, 0x5aa9, 0x5aa9, 0x5a88, 0x62c9, 0x5267, 0x5a88, 0x5a88, 0x5a88, 0x5a88, 0x5aa8, 0x5aa8, 0x5ac9, 0x62c9, 0x62ea, 
	0x5a88, 0x5aa9, 0x62c9, 0x62c9, 0x5a88, 0x5268, 0x5aa9, 0x5aa9, 0xa986, 0xa986, 0xa986, 0xa986, 0xa986, 0xa986, 0xa986, 0xa986, 
	0xa986, 0xa986, 0xa986, 0xa986, 0x5a89, 0x5a89, 0x62ea, 0x62ea, 0x5a89, 0x5aa9, 0x62ea, 0x62c9, 0x62ca, 0x5a89, 0x62c9, 0x5aa9, 
	0x2944, 0x39a6, 0x3986, 0x4228, 0xe633, 0xddf2, 0xddd2, 0xd591, 0xd591, 0xcd70, 0xcd50, 0xcd50, 0xa986, 0xa986, 0xa986, 0xa986, 
	0xa986, 0xa986, 0xa986, 0xa986, 0xa986, 0xa986, 0xa986, 0xa986, 0xb48d, 0xb48d, 0xb48d, 0xb48d, 0xb46d, 0xbc8d, 0xbcae, 0xbc8d, 
	0xc4ae, 0xbcad, 0xbcad, 0xbc8d, 0xbcad, 0xc4ae, 0xc48d, 0xc48d, 0xbc4c, 0xb44c, 0xb44c, 0xb40b, 0xb40b, 0xac0b, 0xac0b, 0xb40c, 
	0xb42c, 0xabcb, 0xabeb, 0xa3ca, 0x9baa, 0x8bac, 0x738f, 0x6b6f, 0x73d0, 0x7bf1, 0x7bf1, 0x7bd1, 0x8412, 0x8452, 0x8452, 0x8431, 
	0x7bd0, 0x7bf1, 0x73d0, 0x7bf0, 0x6b6e, 0x632d, 0x6b4d, 0x6b4d, 0x5acb, 0x6b4e, 0x738e, 0x6b6e, 0x6b4d, 0x6b4e, 0x73af, 0x6b4e, 
	0x632d, 0x528b, 0x5aab, 0x5aab, 0x5acb, 0x5aaa, 0x5acb, 0x5aca, 0x528a, 0x5acb, 0x736d, 0x738f, 0x83f0, 0x7baf, 0x738f, 0x7bd0, 
	0x8431, 0x7bf1, 0x8411, 0x8411, 0x7bf0, 0x8431, 0x83f0, 0x8410, 0x73ae, 0x7baf, 0x6b4d, 0x7baf, 0x7bae, 0x738d, 0x6b0b, 0x62cb, 
	0x62ca, 0x5aa9, 0x5a88, 0x62ea, 0x5268, 0x5267, 0x5a88, 0x5a88, 0x5a88, 0x5a88, 0x5267, 0x5a88, 0x62c9, 0x5aa8, 0x5288, 0x62c9, 
	0x5a89, 0x5aa9, 0x62ea, 0x5a88, 0x5aa9, 0x5aa9, 0x62c9, 0x62c9, 0xa986, 0xa986, 0xa986, 0xa986, 0xa986, 0xa986, 0xa986, 0xa986, 
	0xa986, 0xa986, 0xa986, 0xa986, 0x5268, 0x5248, 0x5268, 0x5aa9, 0x5aa9, 0x62c9, 0x6b0b, 0x5a89, 0x5a89, 0x5a89, 0x5268, 0x5288, 
	0x3165, 0x3165, 0x39c6, 0xd5b1, 0xddd2, 0xddd2, 0xd591, 0xd591, 0xcd70, 0xcd70, 0xcd30, 0xcd50, 0xa986, 0xa986, 0xa986, 0xa986, 
	0xa986, 0xa986, 0xa986, 0xa986, 0xa986, 0xa986, 0xa986, 0xa986, 0xbcad, 0xbcae, 0xbcae, 0xbcae, 0xbcae, 0xbcae, 0xbcad, 0xc4ce, 
	0xbcad, 0xc4ae, 0xbcad, 0xbcad, 0xc4ae, 0xc4ae, 0xc4ae, 0xbc8d, 0xbc4c, 0xb44c, 0xb42c, 0xac0b, 0xac0b, 0xabeb, 0xac0b, 0xabcb, 
	0xabeb, 0xa3ca, 0xa3ca, 0x9bca, 0x838c, 0x73af, 0x7bd0, 0x73d0, 0x73b0, 0x73b0, 0x7bf1, 0x7bf1, 0x7bf1, 0x8452, 0x8c73, 0x7bf0, 
	0x6b8f, 0x7bf0, 0x8411, 0x6b8f, 0x6b6e, 0x6b2d, 0x6b4d, 0x632d, 0x6b4d, 0x73af, 0x738e, 0x6b2d, 0x62ec, 0x5acb, 0x5acb, 0x630c, 
	0x738f, 0x6b4d, 0x736e, 0x738e, 0x736d, 0x736d, 0x630b, 0x62eb, 0x5aca, 0x5aca, 0x62eb, 0x6b4d, 0x6b2c, 0x6b4d, 0x738e, 0x7baf, 
	0x7bcf, 0x7bd0, 0x7baf, 0x8431, 0x73af, 0x7bcf, 0x73af, 0x738e, 0x7bcf, 0x738e, 0x73ae, 0x8410, 0x8431, 0x7baf, 0x6b4d, 0x6b4c, 
	0x62eb, 0x5a89, 0x5a68, 0x5a89, 0x5a89, 0x5aa8, 0x5a88, 0x5a88, 0x5a88, 0x5267, 0x5aa8, 0x62c9, 0x5aa8, 0x62c9, 0x62e9, 0x5aa8, 
	0x62c9, 0x5aa9, 0x5268, 0x62c9, 0x5a88, 0x5aa9, 0x62ea, 0x5aa9, 0xa986, 0xa986, 0xa986, 0xa986, 0xa986, 0xa986, 0xa986, 0xa986, 
	0xa986, 0xa986, 0xa986, 0xa986, 0x5268, 0x5247, 0x5aa9, 0x5a68, 0x4a27, 0x5a89, 0x62ea, 0x5aa9, 0x5a89, 0x5268, 0x5289, 0x5288, 
	0x3165, 0x31c6, 0xb511, 0xddf2, 0xddd2, 0xd591, 0xcd71, 0xcd70, 0xcd4f, 0xcd4f, 0xcd4f, 0xbcee, 0xa986, 0xa986, 0xa986, 0xa986, 
	0xa986, 0xa986, 0xa986, 0xa986, 0xa986, 0xa986, 0xa986, 0xa986, 0xbcee, 0xc4ef, 0xbcce, 0xbcce, 0xbcce, 0xbcce, 0xbcce, 0xc4ce, 
	0xc4ae, 0xc4ce, 0xc4ae, 0xc4ce, 0xc4ae, 0xbc8d, 0xc48d, 0xbc8d, 0xbc6d, 0xb42c, 0xb42c, 0xabeb, 0xabeb, 0xabeb, 0xabeb, 0xabeb, 
	0xa3cb, 0xa3ca, 0x9baa, 0x836c, 0x73af, 0x7bd0, 0x738f, 0x7bd1, 0x73b0, 0x7390, 0x7bf1, 0x8432, 0x7c11, 0x73d0, 0x7c11, 0x7bf1, 
	0x7bf1, 0x73d0, 0x73af, 0x73d0, 0x736e, 0x6b6e, 0x6b6e, 0x73af, 0x630d, 0x632d, 0x5aec, 0x630d, 0x630c, 0x6b2d, 0x6b4d, 0x6b4e, 
	0x6b6e, 0x6b4d, 0x6b4e, 0x736d, 0x6b4d, 0x62eb, 0x5269, 0x5289, 0x5248, 0x62ca, 0x5aaa, 0x62aa, 0x5249, 0x62aa, 0x5a8a, 0x5aaa, 
	0x62cb, 0x62eb, 0x62eb, 0x6b2c, 0x62eb, 0x5aaa, 0x6b0c, 0x62ca, 0x62cb, 0x62eb, 0x736d, 0x7bd0, 0x8c72, 0x8c31, 0x7baf, 0x7baf, 
	0x738e, 0x62eb, 0x62eb, 0x5a89, 0x5268, 0x5a88, 0x5a88, 0x5268, 0x5a88, 0x5288, 0x5267, 0x5a88, 0x62c9, 0x5aa8, 0x4a06, 0x5aa8, 
	0x62ea, 0x62c9, 0x5aa9, 0x5aa9, 0x5a88, 0x5a89, 0x5268, 0x5aa9, 0xa986, 0xa986, 0xa986, 0xa986, 0xa986, 0xa986, 0xa986, 0xa986, 
	0xa986, 0xa986, 0xa986, 0xa986, 0x5268, 0x5247, 0x5268, 0x5248, 0x5a89, 0x5a89, 0x5aa9, 0x5289, 0x5aa9, 0x5289, 0x5288, 0x4a68, 
	0x2944, 0xacd0, 0xe5f3, 0xddd2, 0xd5b1, 0xd591, 0xcd50, 0xc52f, 0xcd4f, 0xc52f, 0xc52f, 0xc50f, 0xc50e, 0xc50f, 0xbcee, 0xbcee, 
	0xa986, 0xa986, 0xa986, 0xa986, 0xbcee, 0xc4ee, 0xbcee, 0xc4ef, 0xc4ef, 0xc4ef, 0xc4ef, 0xc4ef, 0xc4ef, 0xc4ef, 0xc50f, 0xcd0f, 
	0xcd0f, 0xcd0f, 0xcd0f, 0xccef, 0xc4ce, 0xc4ae, 0xbc6d, 0xbc6d, 0xb44c, 0xb40b, 0xac0b, 0xac0b, 0xa3cb, 0xabeb, 0xabeb, 0xa3cb, 
	0xa3cb, 0x9bcb, 0x836d, 0x738f, 0x6b6f, 0x7bd1, 0x7390, 0x738f, 0x73b0, 0x7390, 0x7bd1, 0x73b0, 0x7bf1, 0x8432, 0x7bf0, 0x7bf0, 
	0x73af, 0x7bd0, 0x7bf1, 0x6b6f, 0x6b6e, 0x6b4e, 0x630d, 0x6b6e, 0x632d, 0x632d, 0x630d, 0x6b2d, 0x6b4e, 0x6b6e, 0x6b4e, 0x738e, 
	0x73af, 0x6b4d, 0x6b4d, 0x62ca, 0x5248, 0x5268, 0x5268, 0x5268, 0x5a69, 0x5268, 0x5a89, 0x5a89, 0x5a69, 0x5a89, 0x5a89, 0x5268, 
	0x5a69, 0x62aa, 0x5a89, 0x5aa9, 0x62ca, 0x62ca, 0x62ca, 0x62ea, 0x62aa, 0x5aa9, 0x5289, 0x83f0, 0x8c72, 0x8431, 0x8411, 0x73af, 
	0x7bef, 0x738d, 0x6b2c, 0x62ca, 0x62ca, 0x62c9, 0x5aa9, 0x5a88, 0x5aa8, 0x5aa8, 0x62c9, 0x5a88, 0x62c9, 0x5267, 0x5267, 0x62e9, 
	0x5a88, 0x5ac9, 0x62c9, 0x62e9, 0x5aa8, 0x62e9, 0x5aa8, 0x5a88, 0x5a88, 0x5247, 0x5a88, 0x6b0a, 0xa986, 0xa986, 0xa986, 0xa986, 
	0x6b0b, 0x62ca, 0x5248, 0x4a27, 0x5268, 0x5a68, 0x5268, 0x5aa9, 0x5a89, 0x5aa9, 0x5aaa, 0x5269, 0x5289, 0x4a48, 0x4a48, 0x4a48, 
	0x734a, 0xddf3, 0xd5b2, 0xd591, 0xd591, 0xcd70, 0xcd50, 0xcd50, 0xcd4f, 0xcd4f, 0xc52f, 0xc50f, 0xc50f, 0xbcee, 0xbcee, 0xbcad, 
	0xa986, 0xa986, 0xa986, 0xa986, 0xc50f, 0xc50f, 0xc50f, 0xc50f, 0xcd30, 0xc4ef, 0xc4ef, 0xc4ef, 0xc4ef, 0xcd30, 0xcd50, 0xcd50, 
	0xcd50, 0xd530, 0xcd10, 0xcd0f, 0xccce, 0xc4ce, 0xbc8d, 0xb44c, 0xb42c, 0xac0b, 0xac0b, 0xac0b, 0xabeb, 0xabeb, 0xa3cb, 0x9389, 
	0x93ed, 0x83ae, 0x6b8f, 0x73af, 0x6b8f, 0x6b8f, 0x738f, 0x7390, 0x738f, 0x73d0, 0x7bd0, 0x8c73, 0x7bf1, 0x7bf1, 0x8432, 0x8452, 
	0x8c72, 0x8431, 0x7bf0, 0x738f, 0x73af, 0x6b6e, 0x6b8e, 0x736e, 0x6b6e, 0x632d, 0x6b4d, 0x6b4d, 0x6b6e, 0x6b4e, 0x736d, 0x6b4d, 
	0x6b4d, 0x5289, 0x5aa9, 0x5248, 0x4a06, 0x4a07, 0x4a27, 0x5a89, 0x5a89, 0x5268, 0x5aa9, 0x5a89, 0x5aa9, 0x5aa9, 0x5aa9, 0x5aa9, 
	0x62ea, 0x5aa9, 0x62aa, 0x62ca, 0x62ca, 0x62ca, 0x62ea, 0x5a89, 0x5248, 0x5a89, 0x6b2b, 0x8431, 0x8c52, 0x8c72, 0x8431, 0x83f0, 
	0x8410, 0x73ae, 0x738e, 0x734d, 0x6b4c, 0x5aa9, 0x5aa9, 0x5aa9, 0x5247, 0x5268, 0x5248, 0x5268, 0x62c9, 0x5a88, 0x62ea, 0x62c9, 
	0x62c9, 0x62c9, 0x630a, 0x5aa8, 0x62e9, 0x62e9, 0x5ac9, 0x5a88, 0x5aa9, 0x5a89, 0x5248, 0x62ca, 0xa986, 0xa986, 0xa986, 0xa986, 
	0x62ca, 0x5aa9, 0x4a07, 0x5268, 0x5228, 0x5248, 0x5289, 0x5aca, 0x5aaa, 0x62cb, 0x62eb, 0x5aca, 0x5269, 0x5248, 0x5249, 0x5269, 
	0xddf2, 0xddf2, 0xd5b1, 0xd591, 0xcd70, 0xcd70, 0xcd50, 0xcd50, 0xcd4f, 0xc54f, 0xc54f, 0xcd4f, 0xcd4f, 0xc50f, 0xbcee, 0xc50e, 
	0xa986, 0xa986, 0xa986, 0xa986, 0xc52f, 0xc50f, 0xcd50, 0xcd70, 0xcd50, 0xcd50, 0xcd50, 0xcd50, 0xcd50, 0xd591, 0xd591, 0xd571, 
	0xd571, 0xd571, 0xd551, 0xd510, 0xc4ee, 0xc4ae, 0xbc4c, 0xb42c, 0xb42c, 0xac0c, 0xabeb, 0xabeb, 0xa3ca, 0x9bca, 0x9bca, 0x8bad, 
	0x7bcf, 0x73af, 0x6b8f, 0x632d, 0x73af, 0x6b8f, 0x6b6f, 0x6b8f, 0x7bf0, 0x6b6e, 0x6b8f, 0x6b8f, 0x7bd1, 0x8432, 0x8c52, 0x7bf0, 
	0x73d0, 0x7bf0, 0x7bd0, 0x6b8f, 0x73af, 0x6b6e, 0x6b6e, 0x6b4e, 0x6b6e, 0x6b4d, 0x6b4d, 0x6b2d, 0x6b4d, 0x630c, 0x6b2c, 0x5aaa, 
	0x5a8a, 0x5248, 0x5268, 0x4a07, 0x5247, 0x5247, 0x5268, 0x5a89, 0x62aa, 0x62ca, 0x5a89, 0x62aa, 0x5aa9, 0x5aa9, 0x62ca, 0x62ca, 
	0x62ca, 0x62ca, 0x62ca, 0x62ea, 0x62aa, 0x5aa9, 0x5aa9, 0x5a89, 0x5248, 0x5a89, 0x62eb, 0x7bcf, 0x7bcf, 0x7bcf, 0x8431, 0x7bf0, 
	0x8430, 0x73ae, 0x7bcf, 0x736d, 0x736d, 0x6b2c, 0x62ca, 0x5aa9, 0x6b0b, 0x62a9, 0x5a89, 0x5268, 0x5a88, 0x5aa9, 0x5aa9, 0x5aa9, 
	0x5aa9, 0x5a89, 0x5aa9, 0x5a89, 0x62c9, 0x5268, 0x5a88, 0x5aa9, 0x5a88, 0x5aa9, 0x5aa9, 0x5aa9, 0xa986, 0xa986, 0xa986, 0xa986, 
	0x5aa9, 0x62ca, 0x4a27, 0x5248, 0x5a89, 0x5aa9, 0x5aa9, 0x5aaa, 0x5aca, 0x5aaa, 0x5aaa, 0x5a8a, 0x5289, 0x5289, 0x4a48, 0x5aca, 
	0xddf3, 0xd5b2, 0xcd71, 0xcd4f, 0xcd70, 0xcd70, 0xcd70, 0xcd50, 0xcd4f, 0xcd4f, 0xcd4f, 0xc50f, 0xc52f, 0xbcee, 0xc50f, 0xc50f, 
	0xa986, 0xa986, 0xa986, 0xa986, 0xcd50, 0xcd50, 0xcd70, 0xcd30, 0xcd30, 0xcd30, 0xd571, 0xd571, 0xd591, 0xddb2, 0xddb2, 0xddb2, 
	0xd591, 0xdd71, 0xd530, 0xccef, 0xc48d, 0xbc4c, 0xb44c, 0xb42c, 0xabeb, 0xabeb, 0xabeb, 0xa3ca, 0x9bca, 0x9baa, 0x8bcc, 0x73af, 
	0x7bd0, 0x8432, 0x73af, 0x73af, 0x73af, 0x7bf0, 0x738f, 0x73af, 0x7bd0, 0x7bf0, 0x73d0, 0x73af, 0x7bf0, 0x7bf1, 0x73af, 0x7c11, 
	0x7c11, 0x7bf0, 0x73af, 0x73d0, 0x6b8e, 0x6b6e, 0x738f, 0x6b4d, 0x6b6e, 0x6b2c, 0x6b2c, 0x630c, 0x6b0c, 0x5a8a, 0x5a89, 0x5248, 
	0x5248, 0x5247, 0x4a07, 0x5247, 0x41e6, 0x5a88, 0x5a88, 0x5aa9, 0x5aa9, 0x5a89, 0x62aa, 0x62ca, 0x62ea, 0x62ca, 0x5aa9, 0x62ca, 
	0x62ea, 0x6aeb, 0x62aa, 0x6b0b, 0x62ca, 0x5aa9, 0x5248, 0x5268, 0x5a69, 0x5a89, 0x6b0c, 0x6aeb, 0x6b4c, 0x630c, 0x6b6d, 0x83f0, 
	0x7bef, 0x7bcf, 0x6b4d, 0x736d, 0x736d, 0x736d, 0x6b4c, 0x62eb, 0x62ca, 0x62ca, 0x5aa9, 0x62ca, 0x5aa9, 0x62c9, 0x5aa9, 0x62c9, 
	0x5aa9, 0x5aa9, 0x5a89, 0x5a89, 0x5a88, 0x5a89, 0x5aa9, 0x5a88, 0x5a89, 0x5a88, 0x62a9, 0x62ea, 0xa986, 0xa986, 0xa986, 0xa986, 
	0x5aa9, 0x5a89, 0x4a07, 0x5247, 0x5289, 0x5aa9, 0x5aaa, 0x5aaa, 0x5aaa, 0x5aaa, 0x5aaa, 0x5289, 0x5aaa, 0x52aa, 0x5aca, 0x630b
};


const int frame_7_bitmap_len = 128 * 160;

#endif
