#ifndef FRAME_5_H
#define FRAME_5_H

#include <Arduino.h>

const uint16_t frame_5_bitmap[] PROGMEM =  {
	0xe73b, 0xef5b, 0xe75b, 0xef7c, 0xf79c, 0xe71b, 0xe73b, 0xe73b, 0xdf1a, 0xdefa, 0xa986, 0xa986, 0xa986, 0xa986, 0xe73b, 0xe73b, 
	0xe71b, 0xe73b, 0xe73b, 0xe75b, 0xdf1a, 0xe71a, 0xa986, 0xa986, 0xa986, 0xa986, 0xdefa, 0xe73b, 0xe73b, 0xe75b, 0xe73b, 0xe73b, 
	0xe71b, 0xdf1a, 0xe73b, 0xdf1a, 0xe73b, 0xe73b, 0xe71a, 0xe71b, 0xe71a, 0xe75b, 0xef5b, 0xf79c, 0xef7c, 0xf79c, 0xef7c, 0xef5b, 
	0xef5c, 0xef7c, 0xef7c, 0xdefa, 0xef5c, 0xef7c, 0xe73b, 0xdf1a, 0xdefa, 0xe75b, 0xe73b, 0xe71b, 0xe71a, 0xef3b, 0xe71b, 0xef3b, 
	0xe71b, 0xef3b, 0xdeda, 0xe6fa, 0xe6fa, 0xe71b, 0xe6fa, 0xe71a, 0xe6fa, 0xe71b, 0xe71b, 0xe71a, 0xe6fa, 0xe6fa, 0xef3b, 0xe71b, 
	0xe71b, 0xe71b, 0xef5b, 0xef5b, 0xef3b, 0xef3b, 0xe6fa, 0xe71a, 0xe73b, 0xef3b, 0xe6fa, 0xe71a, 0xe6fa, 0xe71b, 0xef3b, 0xef7c, 
	0xef5c, 0xef7c, 0xef7c, 0xef5c, 0xe75b, 0xe75b, 0xf7dd, 0xdefa, 0xe6fa, 0xef3b, 0xef5c, 0xe6fa, 0xef5b, 0xe73a, 0xded9, 0xe6fa, 
	0xded9, 0xdefa, 0xdef9, 0xdef9, 0xded9, 0xded9, 0xded9, 0xe6f9, 0xd6b8, 0xded9, 0xd6b8, 0xdeb8, 0xdeb8, 0xded9, 0xdeb8, 0xd698, 
	0xe71a, 0xd6b8, 0xded8, 0xd6b8, 0xdef9, 0xd6b8, 0xa986, 0xa986, 0xa986, 0xa986, 0xdeb8, 0xdeb8, 0xded9, 0xded8, 0xdeb8, 0xd698, 
	0xde98, 0xde98, 0xa986, 0xa986, 0xa986, 0xa986, 0xdeb8, 0xdeb9, 0xded9, 0xd698, 0xd6b9, 0xded9, 0xe6fa, 0xdeda, 0xdeda, 0xdef9, 
	0xe73b, 0xe73b, 0xe71a, 0xe73b, 0xe73b, 0xdf1a, 0xdf1a, 0xe71b, 0xdefa, 0xdefa, 0xa986, 0xa986, 0xa986, 0xa986, 0xce98, 0xe73b, 
	0xe73b, 0xe73b, 0xe73b, 0xe73b, 0xdefa, 0xe71b, 0xa986, 0xa986, 0xa986, 0xa986, 0xe73b, 0xe71b, 0xe73b, 0xe73b, 0xe73b, 0xe73b, 
	0xe75b, 0xe73b, 0xe71a, 0xe71b, 0xdf1a, 0xe75b, 0xe73b, 0xe73b, 0xef5c, 0xef9c, 0xef7c, 0xef7c, 0xef7c, 0xef7c, 0xf7dd, 0xef9c, 
	0xef5b, 0xef5b, 0xe75b, 0xe73b, 0xe75b, 0xef5c, 0xe73b, 0xe71a, 0xe73b, 0xe71a, 0xe73b, 0xef5c, 0xe71b, 0xe6fa, 0xe71b, 0xe6fa, 
	0xef5c, 0xe71b, 0xe6fa, 0xdeda, 0xe6fa, 0xe71b, 0xe6fa, 0xe6fa, 0xe71b, 0xe71b, 0xe71a, 0xe71b, 0xe71a, 0xe6fa, 0xef3b, 0xef3b, 
	0xe71a, 0xe6fa, 0xdef9, 0xdefa, 0xe73a, 0xe73a, 0xdefa, 0xded9, 0xdef9, 0xe73a, 0xdef9, 0xe71a, 0xe71b, 0xef3b, 0xef5c, 0xef7c, 
	0xe75b, 0xef9c, 0xe73b, 0xe73b, 0xdefa, 0xf7bd, 0xfffe, 0xef5c, 0xdeda, 0xd699, 0xef5c, 0xded9, 0xe6fa, 0xded9, 0xdef9, 0xdefa, 
	0xe6fa, 0xded9, 0xded9, 0xdef9, 0xded8, 0xded9, 0xdef9, 0xe719, 0xd6b8, 0xded8, 0xded9, 0xded9, 0xdef9, 0xded9, 0xded9, 0xd6b8, 
	0xded8, 0xded8, 0xdeb8, 0xd6b8, 0xa986, 0xa986, 0xa986, 0xa986, 0xa986, 0xa986, 0xa986, 0xa986, 0xd6b8, 0xdeb8, 0xde98, 0xd698, 
	0xa986, 0xa986, 0xa986, 0xa986, 0xa986, 0xa986, 0xa986, 0xa986, 0xd698, 0xde98, 0xd678, 0xd678, 0xe6fa, 0xe6fa, 0xdeda, 0xe719, 
	0xe71a, 0xe71b, 0xdf1a, 0xe71a, 0xe73b, 0xe73b, 0xe71b, 0xdf1a, 0xa986, 0xa986, 0xa986, 0xa986, 0xa986, 0xa986, 0xa986, 0xa986, 
	0xe73b, 0xe73b, 0xe71a, 0xe73b, 0xa986, 0xa986, 0xa986, 0xa986, 0xa986, 0xa986, 0xa986, 0xa986, 0xdefa, 0xe73b, 0xdf1a, 0xe73b, 
	0xdf1a, 0xe73b, 0xe73b, 0xe73b, 0xe73b, 0xe73b, 0xe75b, 0xe73b, 0xdefa, 0xef7c, 0xe75b, 0xef7c, 0xef7c, 0xef9c, 0xf7dd, 0xef7c, 
	0xe75b, 0xe73b, 0xe75b, 0xef5b, 0xe73b, 0xef5b, 0xe71b, 0xe73b, 0xdf1a, 0xe73b, 0xe73b, 0xe71b, 0xe71a, 0xded9, 0xe71a, 0xe71b, 
	0xe71b, 0xe71a, 0xef3b, 0xe6fa, 0xef5b, 0xe6fa, 0xe71a, 0xe6fa, 0xe71a, 0xe71a, 0xe71b, 0xe6fa, 0xef3b, 0xe71b, 0xe71b, 0xe71b, 
	0xe71b, 0xe71b, 0xe71a, 0xf79c, 0xded9, 0xdefa, 0xe6fa, 0xe6fa, 0xe71a, 0xe73a, 0xe71a, 0xe6fa, 0xdeda, 0xe6fa, 0xe73b, 0xef7c, 
	0xef7c, 0xe73b, 0xe73b, 0xffdd, 0xef7c, 0xdf1a, 0xf79c, 0xf79c, 0xe71b, 0xe71b, 0xef3b, 0xdeda, 0xdefa, 0xdef9, 0xe71a, 0xdefa, 
	0xded9, 0xdef9, 0xe6fa, 0xded8, 0xdeb8, 0xded8, 0xded9, 0xdef9, 0xded8, 0xd6b8, 0xdeb8, 0xded9, 0xe719, 0xded9, 0xded9, 0xded9, 
	0xded9, 0xd6b8, 0xded8, 0xdeb8, 0xa986, 0xa986, 0xa986, 0xa986, 0xa986, 0xa986, 0xa986, 0xa986, 0xd698, 0xded9, 0xdeb8, 0xdeb8, 
	0xa986, 0xa986, 0xa986, 0xa986, 0xa986, 0xa986, 0xa986, 0xa986, 0xdeb8, 0xdeb9, 0xdeb9, 0xdeb9, 0xded9, 0xded9, 0xdeda, 0xdeb9, 
	0xe73b, 0xe73b, 0xe73b, 0xdf1a, 0xe73b, 0xe73b, 0xdf1a, 0xe71a, 0xa986, 0xa986, 0xa986, 0xa986, 0xa986, 0xa986, 0xa986, 0xa986, 
	0xe71a, 0xe75b, 0xe73b, 0xe71a, 0xa986, 0xa986, 0xa986, 0xa986, 0xa986, 0xa986, 0xa986, 0xa986, 0xdefa, 0xdefa, 0xdefa, 0xdf1a, 
	0xdf1a, 0xe73b, 0xe73b, 0xe73b, 0xe73b, 0xe73b, 0xe73b, 0xe71a, 0xe75b, 0xe75b, 0xe75b, 0xef7c, 0xef9c, 0xe77c, 0xef7c, 0xe75b, 
	0xe75b, 0xef5c, 0xef5b, 0xe73b, 0xef5c, 0xef7c, 0xef7c, 0xef5c, 0xe73b, 0xdefa, 0xdefa, 0xdf1a, 0xe75b, 0xdf1a, 0xe71b, 0xe71b, 
	0xdeda, 0xe71b, 0xe71a, 0xe6fa, 0xe6fa, 0xded9, 0xdef9, 0xe71a, 0xe71a, 0xe6fa, 0xe6fa, 0xef3b, 0xe6fa, 0xe71a, 0xe71a, 0xe6fa, 
	0xe71b, 0xe71b, 0xe6fa, 0xe6fa, 0xef3b, 0xe6fa, 0xe6fa, 0xe6fa, 0xe71a, 0xe71a, 0xe73b, 0xe71b, 0xe71a, 0xe6fa, 0xe71b, 0xe73b, 
	0xef9c, 0xdf1a, 0xdeda, 0xe73b, 0xef7c, 0xef5c, 0xef7c, 0xef7c, 0xef7c, 0xef7c, 0xef5c, 0xe6fa, 0xe71a, 0xdefa, 0xe71a, 0xdeb9, 
	0xded9, 0xded9, 0xded9, 0xd6b8, 0xded9, 0xdef9, 0xded8, 0xded8, 0xded8, 0xd697, 0xde98, 0xdeb8, 0xded9, 0xd6b8, 0xdef9, 0xe6f9, 
	0xe6f9, 0xdeb8, 0xd698, 0xded8, 0xa986, 0xa986, 0xa986, 0xa986, 0xa986, 0xa986, 0xa986, 0xa986, 0xde98, 0xdeb8, 0xded8, 0xdeb8, 
	0xa986, 0xa986, 0xa986, 0xa986, 0xa986, 0xa986, 0xa986, 0xa986, 0xd698, 0xd6b8, 0xd678, 0xdeb9, 0xdef9, 0xded9, 0xdeb9, 0xe6fa, 
	0xe73b, 0xe73b, 0xe73b, 0xe73b, 0xe73b, 0xe71b, 0xe71b, 0xe75b, 0xa986, 0xa986, 0xa986, 0xa986, 0xa986, 0xa986, 0xa986, 0xa986, 
	0xe73b, 0xdefa, 0xdf1a, 0xef5c, 0xa986, 0xa986, 0xa986, 0xa986, 0xa986, 0xa986, 0xa986, 0xa986, 0xdf1a, 0xdefa, 0xdefa, 0xe73b, 
	0xe73b, 0xe73b, 0xdefa, 0xe73b, 0xe73b, 0xe73b, 0xe73b, 0xe73b, 0xe73b, 0xe73b, 0xef7c, 0xef7c, 0xef7c, 0xe77c, 0xef9c, 0xf7bd, 
	0xe71b, 0xe73b, 0xe75b, 0xe73b, 0xef5b, 0xef5b, 0xdf1a, 0xe75b, 0xe73b, 0xef5b, 0xe71b, 0xe75b, 0xe73b, 0xdf1a, 0xe73b, 0xe6fa, 
	0xdeda, 0xdefa, 0xef5b, 0xded9, 0xded9, 0xded9, 0xded9, 0xded9, 0xe6fa, 0xe71a, 0xe71a, 0xef3b, 0xef3b, 0xdeb9, 0xdeb9, 0xef5b, 
	0xe71a, 0xef5c, 0xef3b, 0xe73b, 0xe73a, 0xded9, 0xdef9, 0xdefa, 0xe71b, 0xef3b, 0xe71b, 0xe6fa, 0xdeda, 0xe71b, 0xef5b, 0xef7c, 
	0xe73b, 0xe75b, 0xef7c, 0xf79c, 0xef7c, 0xef7c, 0xf7bd, 0xef7c, 0xe75b, 0xe71a, 0xdeda, 0xe71a, 0xe71a, 0xdefa, 0xdeb9, 0xded9, 
	0xdeb9, 0xded9, 0xdef9, 0xe719, 0xd6b8, 0xded9, 0xd6b8, 0xded8, 0xd6b8, 0xded8, 0xd698, 0xde98, 0xd677, 0xde98, 0xded9, 0xdef9, 
	0xded9, 0xd6b8, 0xd6b8, 0xdeb8, 0xa986, 0xa986, 0xa986, 0xa986, 0xa986, 0xa986, 0xa986, 0xa986, 0xde98, 0xd698, 0xdef9, 0xded9, 
	0xa986, 0xa986, 0xa986, 0xa986, 0xa986, 0xa986, 0xa986, 0xa986, 0xd677, 0xd698, 0xded9, 0xdeb9, 0xded9, 0xded9, 0xdefa, 0xdeda, 
	0xe73b, 0xe71b, 0xe73b, 0xe75b, 0xe71b, 0xe73b, 0xe73b, 0xe71a, 0xa986, 0xa986, 0xa986, 0xa986, 0xa986, 0xa986, 0xa986, 0xa986, 
	0xdefa, 0xdf1a, 0xd6d9, 0xe73b, 0xa986, 0xa986, 0xa986, 0xa986, 0xa986, 0xa986, 0xa986, 0xa986, 0xdeda, 0xdf1a, 0xe73b, 0xe73b, 
	0xe73b, 0xe71a, 0xe73b, 0xe73b, 0xe73b, 0xdefa, 0xe71a, 0xe73b, 0xe73b, 0xe75b, 0xef7c, 0xef5c, 0xe75b, 0xef7c, 0xef7c, 0xef7c, 
	0xe73b, 0xe71a, 0xe75b, 0xe75b, 0xef5b, 0xef7c, 0xe73b, 0xe73b, 0xe73b, 0xe73b, 0xdf1a, 0xe73b, 0xe73b, 0xdefa, 0xe71a, 0xdefa, 
	0xef5b, 0xe6fa, 0xef5b, 0xdefa, 0xe6fa, 0xded9, 0xd6b9, 0xdef9, 0xe71a, 0xe71a, 0xe6fa, 0xe6fa, 0xdef9, 0xd6b9, 0xe71a, 0xef3b, 
	0xef7c, 0xe71a, 0xe71a, 0xe71a, 0xe6fa, 0xded9, 0xdeb9, 0xe73a, 0xe6fa, 0xe6fa, 0xef3b, 0xe71b, 0xe6fa, 0xe71b, 0xe71b, 0xef5b, 
	0xe73b, 0xef5c, 0xef9c, 0xf79d, 0xef9c, 0xe73b, 0xef7c, 0xe73b, 0xe73b, 0xdefa, 0xef3b, 0xdef9, 0xe73b, 0xdefa, 0xded9, 0xded9, 
	0xdefa, 0xded9, 0xded8, 0xd677, 0xd6b8, 0xdeb8, 0xdeb8, 0xded8, 0xd6b8, 0xd6b8, 0xd698, 0xde98, 0xde98, 0xde98, 0xded8, 0xded8, 
	0xa986, 0xa986, 0xa986, 0xa986, 0xa986, 0xa986, 0xa986, 0xa986, 0xa986, 0xa986, 0xa986, 0xa986, 0xa986, 0xa986, 0xa986, 0xa986, 
	0xa986, 0xa986, 0xa986, 0xa986, 0xa986, 0xa986, 0xa986, 0xa986, 0xa986, 0xa986, 0xa986, 0xa986, 0xded9, 0xded9, 0xded9, 0xded9, 
	0xe73b, 0xef7c, 0xe71a, 0xe73b, 0xa986, 0xa986, 0xa986, 0xa986, 0xa986, 0xa986, 0xa986, 0xa986, 0xa986, 0xa986, 0xa986, 0xa986, 
	0xa986, 0xa986, 0xa986, 0xa986, 0xa986, 0xa986, 0xa986, 0xa986, 0xa986, 0xa986, 0xa986, 0xa986, 0xa986, 0xa986, 0xa986, 0xa986, 
	0xe75b, 0xe73b, 0xe75b, 0xdefa, 0xe73b, 0xe75b, 0xe73b, 0xe73b, 0xe73b, 0xef7c, 0xef7c, 0xef5c, 0xef7c, 0xef7c, 0xef9c, 0xef9c, 
	0xef7c, 0xef7c, 0xe75b, 0xdf1a, 0xef5b, 0xe73b, 0xe71b, 0xdefa, 0xe71b, 0xdefa, 0xdefa, 0xe71a, 0xe71a, 0xe73b, 0xe71a, 0xe71a, 
	0xdefa, 0xded9, 0xded9, 0xded9, 0xdefa, 0xded9, 0xe6fa, 0xe71a, 0xe71a, 0xe71a, 0xded9, 0xdefa, 0xe6fa, 0xdeb9, 0xe6fa, 0xe71b, 
	0xef5c, 0xdeda, 0xe71b, 0xe6fa, 0xe6fa, 0xef5b, 0xdef9, 0xe71a, 0xe6fa, 0xe6fa, 0xe71b, 0xe6fa, 0xef3b, 0xe71b, 0xe71a, 0xdf1a, 
	0xf7be, 0xffde, 0xf79e, 0xf7bd, 0xef7c, 0xf79c, 0xe75b, 0xe75b, 0xe73b, 0xdefa, 0xd6b9, 0xdeb9, 0xd698, 0xe6fa, 0xe6fa, 0xe71a, 
	0xdef9, 0xded9, 0xded9, 0xded8, 0xd697, 0xd698, 0xdeb8, 0xd6b8, 0xded8, 0xded9, 0xdeb8, 0xd677, 0xd677, 0xde98, 0xde98, 0xded9, 
	0xa986, 0xa986, 0xa986, 0xa986, 0xa986, 0xa986, 0xa986, 0xa986, 0xa986, 0xa986, 0xa986, 0xa986, 0xa986, 0xa986, 0xa986, 0xa986, 
	0xa986, 0xa986, 0xa986, 0xa986, 0xa986, 0xa986, 0xa986, 0xa986, 0xa986, 0xa986, 0xa986, 0xa986, 0xded9, 0xdeb9, 0xded9, 0xd6b9, 
	0xdf1a, 0xe75b, 0xd6d9, 0xd6d9, 0xa986, 0xa986, 0xa986, 0xa986, 0xa986, 0xa986, 0xa986, 0xa986, 0xa986, 0xa986, 0xa986, 0xa986, 
	0xa986, 0xa986, 0xa986, 0xa986, 0xa986, 0xa986, 0xa986, 0xa986, 0xa986, 0xa986, 0xa986, 0xa986, 0xa986, 0xa986, 0xa986, 0xa986, 
	0xe75b, 0xe71b, 0xdf1a, 0xdefa, 0xe71b, 0xef5c, 0xe73b, 0xef9c, 0xef7c, 0xef9c, 0xe75b, 0xef7c, 0xef7c, 0xe73b, 0xef7c, 0xe75b, 
	0xef9c, 0xefbd, 0xe75b, 0xef5c, 0xe73b, 0xe73b, 0xe73b, 0xe73b, 0xe71a, 0xe71b, 0xdf1a, 0xdefa, 0xe71a, 0xe71a, 0xe71a, 0xdefa, 
	0xded9, 0xdef9, 0xe71a, 0xe6fa, 0xe6fa, 0xded9, 0xe6fa, 0xe71a, 0xe6fa, 0xe71a, 0xe71a, 0xe6fa, 0xe6fa, 0xe6fa, 0xe6fa, 0xe71b, 
	0xe71b, 0xe6fa, 0xe71b, 0xe6fa, 0xe71a, 0xe6fa, 0xe71a, 0xe71a, 0xdeda, 0xe6fa, 0xe71a, 0xef3b, 0xe71b, 0xe71b, 0xe71b, 0xef7c, 
	0xe75c, 0xef5c, 0xef7d, 0xef7c, 0xef5b, 0xe73b, 0xef5b, 0xe73b, 0xe73b, 0xe71a, 0xdefa, 0xdef9, 0xdeb9, 0xe6fa, 0xe6fa, 0xe6fa, 
	0xdefa, 0xd6b8, 0xdeb8, 0xd6b8, 0xd698, 0xdeb8, 0xdeb8, 0xdeb8, 0xd6b8, 0xd6b8, 0xded8, 0xd677, 0xd657, 0xd698, 0xde98, 0xe6d9, 
	0xa986, 0xa986, 0xa986, 0xa986, 0xa986, 0xa986, 0xa986, 0xa986, 0xa986, 0xa986, 0xa986, 0xa986, 0xa986, 0xa986, 0xa986, 0xa986, 
	0xa986, 0xa986, 0xa986, 0xa986, 0xa986, 0xa986, 0xa986, 0xa986, 0xa986, 0xa986, 0xa986, 0xa986, 0xded8, 0xdeb9, 0xded9, 0xded9, 
	0xef5c, 0xe71a, 0xdefa, 0xdf1a, 0xa986, 0xa986, 0xa986, 0xa986, 0xa986, 0xa986, 0xa986, 0xa986, 0xa986, 0xa986, 0xa986, 0xa986, 
	0xa986, 0xa986, 0xa986, 0xa986, 0xa986, 0xa986, 0xa986, 0xa986, 0xa986, 0xa986, 0xa986, 0xa986, 0xa986, 0xa986, 0xa986, 0xa986, 
	0xdf1a, 0xdefa, 0xdf1a, 0xdf1a, 0xe75b, 0xe73b, 0xef5c, 0xef9c, 0xef7c, 0xef7c, 0xe73b, 0xef7c, 0xef7c, 0xef9c, 0xef9c, 0xefbd, 
	0xe75b, 0xe75b, 0xef5c, 0xef7c, 0xe73b, 0xe73b, 0xe73b, 0xdf1a, 0xe71a, 0xe75b, 0xdf1a, 0xe71a, 0xe6fa, 0xe71a, 0xef5b, 0xe71a, 
	0xe6fa, 0xe73a, 0xe6fa, 0xdefa, 0xded9, 0xded9, 0xe6fa, 0xded9, 0xe71a, 0xe71a, 0xe73a, 0xe71a, 0xe6fa, 0xef5b, 0xe71b, 0xe6fa, 
	0xe71b, 0xe71b, 0xe71a, 0xe71b, 0xd698, 0xdefa, 0xef3b, 0xef5b, 0xdeda, 0xe6fa, 0xe71b, 0xe71b, 0xe6fa, 0xe71b, 0xe6fa, 0xef9c, 
	0xef5c, 0xef7c, 0xf79c, 0xef7c, 0xef5b, 0xe75b, 0xe71a, 0xe73b, 0xef3b, 0xe6fa, 0xe6fa, 0xd678, 0xdef9, 0xded9, 0xdef9, 0xded9, 
	0xded9, 0xd698, 0xded9, 0xd6b8, 0xdef9, 0xdef9, 0xdef9, 0xded8, 0xd698, 0xded8, 0xded9, 0xde98, 0xd657, 0xd677, 0xd6b8, 0xdeb8, 
	0xa986, 0xa986, 0xa986, 0xa986, 0xa986, 0xa986, 0xa986, 0xa986, 0xa986, 0xa986, 0xa986, 0xa986, 0xa986, 0xa986, 0xa986, 0xa986, 
	0xa986, 0xa986, 0xa986, 0xa986, 0xa986, 0xa986, 0xa986, 0xa986, 0xa986, 0xa986, 0xa986, 0xa986, 0xde98, 0xded9, 0xded9, 0xded9, 
	0xdf1a, 0xdf1a, 0xdefa, 0xdf1a, 0xa986, 0xa986, 0xa986, 0xa986, 0xa986, 0xa986, 0xa986, 0xa986, 0xa986, 0xa986, 0xa986, 0xa986, 
	0xa986, 0xa986, 0xa986, 0xa986, 0xa986, 0xa986, 0xa986, 0xa986, 0xa986, 0xa986, 0xa986, 0xa986, 0xa986, 0xa986, 0xa986, 0xa986, 
	0xdefa, 0xe71a, 0xe71a, 0xd6d9, 0xd6d9, 0xded9, 0xe73b, 0xef7c, 0xe73b, 0xe73b, 0xe75b, 0xef7c, 0xef7c, 0xe75b, 0xf7bd, 0xe73b, 
	0xef5b, 0xef7c, 0xe75b, 0xe73b, 0xe73b, 0xe73b, 0xdf1a, 0xe71b, 0xdf1a, 0xe71b, 0xe71a, 0xe73b, 0xdeda, 0xdeda, 0xe71b, 0xe71b, 
	0xe71a, 0xe73a, 0xe71a, 0xded9, 0xded9, 0xd6b8, 0xe6fa, 0xdefa, 0xdef9, 0xe73b, 0xef5b, 0xe71b, 0xef3b, 0xe6fa, 0xef3b, 0xe71a, 
	0xe71b, 0xe71b, 0xdeda, 0xdeda, 0xded9, 0xe73b, 0xe73b, 0xe71a, 0xdeda, 0xe6fa, 0xef7c, 0xe71a, 0xe71a, 0xe71b, 0xe71a, 0xf79d, 
	0xe6fa, 0xe71a, 0xe71a, 0xdefa, 0xef7c, 0xef7c, 0xe73b, 0xdefa, 0xef5c, 0xef3b, 0xef5b, 0xe71b, 0xe71a, 0xef3b, 0xe6fa, 0xe719, 
	0xe6f9, 0xded9, 0xded9, 0xd6b8, 0xded8, 0xd677, 0xdef9, 0xd6b8, 0xd6b8, 0xded8, 0xdeb8, 0xdeb8, 0xa986, 0xa986, 0xa986, 0xa986, 
	0xa986, 0xa986, 0xa986, 0xa986, 0xa986, 0xa986, 0xa986, 0xa986, 0xa986, 0xa986, 0xa986, 0xa986, 0xa986, 0xa986, 0xa986, 0xa986, 
	0xa986, 0xa986, 0xa986, 0xa986, 0xa986, 0xa986, 0xa986, 0xa986, 0xa986, 0xa986, 0xa986, 0xa986, 0xa986, 0xa986, 0xa986, 0xa986, 
	0xa986, 0xa986, 0xa986, 0xa986, 0xa986, 0xa986, 0xa986, 0xa986, 0xa986, 0xa986, 0xa986, 0xa986, 0xa986, 0xa986, 0xa986, 0xa986, 
	0xa986, 0xa986, 0xa986, 0xa986, 0xa986, 0xa986, 0xa986, 0xa986, 0xa986, 0xa986, 0xa986, 0xa986, 0xa986, 0xa986, 0xa986, 0xa986, 
	0xa986, 0xa986, 0xa986, 0xa986, 0xe73b, 0xe71a, 0xef7c, 0xe73b, 0xef7c, 0xe75b, 0xef7c, 0xef9c, 0xef5b, 0xef7c, 0xef9c, 0xef5c, 
	0xe75b, 0xef7c, 0xef5b, 0xe73b, 0xe73b, 0xe73b, 0xdf1a, 0xe71b, 0xe73b, 0xe73b, 0xdf1a, 0xdefa, 0xdefa, 0xe71a, 0xded9, 0xe6fa, 
	0xdef9, 0xe71a, 0xdeb9, 0xe73a, 0xded9, 0xe73b, 0xded9, 0xd6b9, 0xdeb9, 0xded9, 0xe71a, 0xef3b, 0xe6fa, 0xe6fa, 0xe71a, 0xe71b, 
	0xef3b, 0xe71b, 0xe6fa, 0xdefa, 0xdefa, 0xe71a, 0xe71a, 0xded9, 0xe6fa, 0xe71b, 0xef3b, 0xdeda, 0xe71b, 0xe71b, 0xef3b, 0xe71b, 
	0xef5c, 0xef7c, 0xdf1a, 0xdeda, 0xe73b, 0xe73b, 0xef5b, 0xe73b, 0xe71b, 0xef5c, 0xe6fa, 0xe71a, 0xe71a, 0xe6fa, 0xdef9, 0xded9, 
	0xded8, 0xd6b8, 0xded8, 0xdeb8, 0xd697, 0xd6b8, 0xded8, 0xd6b8, 0xdeb8, 0xd6b8, 0xded8, 0xd698, 0xa986, 0xa986, 0xa986, 0xa986, 
	0xa986, 0xa986, 0xa986, 0xa986, 0xa986, 0xa986, 0xa986, 0xa986, 0xa986, 0xa986, 0xa986, 0xa986, 0xa986, 0xa986, 0xa986, 0xa986, 
	0xa986, 0xa986, 0xa986, 0xa986, 0xa986, 0xa986, 0xa986, 0xa986, 0xa986, 0xa986, 0xa986, 0xa986, 0xa986, 0xa986, 0xa986, 0xa986, 
	0xa986, 0xa986, 0xa986, 0xa986, 0xa986, 0xa986, 0xa986, 0xa986, 0xa986, 0xa986, 0xa986, 0xa986, 0xa986, 0xa986, 0xa986, 0xa986, 
	0xa986, 0xa986, 0xa986, 0xa986, 0xa986, 0xa986, 0xa986, 0xa986, 0xa986, 0xa986, 0xa986, 0xa986, 0xa986, 0xa986, 0xa986, 0xa986, 
	0xa986, 0xa986, 0xa986, 0xa986, 0xe71b, 0xe71b, 0xe73b, 0xef9c, 0xef7c, 0xe73b, 0xe73b, 0xef7c, 0xe75b, 0xef5c, 0xf79c, 0xef7c, 
	0xe73b, 0xef7c, 0xef5b, 0xef5c, 0xe73b, 0xe73b, 0xdf1a, 0xe73b, 0xe71b, 0xe73b, 0xe71b, 0xe71b, 0xe73b, 0xe73a, 0xe71b, 0xe6fa, 
	0xe71a, 0xe71a, 0xe71a, 0xdefa, 0xe71a, 0xef3b, 0xe71a, 0xdef9, 0xe71a, 0xded9, 0xded9, 0xe73b, 0xd678, 0xe6fa, 0xe71a, 0xe71b, 
	0xe71b, 0xe6fa, 0xe71b, 0xe6fa, 0xe6fa, 0xe6fa, 0xe6fa, 0xe6fa, 0xe6fa, 0xe71b, 0xe71b, 0xe6fa, 0xef3b, 0xe71b, 0xe71b, 0xe6fa, 
	0xef3b, 0xd699, 0xe73b, 0xf79d, 0xe75b, 0xe73b, 0xef9c, 0xef7c, 0xef3b, 0xf77c, 0xef3b, 0xef3b, 0xe71b, 0xe71a, 0xe6fa, 0xe719, 
	0xdef9, 0xd6b8, 0xd6b8, 0xded8, 0xd677, 0xd6b8, 0xdeb8, 0xded9, 0xdeb8, 0xce77, 0xdeb8, 0xd697, 0xa986, 0xa986, 0xa986, 0xa986, 
	0xa986, 0xa986, 0xa986, 0xa986, 0xa986, 0xa986, 0xa986, 0xa986, 0xa986, 0xa986, 0xa986, 0xa986, 0xa986, 0xa986, 0xa986, 0xa986, 
	0xa986, 0xa986, 0xa986, 0xa986, 0xa986, 0xa986, 0xa986, 0xa986, 0xa986, 0xa986, 0xa986, 0xa986, 0xa986, 0xa986, 0xa986, 0xa986, 
	0xa986, 0xa986, 0xa986, 0xa986, 0xa986, 0xa986, 0xa986, 0xa986, 0xa986, 0xa986, 0xa986, 0xa986, 0xa986, 0xa986, 0xa986, 0xa986, 
	0xa986, 0xa986, 0xa986, 0xa986, 0xa986, 0xa986, 0xa986, 0xa986, 0xa986, 0xa986, 0xa986, 0xa986, 0xa986, 0xa986, 0xa986, 0xa986, 
	0xa986, 0xa986, 0xa986, 0xa986, 0xe71a, 0xdefa, 0xef7c, 0xef9c, 0xe77c, 0xe75b, 0xef9c, 0xef7c, 0xef5c, 0xe75b, 0xef5c, 0xef7c, 
	0xef7c, 0xe73b, 0xe73b, 0xe75b, 0xe73b, 0xe71b, 0xe73b, 0xe73b, 0xdefa, 0xe71b, 0xe71a, 0xe71a, 0xe71b, 0xe73b, 0xe6fa, 0xdeda, 
	0xe6fa, 0xe71b, 0xdefa, 0xe6fa, 0xdef9, 0xd698, 0xe71a, 0xe6fa, 0xe73b, 0xe71a, 0xe73b, 0xef5b, 0xe71a, 0xded9, 0xe71b, 0xef3b, 
	0xdeda, 0xef3b, 0xe71b, 0xef3b, 0xe71b, 0xef5c, 0xe6fa, 0xffde, 0xe6fa, 0xe6fa, 0xe6fa, 0xe71a, 0xe71a, 0xef3b, 0xef3b, 0xef3b, 
	0xe71b, 0xe71b, 0xef3b, 0xef7c, 0xef9c, 0xe73b, 0xef5c, 0xd6d9, 0xe71b, 0xffbd, 0xef5c, 0xef5c, 0xe73b, 0xdef9, 0xe6fa, 0xdef9, 
	0xe6fa, 0xdef9, 0xd6b8, 0xd6b8, 0xd6b8, 0xded8, 0xd698, 0xd6b8, 0xd6b8, 0xdeb8, 0xd6b8, 0xdeb8, 0xa986, 0xa986, 0xa986, 0xa986, 
	0xa986, 0xa986, 0xa986, 0xa986, 0xa986, 0xa986, 0xa986, 0xa986, 0xa986, 0xa986, 0xa986, 0xa986, 0xa986, 0xa986, 0xa986, 0xa986, 
	0xa986, 0xa986, 0xa986, 0xa986, 0xa986, 0xa986, 0xa986, 0xa986, 0xa986, 0xa986, 0xa986, 0xa986, 0xa986, 0xa986, 0xa986, 0xa986, 
	0xa986, 0xa986, 0xa986, 0xa986, 0xa986, 0xa986, 0xa986, 0xa986, 0xa986, 0xa986, 0xa986, 0xa986, 0xa986, 0xa986, 0xa986, 0xa986, 
	0xa986, 0xa986, 0xa986, 0xa986, 0xa986, 0xa986, 0xa986, 0xa986, 0xa986, 0xa986, 0xa986, 0xa986, 0xa986, 0xa986, 0xa986, 0xa986, 
	0xa986, 0xa986, 0xa986, 0xa986, 0xe73b, 0xe73b, 0xce98, 0xe75b, 0xef7b, 0xe75b, 0xf7dd, 0xe75b, 0xe75b, 0xef9c, 0xef7c, 0xef7c, 
	0xef5c, 0xe75b, 0xdefa, 0xdf1a, 0xdefa, 0xe73b, 0xe73b, 0xe73a, 0xdf1a, 0xdf1a, 0xe73a, 0xe75b, 0xdefa, 0xe73b, 0xded9, 0xe6fa, 
	0xe71b, 0xe6fa, 0xe71b, 0xdeda, 0xdef9, 0xded9, 0xe71a, 0xdef9, 0xe6fa, 0xe6fa, 0xe6fa, 0xe6fa, 0xef5b, 0xd6b8, 0xe71a, 0xffdd, 
	0xded9, 0xd6b9, 0xce57, 0xd678, 0xded9, 0xe6fa, 0xe6fa, 0xef3b, 0xe73b, 0xe73b, 0xe71a, 0xe71a, 0xef7c, 0xe71b, 0xe6fa, 0xef5c, 
	0xef3b, 0xffbd, 0xef3b, 0xef5c, 0xe71b, 0xef3b, 0xef5c, 0xef3b, 0xe71b, 0xf79d, 0xef5c, 0xe71a, 0xef5b, 0xdeb9, 0xded9, 0xd6b8, 
	0xdeb8, 0xd698, 0xce56, 0xded8, 0xded8, 0xd698, 0xd6b8, 0xded8, 0xded8, 0xd698, 0xd698, 0xd698, 0xa986, 0xa986, 0xa986, 0xa986, 
	0xa986, 0xa986, 0xa986, 0xa986, 0xa986, 0xa986, 0xa986, 0xa986, 0xa986, 0xa986, 0xa986, 0xa986, 0xa986, 0xa986, 0xa986, 0xa986, 
	0xa986, 0xa986, 0xa986, 0xa986, 0xa986, 0xa986, 0xa986, 0xa986, 0xa986, 0xa986, 0xa986, 0xa986, 0xa986, 0xa986, 0xa986, 0xa986, 
	0xa986, 0xa986, 0xa986, 0xa986, 0xa986, 0xa986, 0xa986, 0xa986, 0xa986, 0xa986, 0xa986, 0xa986, 0xa986, 0xa986, 0xa986, 0xa986, 
	0xa986, 0xa986, 0xa986, 0xa986, 0xa986, 0xa986, 0xa986, 0xa986, 0xa986, 0xa986, 0xa986, 0xa986, 0xa986, 0xa986, 0xa986, 0xa986, 
	0xa986, 0xa986, 0xa986, 0xa986, 0xbdb5, 0xbd74, 0xb512, 0xac8f, 0xa44e, 0xbd92, 0xffdd, 0xe77c, 0xe77c, 0xe77c, 0xe75b, 0xef7c, 
	0xef9c, 0xef9c, 0xef7c, 0xe73b, 0xce78, 0xe73b, 0xe75b, 0xef7c, 0xe73b, 0xe71a, 0xdf1a, 0xdefa, 0xded9, 0xdefa, 0xe71a, 0xe71a, 
	0xe73b, 0xe71a, 0xdefa, 0xe6fa, 0xe6fa, 0xe71a, 0xe6fa, 0xe6fa, 0xe6fa, 0xe71a, 0xe71a, 0xe71a, 0xe6fa, 0xded9, 0xdefa, 0xf79c, 
	0xef3b, 0xe6fa, 0xdefa, 0xe6fa, 0xded9, 0xe71a, 0xdeb9, 0xdeb9, 0xdeb9, 0xdefa, 0xe71a, 0xe73a, 0xef3b, 0xe73b, 0xe6fa, 0xe71b, 
	0xef3b, 0xf79d, 0xe71b, 0xdeda, 0xe6fa, 0xef5c, 0xe73b, 0xef5c, 0xf7bd, 0xe6fa, 0xe6fa, 0xef5c, 0xf79c, 0xdefa, 0xded9, 0xded9, 
	0xd6b8, 0xd697, 0xd6b8, 0xd6b8, 0xded8, 0xe6f9, 0xded8, 0xded9, 0xd697, 0xde98, 0xdeb8, 0xdeb8, 0xa986, 0xa986, 0xa986, 0xa986, 
	0xa986, 0xa986, 0xa986, 0xa986, 0xa986, 0xa986, 0xa986, 0xa986, 0xa986, 0xa986, 0xa986, 0xa986, 0xa986, 0xa986, 0xa986, 0xa986, 
	0xa986, 0xa986, 0xa986, 0xa986, 0xa986, 0xa986, 0xa986, 0xa986, 0xa986, 0xa986, 0xa986, 0xa986, 0xa986, 0xa986, 0xa986, 0xa986, 
	0xa986, 0xa986, 0xa986, 0xa986, 0xa986, 0xa986, 0xa986, 0xa986, 0xa986, 0xa986, 0xa986, 0xa986, 0xa986, 0xa986, 0xa986, 0xa986, 
	0xa986, 0xa986, 0xa986, 0xa986, 0xa986, 0xa986, 0xa986, 0xa986, 0xa986, 0xa986, 0xa986, 0xa986, 0xa986, 0xa986, 0xa986, 0xa986, 
	0xa986, 0xa986, 0xa986, 0xa986, 0xbd95, 0xc595, 0xb4f1, 0xac8f, 0xa42d, 0x93ab, 0x938b, 0xacf1, 0xef9c, 0xefbd, 0xe77c, 0xe77c, 
	0xef9c, 0xe75b, 0xef7c, 0xe73b, 0xdf1a, 0xd6b9, 0xe73b, 0xe75b, 0xef5b, 0xef5b, 0xdefa, 0xe75b, 0xe73b, 0xe75b, 0xdefa, 0xdf1a, 
	0xdf1a, 0xe73b, 0xe71a, 0xe71b, 0xded9, 0xdeb9, 0xe71a, 0xded9, 0xdefa, 0xef5b, 0xe71a, 0xe71a, 0xe71a, 0xef5b, 0xe71a, 0xef3b, 
	0xef3b, 0xef5c, 0xe71a, 0xdeda, 0xe71a, 0xe73a, 0xdef9, 0xded9, 0xe73a, 0xd6b8, 0xe6fa, 0xe71a, 0xe71a, 0xf79c, 0xe71a, 0xef7c, 
	0xd6b9, 0xf77c, 0xe6fa, 0xe71a, 0xe6fa, 0xe6fa, 0xd6b9, 0xd6b9, 0xef7c, 0xe71a, 0xef5b, 0xe6fa, 0xef3b, 0xdefa, 0xdefa, 0xdef9, 
	0xded9, 0xe719, 0xe719, 0xce77, 0xded9, 0xded9, 0xdef9, 0xded9, 0xd698, 0xde98, 0xd677, 0xdeb8, 0xa986, 0xa986, 0xa986, 0xa986, 
	0xa986, 0xa986, 0xa986, 0xa986, 0xa986, 0xa986, 0xa986, 0xa986, 0xa986, 0xa986, 0xa986, 0xa986, 0xa986, 0xa986, 0xa986, 0xa986, 
	0xa986, 0xa986, 0xa986, 0xa986, 0xa986, 0xa986, 0xa986, 0xa986, 0xa986, 0xa986, 0xa986, 0xa986, 0xa986, 0xa986, 0xa986, 0xa986, 
	0xa986, 0xa986, 0xa986, 0xa986, 0xa986, 0xa986, 0xa986, 0xa986, 0xa986, 0xa986, 0xa986, 0xa986, 0xa986, 0xa986, 0xa986, 0xa986, 
	0xa986, 0xa986, 0xa986, 0xa986, 0xa986, 0xa986, 0xa986, 0xa986, 0xa986, 0xa986, 0xa986, 0xa986, 0xa986, 0xa986, 0xa986, 0xa986, 
	0xa986, 0xa986, 0xa986, 0xa986, 0xbd54, 0xbd75, 0xb532, 0xac6f, 0x9bec, 0x9bab, 0x938b, 0x8b6a, 0x93ab, 0xde98, 0xef7c, 0xefbd, 
	0xef9c, 0xef7c, 0xef7c, 0xef7c, 0xef7c, 0xe73b, 0xe73b, 0xe73b, 0xef5b, 0xe73a, 0xded9, 0xe73b, 0xef5b, 0xdef9, 0xdeb9, 0xe71a, 
	0xef5b, 0xef5b, 0xe71a, 0xe71a, 0xe73b, 0xe71a, 0xded9, 0xe71a, 0xded9, 0xef7c, 0xe71a, 0xe71a, 0xef5b, 0xf79c, 0xf7bd, 0xef5b, 
	0xef7c, 0xe71a, 0xd698, 0xce57, 0xdeb9, 0xd678, 0xded9, 0xded9, 0xce57, 0xd677, 0xce77, 0xc616, 0xef3a, 0xded9, 0xe73b, 0xce78, 
	0xa533, 0xa512, 0xb5b5, 0xad94, 0xbdd6, 0xdefa, 0xf7dd, 0xded9, 0xce98, 0xef5b, 0xdefa, 0xe71a, 0xdef9, 0xe73a, 0xd698, 0xe73a, 
	0xdeb9, 0xded8, 0xded9, 0xdeb8, 0xdef9, 0xded9, 0xded9, 0xded9, 0xd6b8, 0xdeb8, 0xd657, 0xde98, 0xa986, 0xa986, 0xa986, 0xa986, 
	0xa986, 0xa986, 0xa986, 0xa986, 0xa986, 0xa986, 0xa986, 0xa986, 0xa986, 0xa986, 0xa986, 0xa986, 0xa986, 0xa986, 0xa986, 0xa986, 
	0xa986, 0xa986, 0xa986, 0xa986, 0xa986, 0xa986, 0xa986, 0xa986, 0xa986, 0xa986, 0xa986, 0xa986, 0xa986, 0xa986, 0xa986, 0xa986, 
	0xa986, 0xa986, 0xa986, 0xa986, 0xa986, 0xa986, 0xa986, 0xa986, 0xa986, 0xa986, 0xa986, 0xa986, 0xa986, 0xa986, 0xa986, 0xa986, 
	0xa986, 0xa986, 0xa986, 0xa986, 0xa986, 0xa986, 0xa986, 0xa986, 0xa986, 0xa986, 0xa986, 0xa986, 0xa986, 0xa986, 0xa986, 0xa986, 
	0xa986, 0xa986, 0xa986, 0xa986, 0xb554, 0xbd75, 0xacb0, 0xa42d, 0x9bcc, 0x9bab, 0x938b, 0xa40d, 0x93ec, 0x93eb, 0xa44e, 0xefbc, 
	0xef7c, 0xf7bd, 0xef9c, 0xef5b, 0xef9c, 0xdf1a, 0xe73b, 0xffdd, 0xef7b, 0xe75b, 0xdf1a, 0xef7c, 0xdefa, 0xe71a, 0xe71a, 0xef5b, 
	0xe73b, 0xded9, 0xef5b, 0xe73a, 0xe6fa, 0xe73a, 0xded9, 0xe71a, 0xe73b, 0xd678, 0xc5f6, 0xc637, 0xbdd5, 0xc616, 0xce37, 0xdeb9, 
	0xc637, 0xd698, 0xce77, 0xce57, 0xad73, 0xad53, 0xb594, 0x9cf1, 0xad53, 0xbdd5, 0xad53, 0xa512, 0xce98, 0x9cf2, 0x6b6c, 0x6b8c, 
	0x8c90, 0xc637, 0xdf1a, 0xd6b8, 0xa553, 0x632b, 0x94d1, 0xc637, 0xef7c, 0xc636, 0xce78, 0xd677, 0xd6b8, 0xd6b8, 0xd6b8, 0xded8, 
	0xd698, 0xe71a, 0xdef9, 0xded8, 0xded9, 0xdef9, 0xdef9, 0xded9, 0xd698, 0xdeb8, 0xde98, 0xde98, 0xded9, 0xd6b8, 0xd6b8, 0xdef9, 
	0xa986, 0xa986, 0xa986, 0xa986, 0xa986, 0xa986, 0xa986, 0xa986, 0xa986, 0xa986, 0xa986, 0xa986, 0xa986, 0xa986, 0xa986, 0xa986, 
	0xa986, 0xa986, 0xa986, 0xa986, 0xa986, 0xa986, 0xa986, 0xa986, 0xa986, 0xa986, 0xa986, 0xa986, 0xd698, 0xd698, 0xded8, 0xd697, 
	0xe73b, 0xef5c, 0xdf1a, 0xe73b, 0xa986, 0xa986, 0xa986, 0xa986, 0xa986, 0xa986, 0xa986, 0xa986, 0xa986, 0xa986, 0xa986, 0xa986, 
	0xa986, 0xa986, 0xa986, 0xa986, 0xa986, 0xa986, 0xa986, 0xa986, 0xa986, 0xa986, 0xa986, 0xa986, 0xa986, 0xa986, 0xa986, 0xa986, 
	0xbd95, 0xb533, 0xa491, 0xacd2, 0xbd54, 0xb4f2, 0xac8f, 0x9c2e, 0x9bcd, 0x9c0d, 0x9c2d, 0xacd1, 0xb533, 0xc595, 0xcdf6, 0xd617, 
	0xcdd6, 0xcdf6, 0xc5b4, 0xbd72, 0xb510, 0xcdf5, 0xe75b, 0xe73a, 0xef7b, 0xef5b, 0xef5b, 0xe73b, 0xdef9, 0xef5b, 0xe6fa, 0xdeb9, 
	0xef5b, 0xef7c, 0xded9, 0xbdf5, 0xbdd5, 0xe71a, 0xd698, 0xe71a, 0xd6b8, 0xef3b, 0xc616, 0xd698, 0xded9, 0xe71a, 0xbdd5, 0xce37, 
	0xa533, 0x73ad, 0x8c70, 0x9cb0, 0x8c70, 0x5289, 0x5269, 0x5aca, 0x52a9, 0x6b4c, 0x4248, 0x4207, 0x52aa, 0xa513, 0x5289, 0x5288, 
	0x94b1, 0x94b0, 0x94b2, 0xc658, 0xc637, 0x94b2, 0xded9, 0xe73b, 0xd6d9, 0xd6d9, 0x9cf2, 0x842f, 0xa513, 0xce57, 0xf79c, 0xc636, 
	0xe6f9, 0xe73a, 0xd6b8, 0xe6f9, 0xe719, 0xded9, 0xdef9, 0xd698, 0xdef9, 0xd6b8, 0xde98, 0xd677, 0xded8, 0xdeb8, 0xdef9, 0xdef9, 
	0xa986, 0xa986, 0xa986, 0xa986, 0xa986, 0xa986, 0xa986, 0xa986, 0xa986, 0xa986, 0xa986, 0xa986, 0xa986, 0xa986, 0xa986, 0xa986, 
	0xa986, 0xa986, 0xa986, 0xa986, 0xa986, 0xa986, 0xa986, 0xa986, 0xa986, 0xa986, 0xa986, 0xa986, 0xd698, 0xd677, 0xded9, 0xd6b8, 
	0xe75b, 0xe71a, 0xe73b, 0xe71b, 0xa986, 0xa986, 0xa986, 0xa986, 0xa986, 0xa986, 0xa986, 0xa986, 0xa986, 0xa986, 0xa986, 0xa986, 
	0xa986, 0xa986, 0xa986, 0xa986, 0xa986, 0xa986, 0xa986, 0xa986, 0xa986, 0xa986, 0xa986, 0xa986, 0xa986, 0xa986, 0xa986, 0xa986, 
	0xc595, 0xb4f3, 0xacd2, 0xb513, 0xbd54, 0xbd13, 0xa48f, 0xa42e, 0xa44f, 0xac90, 0xbd12, 0xbd54, 0xc595, 0xc5b6, 0xc5b6, 0xc595, 
	0xc595, 0xcdd6, 0xc5b4, 0xb4cf, 0xa42d, 0xa3ed, 0xa42d, 0xbdb4, 0xef5a, 0xef9b, 0xef7c, 0xef9c, 0xe71a, 0xdeb9, 0xdefa, 0xce57, 
	0xef5b, 0xded9, 0xded9, 0xc616, 0xb594, 0xc5f6, 0xbdd5, 0xf77c, 0xdefa, 0xded9, 0xe6fa, 0x9490, 0x5288, 0x842f, 0x8c4f, 0x4a68, 
	0x3164, 0x4a28, 0x4a28, 0x31a5, 0x39c6, 0x3185, 0x39e7, 0x31a5, 0x3185, 0x3185, 0x39c6, 0x39e7, 0x39e7, 0x39c6, 0x4228, 0x39c6, 
	0x2985, 0x3a27, 0x9cd2, 0x4228, 0x5aeb, 0x5289, 0x4207, 0x39e7, 0x39e6, 0x39e7, 0x4a68, 0x632c, 0x8c30, 0xbdb6, 0xbdf6, 0xad53, 
	0x94b1, 0xbdf5, 0xd697, 0xd698, 0xe719, 0xdef9, 0xd697, 0xded9, 0xd6b8, 0xd697, 0xdeb8, 0xdeb8, 0xded8, 0xded8, 0xdef9, 0xded9, 
	0xa986, 0xa986, 0xa986, 0xa986, 0xa986, 0xa986, 0xa986, 0xa986, 0xa986, 0xa986, 0xa986, 0xa986, 0xa986, 0xa986, 0xa986, 0xa986, 
	0xa986, 0xa986, 0xa986, 0xa986, 0xa986, 0xa986, 0xa986, 0xa986, 0xa986, 0xa986, 0xa986, 0xa986, 0xce57, 0xde98, 0xde98, 0xd698, 
	0xe75b, 0xdefa, 0xef7c, 0xe73b, 0xa986, 0xa986, 0xa986, 0xa986, 0xa986, 0xa986, 0xa986, 0xa986, 0xa986, 0xa986, 0xa986, 0xa986, 
	0xa986, 0xa986, 0xa986, 0xa986, 0xa986, 0xa986, 0xa986, 0xa986, 0xa986, 0xa986, 0xa986, 0xa986, 0xa986, 0xa986, 0xa986, 0xa986, 
	0xbd74, 0xb4f2, 0xacb2, 0xbd34, 0xbd33, 0xb533, 0xa470, 0xacb1, 0xacd1, 0xb4f2, 0xacd1, 0xbd53, 0xc574, 0xbd54, 0xbd54, 0xbd95, 
	0xc5d6, 0xc5d6, 0xbd53, 0xa44e, 0xa42d, 0xa40d, 0xac6f, 0xacb0, 0xb512, 0xbdb4, 0xe73a, 0xe73a, 0xded9, 0xbdd5, 0xc616, 0xd6b9, 
	0xded9, 0xce57, 0xbdb5, 0xbdd5, 0xad53, 0xce57, 0xc616, 0x5ac9, 0x6b2a, 0x8c2f, 0x8c4f, 0x41e7, 0x39a6, 0x39a6, 0x3185, 0x3165, 
	0x3185, 0x31a6, 0x3185, 0x2965, 0x4207, 0x2965, 0x3185, 0x3185, 0x3185, 0x39e7, 0x4207, 0x39c6, 0x31a6, 0x39e6, 0x2964, 0x2985, 
	0x2985, 0x2124, 0x31a6, 0x5aeb, 0x2985, 0x2985, 0x2985, 0x31a6, 0x29a6, 0x3a07, 0x4228, 0x31c6, 0x4a69, 0x4a49, 0x5aca, 0x5aca, 
	0xa553, 0xbdd5, 0xd697, 0xd697, 0x9cd0, 0xc636, 0xdef9, 0xded8, 0xe719, 0xd6b8, 0xded8, 0xd698, 0xded9, 0xdef9, 0xded8, 0xdef9, 
	0xa986, 0xa986, 0xa986, 0xa986, 0xa986, 0xa986, 0xa986, 0xa986, 0xa986, 0xa986, 0xa986, 0xa986, 0xa986, 0xa986, 0xa986, 0xa986, 
	0xa986, 0xa986, 0xa986, 0xa986, 0xa986, 0xa986, 0xa986, 0xa986, 0xa986, 0xa986, 0xa986, 0xa986, 0xde98, 0xdef9, 0xd6b8, 0xd698, 
	0xef5b, 0xdefa, 0xef7c, 0xef7c, 0xa986, 0xa986, 0xa986, 0xa986, 0xa986, 0xa986, 0xa986, 0xa986, 0xa986, 0xa986, 0xa986, 0xa986, 
	0xa986, 0xa986, 0xa986, 0xa986, 0xa986, 0xa986, 0xa986, 0xa986, 0xa986, 0xa986, 0xa986, 0xa986, 0xa986, 0xa986, 0xa986, 0xa986, 
	0xc5b5, 0xb4f2, 0xb513, 0xb553, 0xb4f2, 0xb4f2, 0xb512, 0xb4f2, 0xacd1, 0xb532, 0xbd74, 0xb554, 0xbd74, 0xbd95, 0xc5b6, 0xc5d7, 
	0xc5b5, 0xbd74, 0xb4d0, 0xacb1, 0xa42e, 0xa40e, 0xa42e, 0xac6f, 0xac70, 0xb4f2, 0xbd53, 0xbd94, 0xc5b5, 0xc5b5, 0xbd94, 0xbdd5, 
	0xd6b9, 0xb574, 0xc636, 0xbdf5, 0x6b6b, 0x946f, 0xad53, 0x4a68, 0x2944, 0x3165, 0x3185, 0x2964, 0x3185, 0x31c6, 0x2965, 0x31a6, 
	0x31a5, 0x2965, 0x2965, 0x2944, 0x3185, 0x2944, 0x2944, 0x2965, 0x31a6, 0x31a6, 0x2965, 0x2944, 0x39e7, 0x2965, 0x2965, 0x1904, 
	0x39e7, 0x39e7, 0x2986, 0x31c6, 0x632c, 0x3a08, 0x31c7, 0x3a07, 0x31a6, 0x31a6, 0x31a6, 0x4228, 0x31c7, 0x31a6, 0x31a6, 0x4249, 
	0x6b6d, 0x634d, 0x634b, 0xad53, 0xc5f6, 0xbdd5, 0xc5f5, 0xce36, 0xc5d5, 0xd677, 0xce36, 0xdef9, 0xded8, 0xe6f9, 0xded8, 0xd698, 
	0xdeb8, 0xdeb8, 0xce36, 0xde98, 0xa986, 0xa986, 0xa986, 0xa986, 0xa986, 0xa986, 0xa986, 0xa986, 0xa986, 0xa986, 0xa986, 0xa986, 
	0xa986, 0xa986, 0xa986, 0xa986, 0xa986, 0xa986, 0xa986, 0xa986, 0xde98, 0xd6b8, 0xded8, 0xd677, 0xd657, 0xdeb8, 0xde98, 0xd6b8, 
	0xef5c, 0xef9c, 0xe71a, 0xef5c, 0xdefa, 0xdf1a, 0xe73b, 0xdefa, 0xa986, 0xa986, 0xa986, 0xa986, 0xa986, 0xa986, 0xa986, 0xa986, 
	0xa986, 0xa986, 0xa986, 0xa986, 0xa986, 0xa986, 0xa986, 0xa986, 0xa986, 0xa986, 0xa986, 0xa986, 0xbd74, 0xbd74, 0xbd74, 0xbd74, 
	0xbd74, 0xb513, 0xbd34, 0xbd54, 0xb533, 0xacb1, 0xb513, 0xb513, 0xb553, 0xb554, 0xb533, 0xbd54, 0xbd95, 0xcdf7, 0xcdd7, 0xc5b6, 
	0xbd53, 0xacb1, 0xacb0, 0xa44f, 0xa42e, 0xa42e, 0xa42e, 0xa42e, 0xa46f, 0xacb0, 0xbd33, 0xbd53, 0xc554, 0xc574, 0xc553, 0xbd11, 
	0xb4cf, 0xacaf, 0x83ab, 0x73ad, 0x3184, 0x2124, 0x4207, 0x41c7, 0x39c6, 0x4207, 0x3185, 0x2965, 0x2944, 0x2965, 0x2985, 0x3185, 
	0x2985, 0x2103, 0x2123, 0x2144, 0x31a6, 0x2124, 0x2965, 0x2985, 0x39e7, 0x2123, 0x39e6, 0x2985, 0x39e7, 0x31c7, 0x2144, 0x1904, 
	0x39e7, 0x2985, 0x31a6, 0x2986, 0x39e7, 0x4a69, 0x3a08, 0x31a6, 0x39e7, 0x31a7, 0x31a6, 0x2965, 0x31c7, 0x39e7, 0x2986, 0x2966, 
	0x31a7, 0x4229, 0x6b8d, 0x6b6c, 0x630b, 0x94b0, 0xc615, 0xb594, 0xce36, 0xbd94, 0xbdd5, 0xce57, 0xef5a, 0xded8, 0xdef9, 0xdef9, 
	0xdeb8, 0xe6f9, 0xdeb8, 0xded9, 0xa986, 0xa986, 0xa986, 0xa986, 0xa986, 0xa986, 0xa986, 0xa986, 0xa986, 0xa986, 0xa986, 0xa986, 
	0xa986, 0xa986, 0xa986, 0xa986, 0xa986, 0xa986, 0xa986, 0xa986, 0xd698, 0xd698, 0xd677, 0xd657, 0xd677, 0xde98, 0xdeb8, 0xd677, 
	0xef7c, 0xef7c, 0xef5c, 0xe71b, 0xef5c, 0xe73b, 0xdf1a, 0xdefa, 0xa986, 0xa986, 0xa986, 0xa986, 0xa986, 0xa986, 0xa986, 0xa986, 
	0xa986, 0xa986, 0xa986, 0xa986, 0xa986, 0xa986, 0xa986, 0xa986, 0xa986, 0xa986, 0xa986, 0xa986, 0xb554, 0xb554, 0xb554, 0xb554, 
	0xb554, 0xbd54, 0xbd54, 0xbd54, 0xbd33, 0xb533, 0xb533, 0xbd74, 0xbd75, 0xb554, 0xbd75, 0xbdb5, 0xc5b6, 0xcdf7, 0xbd95, 0xbd53, 
	0xb4d1, 0xac90, 0xa44f, 0xa42e, 0xa46f, 0xa44e, 0xa42e, 0xa44e, 0xa44e, 0xacb1, 0xbd33, 0xbd53, 0xc553, 0xbd53, 0xbd53, 0xb4d0, 
	0xac6e, 0xac2d, 0xa40d, 0x838b, 0x4248, 0x4248, 0x39e7, 0x3186, 0x2965, 0x3185, 0x31a5, 0x2965, 0x3185, 0x2965, 0x31a5, 0x2944, 
	0x2144, 0x2965, 0x2964, 0x2124, 0x2124, 0x39c6, 0x31a6, 0x2144, 0x2124, 0x2985, 0x2164, 0x31a5, 0x2144, 0x2145, 0x2124, 0x2144, 
	0x39e7, 0x2965, 0x2965, 0x2986, 0x2124, 0x31a6, 0x31c7, 0x3a08, 0x39e7, 0x2986, 0x1904, 0x2966, 0x2966, 0x31c7, 0x31c7, 0x2145, 
	0x2125, 0x31c7, 0x3a08, 0x4a8a, 0x52ab, 0x73ad, 0x630a, 0x946f, 0xce36, 0xad11, 0xb573, 0xad12, 0xd698, 0xd677, 0xd698, 0xd697, 
	0xd6b8, 0xdef9, 0xded8, 0xd698, 0xa986, 0xa986, 0xa986, 0xa986, 0xa986, 0xa986, 0xa986, 0xa986, 0xa986, 0xa986, 0xa986, 0xa986, 
	0xa986, 0xa986, 0xa986, 0xa986, 0xa986, 0xa986, 0xa986, 0xa986, 0xd677, 0xde98, 0xdeb8, 0xd698, 0xde98, 0xde98, 0xe6d9, 0xce57, 
	0xef5c, 0xef5c, 0xdf1a, 0xe71a, 0xdefa, 0xe75b, 0xdf1a, 0xe71a, 0xa986, 0xa986, 0xa986, 0xa986, 0xa986, 0xa986, 0xa986, 0xa986, 
	0xa986, 0xa986, 0xa986, 0xa986, 0xa986, 0xa986, 0xa986, 0xa986, 0xa986, 0xa986, 0xa986, 0xa986, 0xbd95, 0xbd54, 0xbd75, 0xbd54, 
	0xb554, 0xb554, 0xbd54, 0xb554, 0xb533, 0xb554, 0xbd95, 0xbd95, 0xb574, 0xbd95, 0xbdb5, 0xc5b6, 0xc5b5, 0xbd74, 0xbd33, 0xac90, 
	0xa44f, 0xa46f, 0xac90, 0xac6f, 0xa44f, 0xa44f, 0xa44f, 0xa44f, 0xac90, 0xb4f1, 0xbd53, 0xbd53, 0xbd33, 0xbd53, 0xbd33, 0xb4f0, 
	0xa3ed, 0x9bab, 0x9bab, 0xa3cc, 0x5aa8, 0x2965, 0x2965, 0x3185, 0x2965, 0x2944, 0x2124, 0x31a5, 0x2965, 0x2103, 0x2124, 0x2964, 
	0x2124, 0x18e3, 0x2965, 0x2965, 0x2144, 0x2965, 0x2964, 0x31a6, 0x2985, 0x2985, 0x1903, 0x1903, 0x10c2, 0x2145, 0x2124, 0x2965, 
	0x2965, 0x2965, 0x2965, 0x2965, 0x31c7, 0x2965, 0x31a6, 0x2986, 0x31c7, 0x2965, 0x2145, 0x2125, 0x2125, 0x2145, 0x31c7, 0x4229, 
	0x31a7, 0x2986, 0x31a7, 0x3a08, 0x52ab, 0x31c7, 0x4207, 0x94b1, 0x9490, 0x62c9, 0xad32, 0xad53, 0xa4f1, 0xbdb4, 0xce57, 0xce57, 
	0xdeb8, 0xded8, 0xdeb8, 0xd6b8, 0xa986, 0xa986, 0xa986, 0xa986, 0xa986, 0xa986, 0xa986, 0xa986, 0xa986, 0xa986, 0xa986, 0xa986, 
	0xa986, 0xa986, 0xa986, 0xa986, 0xa986, 0xa986, 0xa986, 0xa986, 0xe6d9, 0xdeb8, 0xdeb8, 0xdeb8, 0xd657, 0xdeb8, 0xd677, 0xd677, 
	0xe73b, 0xdf1a, 0xef7c, 0xf7bd, 0xe73b, 0xe73b, 0xdefa, 0xe71b, 0xa986, 0xa986, 0xa986, 0xa986, 0xa986, 0xa986, 0xa986, 0xa986, 
	0xa986, 0xa986, 0xa986, 0xa986, 0xa986, 0xa986, 0xa986, 0xa986, 0xa986, 0xa986, 0xa986, 0xa986, 0xbd53, 0xbd74, 0xbd74, 0xbd95, 
	0xb533, 0xb533, 0xad13, 0xb533, 0xbd54, 0xbd74, 0xbdb5, 0xc5d6, 0xb574, 0xb574, 0xc5d6, 0xbdb5, 0xbd74, 0xbd54, 0xbcf1, 0xb4d1, 
	0xacb0, 0xacb0, 0xacb0, 0xac90, 0xacb0, 0xacb0, 0xa48f, 0xacb0, 0xb4f1, 0xb4f2, 0xbd33, 0xbd33, 0xbd53, 0xbd33, 0xbd12, 0xaccf, 
	0xac2e, 0x9bec, 0x9bcb, 0x9bab, 0xa3eb, 0x5a89, 0x3185, 0x2123, 0x2123, 0x18e3, 0x2965, 0x2944, 0x2944, 0x31a5, 0x3185, 0x18e3, 
	0x18c2, 0x2985, 0x31a6, 0x2164, 0x2124, 0x39e6, 0x2164, 0x39e7, 0x2985, 0x2144, 0x1903, 0x1903, 0x10e3, 0x2986, 0x2965, 0x2145, 
	0x2985, 0x2985, 0x31a6, 0x1903, 0x1903, 0x2986, 0x2124, 0x2986, 0x2985, 0x2965, 0x31a6, 0x2966, 0x2986, 0x2966, 0x2145, 0x31a7, 
	0x3a08, 0x39e8, 0x2966, 0x2986, 0x3a08, 0x630d, 0x52ab, 0x31a6, 0x3a07, 0x634b, 0xad33, 0x736b, 0xad11, 0xad32, 0xc616, 0xd697, 
	0xe6f9, 0xdef9, 0xe73a, 0xded9, 0xdef9, 0xe719, 0xd6b8, 0xe719, 0xa986, 0xa986, 0xa986, 0xa986, 0xa986, 0xa986, 0xa986, 0xa986, 
	0xa986, 0xa986, 0xa986, 0xa986, 0xe6d9, 0xdeb8, 0xdeb8, 0xd677, 0xd698, 0xdeb8, 0xd677, 0xde98, 0xd677, 0xde98, 0xde98, 0xd6b8, 
	0xe71a, 0xe71b, 0xef7c, 0xe73b, 0xe73b, 0xe73b, 0xef5c, 0xdf1a, 0xef5b, 0xe73b, 0xe73b, 0xef5b, 0xa986, 0xa986, 0xa986, 0xa986, 
	0xa986, 0xa986, 0xa986, 0xa986, 0xa986, 0xa986, 0xa986, 0xa986, 0xbd33, 0xb4f2, 0xb513, 0xbd33, 0xb533, 0xbd74, 0xbd95, 0xbd74, 
	0xad13, 0xb533, 0xb533, 0xbd74, 0xbd74, 0xbd74, 0xbd95, 0xbd75, 0xbd95, 0xbdb5, 0xc5d6, 0xc595, 0xc554, 0xbd33, 0xbd32, 0xb512, 
	0xb511, 0xb511, 0xb4f1, 0xacb0, 0xacd0, 0xacd1, 0xb4d1, 0xb4f2, 0xb512, 0xbd53, 0xc574, 0xc553, 0xc554, 0xbd33, 0xbcf1, 0xac8e, 
	0xa40d, 0x9bcb, 0x9bab, 0x9bcb, 0x9bcc, 0xa42d, 0x2923, 0x2144, 0x31a6, 0x2964, 0x2944, 0x3185, 0x2944, 0x2103, 0x1903, 0x18e3, 
	0x39e7, 0x18e3, 0x29a5, 0x2964, 0x29a5, 0x2164, 0x2985, 0x1923, 0x2124, 0x2144, 0x18e2, 0x18e2, 0x18e3, 0x2965, 0x18e3, 0x2124, 
	0x31a6, 0x2124, 0x31a6, 0x1904, 0x0882, 0x2124, 0x31a6, 0x31c7, 0x2986, 0x1904, 0x2986, 0x2145, 0x2125, 0x2145, 0x2986, 0x1904, 
	0x3a08, 0x3187, 0x3a08, 0x2125, 0x3a08, 0x424a, 0x4229, 0x52ab, 0x31c7, 0x39e7, 0x4207, 0x4a28, 0x5289, 0x5aa9, 0xb594, 0xc5f5, 
	0xe6f9, 0xce77, 0xdeb8, 0xdef9, 0xdef9, 0xdef9, 0xded8, 0xded8, 0xa986, 0xa986, 0xa986, 0xa986, 0xa986, 0xa986, 0xa986, 0xa986, 
	0xa986, 0xa986, 0xa986, 0xa986, 0xdeb8, 0xde98, 0xde98, 0xd677, 0xd698, 0xde98, 0xde98, 0xde98, 0xd677, 0xd677, 0xd677, 0xd6b8, 
	0xe71a, 0xe73b, 0xe73b, 0xe71b, 0xef7c, 0xe73b, 0xef5c, 0xe75b, 0xe71b, 0xe75b, 0xef7c, 0xfffe, 0xa986, 0xa986, 0xa986, 0xa986, 
	0xa986, 0xa986, 0xa986, 0xa986, 0xa986, 0xa986, 0xa986, 0xa986, 0xb4f2, 0xb512, 0xb532, 0xbd53, 0xbd53, 0xc594, 0xbd54, 0xbd74, 
	0xbd54, 0xbd74, 0xbd75, 0xb554, 0xbd95, 0xbd95, 0xbdb5, 0xc5d5, 0xc5d6, 0xbdb5, 0xc5b5, 0xc574, 0xc554, 0xbd12, 0xbd13, 0xbd33, 
	0xbd32, 0xb512, 0xb512, 0xb4f1, 0xbd12, 0xb4f1, 0xbd12, 0xbd33, 0xc553, 0xbd53, 0xc594, 0xc594, 0xbd54, 0xbd32, 0xb4b0, 0xac4e, 
	0xa3ed, 0x9bcb, 0x9bab, 0x9bcb, 0x9bcc, 0x9bec, 0x83ab, 0x39e6, 0x3185, 0x2944, 0x2944, 0x2124, 0x18e3, 0x10c2, 0x2965, 0x2985, 
	0x2965, 0x3185, 0x1903, 0x2164, 0x1903, 0x2985, 0x2123, 0x1923, 0x2144, 0x08a1, 0x1903, 0x1923, 0x2144, 0x2144, 0x2124, 0x10c3, 
	0x31c7, 0x2124, 0x2965, 0x2986, 0x2145, 0x1904, 0x2125, 0x18e3, 0x2986, 0x2125, 0x2986, 0x2125, 0x2145, 0x2125, 0x2145, 0x1904, 
	0x2125, 0x2946, 0x2966, 0x31c8, 0x2987, 0x2966, 0x39e8, 0x39c8, 0x4a8a, 0x3a08, 0x4207, 0x2945, 0x5aca, 0x4a48, 0x41e6, 0x5ac9, 
	0xb593, 0xdeb8, 0xd6b8, 0xe719, 0xd6b8, 0xe719, 0xdeb8, 0xd698, 0xa986, 0xa986, 0xa986, 0xa986, 0xa986, 0xa986, 0xa986, 0xa986, 
	0xa986, 0xa986, 0xa986, 0xa986, 0xdeb8, 0xd698, 0xdeb8, 0xd698, 0xd677, 0xde98, 0xe6f9, 0xde98, 0xde98, 0xde98, 0xd657, 0xd6b8, 
	0xe75b, 0xdf1a, 0xdefa, 0xdefa, 0xdefa, 0xe73b, 0xe75b, 0xe75b, 0xef5c, 0xe71b, 0xe73b, 0xe73b, 0xa986, 0xa986, 0xa986, 0xa986, 
	0xa986, 0xa986, 0xa986, 0xa986, 0xa986, 0xa986, 0xa986, 0xa986, 0xbd32, 0xbd12, 0xbd52, 0xb4f2, 0xbd53, 0xc574, 0xbd74, 0xbd74, 
	0xb533, 0xbd75, 0xbd95, 0xbd95, 0xbd95, 0xc5d6, 0xc5d6, 0xbd94, 0xc5b5, 0xc5b5, 0xc5b5, 0xc574, 0xc554, 0xbd53, 0xbd33, 0xbd53, 
	0xb512, 0xb512, 0xbd33, 0xbd32, 0xbd12, 0xbd12, 0xbd53, 0xbd33, 0xbd33, 0xc594, 0xc594, 0xc574, 0xbd33, 0xb4d0, 0xb48f, 0xac2e, 
	0xa40d, 0x9bcb, 0x938b, 0x9bab, 0x9bab, 0x938b, 0x8bcc, 0x29a6, 0x2144, 0x2964, 0x2104, 0x2103, 0x18e3, 0x31a6, 0x2965, 0x2124, 
	0x2124, 0x2124, 0x1903, 0x2964, 0x1903, 0x2144, 0x10c2, 0x2144, 0x10a2, 0x10a1, 0x10c2, 0x1903, 0x2144, 0x2145, 0x2124, 0x10c3, 
	0x31a6, 0x2124, 0x2145, 0x2124, 0x1904, 0x1904, 0x1904, 0x10a2, 0x31a7, 0x3a08, 0x1904, 0x2145, 0x2125, 0x2125, 0x2966, 0x2124, 
	0x1904, 0x10a3, 0x39e9, 0x31a8, 0x31a7, 0x4209, 0x4a8b, 0x39e8, 0x31a6, 0x39e7, 0x4208, 0x4228, 0x2924, 0x39a6, 0x9c8f, 0x4a06, 
	0x41c6, 0xc5d5, 0xd677, 0xded9, 0xded8, 0xd6b8, 0xdeb8, 0xdef9, 0xa986, 0xa986, 0xa986, 0xa986, 0xa986, 0xa986, 0xa986, 0xa986, 
	0xa986, 0xa986, 0xa986, 0xa986, 0xe6d9, 0xdeb8, 0xde98, 0xe6f9, 0xd657, 0xde98, 0xdeb8, 0xd677, 0xde98, 0xde98, 0xce77, 0xd698, 
	0xe73b, 0xef5c, 0xdefa, 0xe73b, 0xdf1a, 0xe73b, 0xef9c, 0xef7c, 0xe73b, 0xdf1a, 0xdefa, 0xef7c, 0xa986, 0xa986, 0xa986, 0xa986, 
	0xa986, 0xa986, 0xa986, 0xa986, 0xa986, 0xa986, 0xa986, 0xa986, 0xb512, 0xb4f2, 0xb4d2, 0xbd33, 0xbd33, 0xbd74, 0xbd74, 0xb512, 
	0xbd94, 0xbdb5, 0xc5d6, 0xc5d6, 0xbd95, 0xb574, 0xbd95, 0xbd95, 0xc5b4, 0xc5b4, 0xc594, 0xc553, 0xbd13, 0xc574, 0xc554, 0xc553, 
	0xbd33, 0xc553, 0xc594, 0xbd33, 0xb512, 0xbd13, 0xbd33, 0xc594, 0xc594, 0xcdb5, 0xcdb5, 0xbd33, 0xbd11, 0xbcd0, 0xac4e, 0xa42d, 
	0x93ab, 0x936b, 0x93ab, 0x8b6a, 0x938b, 0x93ab, 0x8bab, 0x3984, 0x2124, 0x18e3, 0x10a2, 0x2123, 0x31a5, 0x3185, 0x2965, 0x2144, 
	0x18e3, 0x2124, 0x2144, 0x2964, 0x2144, 0x1903, 0x1903, 0x0881, 0x10a2, 0x0881, 0x10c2, 0x2124, 0x2144, 0x2144, 0x2124, 0x2145, 
	0x2986, 0x1904, 0x2966, 0x1904, 0x2145, 0x2125, 0x18e4, 0x18e3, 0x10c3, 0x2966, 0x2986, 0x4229, 0x39e8, 0x18e4, 0x0882, 0x1904, 
	0x2125, 0x2145, 0x39e8, 0x31c8, 0x4a6a, 0x31c8, 0x39e8, 0x39e8, 0x3a08, 0x2965, 0x3185, 0x4207, 0x3186, 0x3185, 0x3165, 0x4a27, 
	0x5268, 0x4a06, 0xce37, 0xdeb8, 0xded8, 0xded9, 0xdeb8, 0xded8, 0xd6b8, 0xded8, 0xded8, 0xdeb8, 0xa986, 0xa986, 0xa986, 0xa986, 
	0xded9, 0xdef9, 0xdeb8, 0xd677, 0xdeb8, 0xe6d9, 0xd698, 0xde98, 0xdeb8, 0xde98, 0xded9, 0xd677, 0xe6d9, 0xd677, 0xd657, 0xd697, 
	0xef7c, 0xe75b, 0xdf1a, 0xe75b, 0xe73b, 0xe71b, 0xef5c, 0xf7dd, 0xef7c, 0xe73b, 0xef7c, 0xdefa, 0xe75b, 0xe75b, 0xef5b, 0xef7c, 
	0xa986, 0xa986, 0xa986, 0xa986, 0xb512, 0xb511, 0xb512, 0xb512, 0xb511, 0xbd32, 0xbd12, 0xb512, 0xc573, 0xbd74, 0xc594, 0xc595, 
	0xbd54, 0xbdb5, 0xc5f6, 0xbdb5, 0xbd95, 0xbdb5, 0xc595, 0xbd94, 0xbd94, 0xc5b5, 0xc5b5, 0xc594, 0xbd54, 0xc574, 0xc574, 0xbd12, 
	0xbd33, 0xc574, 0xc574, 0xbd53, 0xc574, 0xc574, 0xbd53, 0xc574, 0xc554, 0xbd53, 0xbd33, 0xb511, 0xacaf, 0xac2e, 0xac4e, 0x9bcc, 
	0x9bac, 0x936b, 0x938b, 0x938b, 0x93ab, 0x938b, 0x93ab, 0x7b4b, 0x1903, 0x18e3, 0x2124, 0x31c6, 0x2124, 0x2944, 0x2123, 0x39e7, 
	0x2123, 0x2123, 0x2964, 0x2124, 0x2123, 0x2144, 0x0881, 0x10c2, 0x10c2, 0x0020, 0x10c2, 0x2144, 0x2945, 0x31a6, 0x2144, 0x39e8, 
	0x2966, 0x4a69, 0x18e4, 0x4229, 0x2986, 0x2124, 0x2986, 0x2124, 0x18e3, 0x39e7, 0x5aed, 0x2987, 0x18e4, 0x2966, 0x1904, 0x2986, 
	0x18e4, 0x2986, 0x2145, 0x422a, 0x52cc, 0x4aab, 0x2986, 0x31c7, 0x4208, 0x3186, 0x2124, 0x31a6, 0x39e7, 0x39a6, 0x2924, 0x2924, 
	0x3185, 0x6b0b, 0x3984, 0xef5a, 0xd6b8, 0xe6f9, 0xdef9, 0xded8, 0xe73a, 0xd677, 0xded9, 0xded9, 0xa986, 0xa986, 0xa986, 0xa986, 
	0xd6b8, 0xd698, 0xded9, 0xded8, 0xde98, 0xd698, 0xdeb8, 0xdeb8, 0xd698, 0xded9, 0xded9, 0xdeb8, 0xdeb8, 0xde98, 0xd677, 0xce57, 
	0xe73b, 0xe71a, 0xdefa, 0xdf1a, 0xef9c, 0xdefa, 0xf7bd, 0xef7c, 0xe73b, 0xef5b, 0xe73b, 0xe71a, 0xdefa, 0xe75b, 0xe73a, 0xe73a, 
	0xa986, 0xa986, 0xa986, 0xa986, 0xb512, 0xb4d1, 0xb511, 0xbd32, 0xbd32, 0xbd32, 0xbd32, 0xbd32, 0xbd53, 0xbd53, 0xbd53, 0xbd95, 
	0xbd94, 0xc5f6, 0xbdb5, 0xbdb5, 0xbd95, 0xbdb5, 0xc5b5, 0xbd94, 0xc5b5, 0xc594, 0xc594, 0xc574, 0xc574, 0xbd33, 0xbd54, 0xc574, 
	0xc574, 0xc574, 0xbd53, 0xbd33, 0xbd53, 0xbd33, 0xc574, 0xbd53, 0xbd53, 0xbd12, 0xb4d0, 0xac8f, 0xac4e, 0x9bcc, 0x9bcc, 0x9bcc, 
	0x9bab, 0x93ab, 0x8b4a, 0x93ab, 0x93ab, 0x938b, 0x93ab, 0x93ed, 0x2124, 0x2144, 0x39e7, 0x31c6, 0x2985, 0x2144, 0x2944, 0x2103, 
	0x39e7, 0x1903, 0x18e2, 0x2964, 0x18e3, 0x10a2, 0x0881, 0x18e3, 0x0861, 0x10c2, 0x2965, 0x2144, 0x3185, 0x2124, 0x18c3, 0x2145, 
	0x1904, 0x2145, 0x10c3, 0x2124, 0x2145, 0x1904, 0x2125, 0x2986, 0x2125, 0x2124, 0x2166, 0x52cc, 0x2966, 0x2966, 0x2966, 0x2146, 
	0x2146, 0x2125, 0x2986, 0x39e8, 0x31e9, 0x52ec, 0x422a, 0x2986, 0x2965, 0x39e7, 0x4228, 0x2944, 0x2965, 0x3185, 0x39a6, 0x39c6, 
	0x31a5, 0x39a5, 0x734b, 0x4a06, 0xded8, 0xd6b8, 0xe6f9, 0xd677, 0xded8, 0xded8, 0xd698, 0xded8, 0xa986, 0xa986, 0xa986, 0xa986, 
	0xded9, 0xd6b8, 0xd6b8, 0xded9, 0xde98, 0xde98, 0xdeb8, 0xded9, 0xdeb8, 0xded9, 0xd677, 0xde98, 0xde98, 0xd698, 0xdeb8, 0xce77, 
	0xfffe, 0xe73b, 0xe73b, 0xdefa, 0xef7c, 0xe73b, 0xe75b, 0xef7c, 0xe71b, 0xe71a, 0xe73b, 0xef7c, 0xd6b9, 0xdefa, 0xef7b, 0xe75b, 
	0xa986, 0xa986, 0xa986, 0xa986, 0xbd52, 0xb512, 0xbd12, 0xb512, 0xbd32, 0xbd32, 0xbd53, 0xbd32, 0xbd32, 0xbd53, 0xbd74, 0xbd74, 
	0xc5b5, 0xbdb5, 0xc5d5, 0xbd95, 0xbdb5, 0xbdb5, 0xbdb5, 0xc5d5, 0xc5b5, 0xb512, 0xbd74, 0xbd74, 0xbd74, 0xc594, 0xc594, 0xbd53, 
	0xc554, 0xbd53, 0xb4f2, 0xc554, 0xbd53, 0xbd53, 0xbd53, 0xbd33, 0xb4f1, 0xb4f1, 0xb4f0, 0xac6e, 0xa42d, 0xa40d, 0x9bcc, 0x938b, 
	0x936a, 0x936a, 0x9bcc, 0x93cc, 0x8b6a, 0xa42d, 0x9bec, 0xa44d, 0x3185, 0x3a08, 0x4a69, 0x2964, 0x1903, 0x2103, 0x2965, 0x1903, 
	0x10c2, 0x2144, 0x2124, 0x10a1, 0x10c2, 0x0881, 0x10a2, 0x0860, 0x10c2, 0x2944, 0x2944, 0x2944, 0x2944, 0x2944, 0x2945, 0x2966, 
	0x31a7, 0x18e3, 0x31c7, 0x2145, 0x31c7, 0x4228, 0x31a7, 0x2966, 0x2965, 0x31c7, 0x1904, 0x31c8, 0x3a2a, 0x31e8, 0x39e8, 0x2125, 
	0x52ab, 0x1905, 0x31a8, 0x31c8, 0x3187, 0x31c8, 0x2986, 0x3a08, 0x2986, 0x2965, 0x31a6, 0x31a6, 0x2944, 0x3185, 0x41e6, 0x3164, 
	0x39c6, 0x3164, 0x3985, 0x41e6, 0x630a, 0xce77, 0xded8, 0xbdd5, 0xce57, 0xd697, 0xd697, 0xd697, 0xa986, 0xa986, 0xa986, 0xa986, 
	0xd6b8, 0xded8, 0xded8, 0xded8, 0xdeb8, 0xdeb8, 0xde98, 0xdeb8, 0xde98, 0xded9, 0xded8, 0xded8, 0xd6b8, 0xdef9, 0xdef9, 0xdef9, 
	0xe75b, 0xe73b, 0xe73b, 0xe71a, 0xef5c, 0xdefa, 0xe73b, 0xdefa, 0xe71a, 0xef5b, 0xe73b, 0xe73b, 0xe73b, 0xe73b, 0xe75b, 0xe73b, 
	0xa986, 0xa986, 0xa986, 0xa986, 0xb511, 0xacd0, 0xb511, 0xb512, 0xbd32, 0xbd32, 0xb512, 0xbd32, 0xbd53, 0xbd53, 0xbd53, 0xc574, 
	0xbd94, 0xb553, 0xbdb5, 0xbd95, 0xbd94, 0xc5d5, 0xc5d5, 0xbd74, 0xc594, 0xbd33, 0xbd74, 0xbd74, 0xbd74, 0xc574, 0xc594, 0xbd53, 
	0xbd53, 0xc574, 0xc594, 0xc574, 0xbd53, 0xc554, 0xbd12, 0xb4f1, 0xb4d0, 0xb4f0, 0xac4e, 0xac4e, 0x9bec, 0x9bec, 0x9bcb, 0x93ab, 
	0x93ab, 0x9bcb, 0x938b, 0x938b, 0x93cc, 0xa40d, 0xa42d, 0x93cc, 0x4207, 0x4a8a, 0x2124, 0x31c6, 0x2965, 0x31a6, 0x2123, 0x2144, 
	0x1904, 0x1904, 0x18e3, 0x10a2, 0x10c2, 0x18e3, 0x0040, 0x10a1, 0x2103, 0x3165, 0x20e3, 0x3145, 0x3185, 0x2123, 0x18e3, 0x2965, 
	0x2145, 0x2104, 0x18e3, 0x18e3, 0x31a7, 0x31a7, 0x31c7, 0x2145, 0x1904, 0x2986, 0x31a7, 0x29a7, 0x29a8, 0x424a, 0x52cc, 0x39c8, 
	0x39e8, 0x39e8, 0x2146, 0x2125, 0x31c7, 0x2125, 0x2966, 0x31a7, 0x31a6, 0x2944, 0x31a6, 0x2965, 0x4207, 0x3165, 0x3164, 0x3164, 
	0x39a5, 0x4a48, 0x2943, 0x39c6, 0x5268, 0xbdd4, 0xce77, 0xd698, 0xdef9, 0xd6b8, 0xded9, 0xd698, 0xd6b8, 0xe71a, 0xc5f5, 0xdeb8, 
	0xde98, 0xdeb8, 0xe6d9, 0xe6d9, 0xd6b8, 0xded9, 0xdeb8, 0xded8, 0xd698, 0xded9, 0xdef9, 0xded9, 0xd6b8, 0xe6f9, 0xdef9, 0xded8, 
	0xdefa, 0xdeda, 0xef5b, 0xef7b, 0xe75b, 0xdefa, 0xe73b, 0xdefa, 0xe73b, 0xef7c, 0xef9c, 0xef5c, 0xe75b, 0xe71a, 0xe71a, 0xe75b, 
	0xe73b, 0xf7bc, 0xef5b, 0xef3a, 0xacd0, 0xb4f1, 0xb4f1, 0xbd32, 0xbd32, 0xbd53, 0xbd32, 0xbd33, 0xbd53, 0xc574, 0xbd53, 0xc574, 
	0xc5b5, 0xbd95, 0xbd95, 0xc5b5, 0xc5b5, 0xbdb5, 0xc5b4, 0xc5b5, 0xc5b5, 0xc574, 0xc574, 0xc594, 0xc574, 0xc574, 0xbd53, 0xc574, 
	0xc574, 0xc574, 0xc594, 0xc574, 0xc574, 0xb512, 0xbd11, 0xacb0, 0xbd11, 0xac8f, 0xa42d, 0xa44e, 0xa42d, 0x93cc, 0x93ab, 0x93ab, 
	0x93cb, 0x9bcc, 0x9bec, 0x93ab, 0x93ab, 0xa42d, 0x93ab, 0x834a, 0x31a6, 0x31c7, 0x31a6, 0x1904, 0x2124, 0x2124, 0x2123, 0x18e3, 
	0x2124, 0x10c2, 0x18e2, 0x10c2, 0x10a1, 0x1081, 0x10c2, 0x18e2, 0x2123, 0x1903, 0x3165, 0x3985, 0x3965, 0x2924, 0x2944, 0x2103, 
	0x18e2, 0x18e3, 0x2124, 0x2124, 0x1903, 0x1903, 0x2965, 0x2986, 0x2966, 0x2986, 0x2986, 0x18e4, 0x424a, 0x426a, 0x3209, 0x3a09, 
	0x4a8b, 0x31a7, 0x2987, 0x2125, 0x1904, 0x2965, 0x2124, 0x2145, 0x3185, 0x2144, 0x31a5, 0x2944, 0x2944, 0x3165, 0x2944, 0x2924, 
	0x39a5, 0x3184, 0x4206, 0x39c6, 0x39a5, 0x8c4e, 0xbdb4, 0xd698, 0xce77, 0xdef9, 0xe719, 0xded9, 0xd6b8, 0xd698, 0xd677, 0xded9, 
	0xd677, 0xde98, 0xd6b8, 0xe6f9, 0xd6b8, 0xded8, 0xd677, 0xd6b8, 0xdef9, 0xd6b8, 0xe6f9, 0xdeb8, 0xded9, 0xdeb8, 0xdeb8, 0xdeb8, 
	0xef7c, 0xe75b, 0xef7c, 0xe71a, 0xded9, 0xe75b, 0xe73b, 0xdeda, 0xef7c, 0xf79c, 0xe73b, 0xef7c, 0xe73b, 0xef5b, 0xef7b, 0xe73a, 
	0xef7b, 0xf7bc, 0xe73a, 0xef3a, 0xb512, 0xb511, 0xb511, 0xb511, 0xbd32, 0xbd52, 0xbd32, 0xbd33, 0xc574, 0xc574, 0xc574, 0xc594, 
	0xcdd5, 0xbdb5, 0xbdb5, 0xc5b5, 0xc5b5, 0xbd54, 0xc5b4, 0xcdd5, 0xcdb5, 0xc574, 0xbd53, 0xc574, 0xbd74, 0xbd53, 0xbd33, 0xbd74, 
	0xbd74, 0xbd53, 0xc574, 0xc554, 0xbd12, 0xb4f0, 0xb4f1, 0xacaf, 0xacaf, 0xa44e, 0x9bcc, 0xa42d, 0xa40d, 0x93cc, 0x93ab, 0x9bec, 
	0x9bcc, 0x9c0c, 0x93ab, 0x9bcc, 0x93ab, 0x9c0d, 0x938b, 0x62c9, 0x39c7, 0x2966, 0x2965, 0x1904, 0x18e3, 0x10a2, 0x18e3, 0x18e3, 
	0x18e3, 0x18e2, 0x10c2, 0x10a1, 0x10c2, 0x1081, 0x2944, 0x2944, 0x2944, 0x2923, 0x41c5, 0x41e6, 0x4a07, 0x2924, 0x39a6, 0x2944, 
	0x18e2, 0x2124, 0x1903, 0x2124, 0x2103, 0x2124, 0x2104, 0x2145, 0x2965, 0x2986, 0x2986, 0x39e8, 0x2966, 0x39c8, 0x4a6a, 0x39e8, 
	0x2146, 0x31a7, 0x4229, 0x4228, 0x2986, 0x2145, 0x2125, 0x2144, 0x2964, 0x2964, 0x18e3, 0x2944, 0x2924, 0x3165, 0x3185, 0x3986, 
	0x2924, 0x3185, 0x3185, 0x39a5, 0x3965, 0x5268, 0xa512, 0xdeb8, 0xce36, 0xdef9, 0xded8, 0xded9, 0xdef9, 0xded9, 0xdef9, 0xe6f9, 
	0xe6d9, 0xdeb8, 0xdef9, 0xdeb8, 0xe6f9, 0xd6b8, 0xded9, 0xd677, 0xded9, 0xd698, 0xdef9, 0xe73a, 0xe719, 0xdeb8, 0xde98, 0xdef9, 
	0xf79d, 0xe73b, 0xe73b, 0xef5b, 0xef5b, 0xdefa, 0xdefa, 0xe73b, 0xe73b, 0xef5b, 0xef5b, 0xdefa, 0xe73b, 0xe71a, 0xef5b, 0xe73b, 
	0xe71a, 0xd6d9, 0xe73b, 0xd697, 0xb511, 0xacd0, 0xac90, 0xb511, 0xb512, 0xbd32, 0xbd53, 0xbd53, 0xbd53, 0xc594, 0xc594, 0xc5d5, 
	0xc5d5, 0xbd74, 0xbd74, 0xbd95, 0xc5b5, 0xc5b5, 0xc5b4, 0xbd74, 0xb512, 0xbd53, 0xbd53, 0xc574, 0xc574, 0xbd53, 0xbd53, 0xc574, 
	0xc594, 0xc594, 0xbd32, 0xbd32, 0xbd11, 0xacb0, 0xb4d0, 0xacaf, 0xa46e, 0xacaf, 0xa44e, 0xa40d, 0x9bec, 0x93ab, 0x9bec, 0x9c0d, 
	0x9c2d, 0x9c0d, 0x9bec, 0x93cc, 0x938b, 0x93cc, 0x5247, 0x3187, 0x31a7, 0x1082, 0x1904, 0x10a2, 0x0882, 0x0881, 0x1903, 0x10a1, 
	0x18e2, 0x1081, 0x10a1, 0x0881, 0x0881, 0x2944, 0x2103, 0x3185, 0x2103, 0x3963, 0x5a47, 0x49c6, 0x41c6, 0x39c6, 0x2944, 0x2924, 
	0x2924, 0x18c2, 0x2124, 0x2944, 0x2123, 0x18c2, 0x2103, 0x2103, 0x2144, 0x2144, 0x2965, 0x2986, 0x31a7, 0x39e8, 0x31a7, 0x3a09, 
	0x31a7, 0x2986, 0x31a6, 0x2986, 0x31c7, 0x4228, 0x31c7, 0x2945, 0x1903, 0x2124, 0x2944, 0x2124, 0x3165, 0x2924, 0x3165, 0x3165, 
	0x2924, 0x2944, 0x3165, 0x39c5, 0x3985, 0x41e6, 0x7bcd, 0xb5b4, 0xdeb8, 0xd677, 0xe71a, 0xded9, 0xdef9, 0xdeb8, 0xded9, 0xdef9, 
	0xdeb8, 0xded8, 0xded8, 0xd6b8, 0xe6f9, 0xded9, 0xdeb8, 0xdeb8, 0xe6f9, 0xded8, 0xd698, 0xded9, 0xded8, 0xde98, 0xdeb8, 0xd6b8, 
	0xef5c, 0xdefa, 0xe75b, 0xe71b, 0xe73b, 0xef7b, 0xe75b, 0xe71a, 0xef7b, 0xfffe, 0xef7c, 0xef9c, 0xe75b, 0xef7c, 0xe75b, 0xdefa, 
	0xe71a, 0xe73b, 0xe75b, 0xdeb8, 0xb511, 0xacd1, 0xb4f1, 0xb4f1, 0xbd32, 0xbd32, 0xbd32, 0xc553, 0xbd32, 0xbd73, 0xc5b5, 0xbd94, 
	0xc5b4, 0xc5b4, 0xc5b4, 0xc5b4, 0xc5b4, 0xbd94, 0xc574, 0xbd53, 0xbd74, 0xc594, 0xcdb5, 0xc594, 0xbd74, 0xc5b5, 0xc594, 0xc5b5, 
	0xc594, 0xbd53, 0xc573, 0xb4f1, 0xb4f1, 0xb4f1, 0xacb0, 0xacaf, 0xacaf, 0xacaf, 0xa42d, 0xa42d, 0xa40d, 0x9bec, 0x9bec, 0x9c2d, 
	0x9c2d, 0x9c2d, 0x9c0c, 0x93cc, 0x9bcc, 0x6ae9, 0x2945, 0x10e4, 0x2124, 0x18c2, 0x18c2, 0x1923, 0x2124, 0x10c2, 0x18e3, 0x0861, 
	0x1081, 0x10c2, 0x1081, 0x1081, 0x31a5, 0x2924, 0x18c2, 0x18c2, 0x41c5, 0x5206, 0x6268, 0x4185, 0x6ac9, 0x5227, 0x2924, 0x2904, 
	0x2944, 0x3165, 0x18c3, 0x2924, 0x2944, 0x18c2, 0x18e2, 0x2103, 0x18c2, 0x18e3, 0x2123, 0x2104, 0x2966, 0x2145, 0x2966, 0x31c7, 
	0x1904, 0x31a6, 0x2124, 0x2945, 0x18c2, 0x2124, 0x2124, 0x2124, 0x2964, 0x31a6, 0x4207, 0x2103, 0x2103, 0x2924, 0x2924, 0x41e7, 
	0x3185, 0x3165, 0x2924, 0x2924, 0x39a5, 0x3985, 0x5268, 0xce57, 0xc5f5, 0xde98, 0xd6b8, 0xe6f9, 0xded9, 0xdef9, 0xd6b8, 0xdef9, 
	0xded8, 0xd6b8, 0xdeb8, 0xdeb8, 0xded8, 0xded9, 0xded9, 0xd698, 0xe71a, 0xd6b8, 0xe719, 0xded9, 0xded9, 0xd6b8, 0xded8, 0xded8, 
	0xf79c, 0xe73b, 0xdefa, 0xe75b, 0xe73b, 0xe73b, 0xdef9, 0xe75b, 0xdef9, 0xefbd, 0xdf3b, 0xe75b, 0xe75b, 0xe75b, 0xe73b, 0xe75b, 
	0xe75b, 0xef9c, 0xef7c, 0xce36, 0xb511, 0xb511, 0xb511, 0xbd12, 0xbd32, 0xbd53, 0xc553, 0xbd53, 0xbd53, 0xbd73, 0xbd53, 0xb532, 
	0xbd74, 0xbd74, 0xc5b4, 0xcdd5, 0xc5b5, 0xc594, 0xbd74, 0xc574, 0xc594, 0xcdd5, 0xc594, 0xc594, 0xbd74, 0xbd53, 0xc594, 0xc573, 
	0xbd52, 0xbd12, 0xb4f1, 0xbcf1, 0xb4f1, 0xb4d0, 0xacaf, 0xacaf, 0xacaf, 0xac6e, 0xa44e, 0xac4e, 0xa42d, 0x9c0d, 0xa42d, 0x9c2d, 
	0x9c2d, 0x9c2d, 0x93ec, 0x9bec, 0x9c0d, 0x18e3, 0x18e3, 0x18e3, 0x2965, 0x2944, 0x18e2, 0x10a2, 0x10a2, 0x0881, 0x1081, 0x1081, 
	0x0840, 0x0861, 0x0840, 0x20e3, 0x3185, 0x18a2, 0x3144, 0x3985, 0x5a07, 0x6a89, 0x49a5, 0x6aa9, 0x6268, 0x5206, 0x5a67, 0x5247, 
	0x2903, 0x2903, 0x41c7, 0x2103, 0x2924, 0x20e3, 0x20e3, 0x20e3, 0x2103, 0x18c2, 0x20e3, 0x2123, 0x18e3, 0x1903, 0x2124, 0x2144, 
	0x2965, 0x2124, 0x1903, 0x2985, 0x2144, 0x2124, 0x2965, 0x31a5, 0x2103, 0x2103, 0x2103, 0x20e3, 0x2103, 0x2944, 0x2924, 0x3165, 
	0x3185, 0x3185, 0x2944, 0x3986, 0x3185, 0x41c6, 0x39a5, 0xad33, 0xe73a, 0xded9, 0xe6f9, 0xd698, 0xded9, 0xe719, 0xded9, 0xded8, 
	0xd698, 0xdef9, 0xdeb8, 0xd697, 0xdef9, 0xded8, 0xd6b8, 0xded8, 0xdef9, 0xdef9, 0xd6b8, 0xd6b8, 0xd698, 0xdef9, 0xded8, 0xdef9, 
	0xe75b, 0xf7bd, 0xef5b, 0xe73a, 0xef9c, 0xe73b, 0xe73b, 0xe75b, 0xe73b, 0xdf3b, 0xe77c, 0xe77c, 0xef9c, 0xef7c, 0xdf3b, 0xe75b, 
	0xd6d9, 0xe75b, 0xef7c, 0xc5f6, 0xb512, 0xb511, 0xbd32, 0xbd53, 0xbd32, 0xb512, 0xc573, 0xc594, 0xbd53, 0xbd53, 0xc5b4, 0xc5b5, 
	0xc594, 0xbd53, 0xc574, 0xc574, 0xbd53, 0xbd53, 0xbd74, 0xbd74, 0xc574, 0xc594, 0xc5b5, 0xc5b5, 0xcdb5, 0xc574, 0xc5b5, 0xbd53, 
	0xbd32, 0xbd11, 0xb4f1, 0xbcf1, 0xb4b0, 0xb4cf, 0xa46e, 0xac6e, 0xac4e, 0xa42d, 0x9bec, 0x9bcc, 0x9bcc, 0xa40d, 0x9c2d, 0x9c2d, 
	0x9c2d, 0x9c0d, 0x9bec, 0x93ec, 0x5267, 0x2965, 0x2965, 0x18e3, 0x2104, 0x10a1, 0x10a1, 0x10a2, 0x10a1, 0x1081, 0x1081, 0x10a1, 
	0x10a2, 0x18c2, 0x2124, 0x2103, 0x2103, 0x41c6, 0x3144, 0x4184, 0x5a27, 0x49a5, 0x3943, 0x6268, 0x6288, 0x4164, 0x72c9, 0x7b0a, 
	0x6aa8, 0x3964, 0x20c3, 0x3145, 0x2904, 0x18c2, 0x20e3, 0x20c3, 0x20e3, 0x20e3, 0x2103, 0x18e3, 0x10a2, 0x2103, 0x2103, 0x2103, 
	0x2124, 0x2124, 0x1903, 0x2103, 0x2123, 0x2965, 0x2944, 0x2944, 0x2944, 0x2124, 0x2123, 0x2944, 0x2924, 0x20e3, 0x2944, 0x2103, 
	0x2924, 0x2944, 0x2944, 0x3185, 0x3164, 0x39a5, 0x4a27, 0x9470, 0xc615, 0xd6b8, 0xdef9, 0xded8, 0xe6f9, 0xef3a, 0xdef9, 0xdeb8, 
	0xdef9, 0xdeb8, 0xd698, 0xd6b8, 0xdef9, 0xd697, 0xd698, 0xd6b8, 0xd6b8, 0xded8, 0xded9, 0xd697, 0xded8, 0xd698, 0xdeb8, 0xdeb8, 
	0xf79c, 0xef5b, 0xef7b, 0xef7c, 0xdf1a, 0xef5b, 0xf7bd, 0xe75b, 0xef5b, 0xef7c, 0xefbd, 0xe73b, 0xe77c, 0xe75b, 0xe75b, 0xdf1a, 
	0xe75b, 0xe75b, 0xef9c, 0xbd94, 0xb4f1, 0xbd32, 0xbd12, 0xbd32, 0xbd53, 0xc573, 0xcd94, 0xc594, 0xc594, 0xc5b5, 0xc5d5, 0xbd73, 
	0xbd74, 0xbd74, 0xc574, 0xbd53, 0xb533, 0xb4f2, 0xbd74, 0xc5b5, 0xc5b4, 0xc5d5, 0xbdb4, 0xc5b5, 0xc594, 0xc595, 0xc594, 0xc573, 
	0xbd31, 0xbd11, 0xb4f0, 0xb4af, 0xb4af, 0xac6e, 0xac4e, 0xac4e, 0xa42d, 0xa44e, 0x9c0d, 0xa40d, 0xa40d, 0x9c2d, 0x9c0d, 0x9c2d, 
	0x9c2d, 0x9c0c, 0x93ec, 0x93cc, 0x20c3, 0x2124, 0x18e3, 0x18e3, 0x10a2, 0x10a2, 0x1081, 0x10a2, 0x0840, 0x18a2, 0x1082, 0x18a2, 
	0x20e3, 0x18c2, 0x20c3, 0x20e3, 0x3123, 0x3944, 0x4185, 0x49a5, 0x49c5, 0x5206, 0x5206, 0x72c9, 0x5206, 0x4184, 0x7b0a, 0x832a, 
	0x72a9, 0x6247, 0x49c6, 0x20e2, 0x2923, 0x3124, 0x2944, 0x18a2, 0x20e3, 0x18a2, 0x18a2, 0x1081, 0x1081, 0x10a1, 0x10a2, 0x18c2, 
	0x10a2, 0x10a2, 0x18c2, 0x18c2, 0x18e3, 0x10c2, 0x18e3, 0x2944, 0x2144, 0x2944, 0x2144, 0x18e3, 0x18c2, 0x20e3, 0x2944, 0x2904, 
	0x20e3, 0x2924, 0x2924, 0x3165, 0x3144, 0x3185, 0x41e6, 0x9490, 0xce37, 0xce77, 0xded9, 0xded9, 0xdef9, 0xdef9, 0xded9, 0xded8, 
	0xd6b8, 0xded8, 0xdeb8, 0xe719, 0xf79b, 0xded9, 0xde98, 0xdeb8, 0xded9, 0xded9, 0xdeb8, 0xded8, 0xded9, 0xd698, 0xded9, 0xde98, 
	0xef5b, 0xe75b, 0xe73a, 0xef7c, 0xe71a, 0xe73b, 0xe73a, 0xe75b, 0xef7c, 0xe71a, 0xe73b, 0xe75b, 0xe75b, 0xe75b, 0xef7c, 0xe75b, 
	0xe73b, 0xe77c, 0xef9c, 0xb532, 0xb512, 0xbd32, 0xbd53, 0xbd32, 0xc573, 0xbd53, 0xc594, 0xc594, 0xc5b5, 0xc594, 0xc5b4, 0xbd94, 
	0xc5b5, 0xc5b4, 0xbd94, 0xbd53, 0xc5b4, 0xc5b4, 0xc5d5, 0xc5b5, 0xc5d5, 0xbd74, 0xcdd5, 0xd5f6, 0xcdd5, 0xcdb5, 0xc574, 0xbd52, 
	0xbd11, 0xb4f0, 0xb4af, 0xac4e, 0xac8f, 0xac4e, 0xa44e, 0xa42d, 0x9c0d, 0x9bec, 0xa40d, 0xa40d, 0xa40d, 0x9c2d, 0x9c2d, 0x9c0c, 
	0x9c2d, 0x93ec, 0x93cc, 0x93cc, 0x2124, 0x2965, 0x20e3, 0x18c2, 0x18c2, 0x10a2, 0x18c2, 0x2903, 0x2903, 0x2904, 0x20e3, 0x28e3, 
	0x3143, 0x3964, 0x3964, 0x3985, 0x4185, 0x49a5, 0x51e5, 0x51e6, 0x6268, 0x6a88, 0x6267, 0x6a88, 0x6aa8, 0x6aa9, 0x7ae9, 0x72a9, 
	0x830a, 0x72a9, 0x6247, 0x49c5, 0x3984, 0x3144, 0x2923, 0x2944, 0x2904, 0x2924, 0x3165, 0x20e3, 0x1081, 0x10a2, 0x10c2, 0x10c2, 
	0x18c2, 0x18c2, 0x10a2, 0x1081, 0x10a2, 0x18c2, 0x18e3, 0x2103, 0x18e3, 0x2124, 0x20e3, 0x2944, 0x2104, 0x2904, 0x2103, 0x2924, 
	0x20e3, 0x2103, 0x20e3, 0x20e3, 0x3165, 0x39a5, 0x41e6, 0x9490, 0xe71a, 0xd698, 0xe6f9, 0xded8, 0xe719, 0xdef9, 0xdef9, 0xdef9, 
	0xd6b8, 0xded9, 0xdef9, 0xe71a, 0xded9, 0xef5b, 0xdef9, 0xded8, 0xdeb8, 0xded8, 0xded9, 0xdef9, 0xded8, 0xded9, 0xdef9, 0xdeb8, 
	0xf7dd, 0xef9c, 0xe73b, 0xded9, 0xdf1a, 0xef5b, 0xef7c, 0xe73a, 0xf79c, 0xdefa, 0xef7c, 0xe71b, 0xe71b, 0xef9c, 0xef9c, 0xe75b, 
	0xe75b, 0xef7c, 0xf79d, 0xb532, 0xc553, 0xc573, 0xc573, 0xc573, 0xc573, 0xbd73, 0xc593, 0xc594, 0xc594, 0xbd74, 0xbd74, 0xc5b4, 
	0xc5b5, 0xc5d5, 0xc5f5, 0xc5f5, 0xc5f5, 0xc5d5, 0xc5f5, 0xbd94, 0xc594, 0xc5b5, 0xc594, 0xcdd5, 0xc595, 0xcd94, 0xc572, 0xbd11, 
	0xbcd0, 0xb4af, 0xb48f, 0xac4e, 0xac4e, 0xa44e, 0xa44e, 0xa42d, 0x9c0d, 0xa42d, 0x9c0d, 0xa40d, 0x9c0d, 0x9c2d, 0x9c2d, 0x9c0d, 
	0x93cc, 0x93ab, 0x8b8b, 0x41c5, 0x2124, 0x18c2, 0x2924, 0x20e3, 0x20c2, 0x3165, 0x2903, 0x20c3, 0x28e3, 0x20c2, 0x3943, 0x41a5, 
	0x4184, 0x49c5, 0x4164, 0x49c5, 0x49c5, 0x51c5, 0x51e5, 0x5a26, 0x6247, 0x6a88, 0x6247, 0x6a88, 0x6247, 0x72c9, 0x6a67, 0x7ac9, 
	0x72a9, 0x72a8, 0x7288, 0x6247, 0x5a26, 0x3963, 0x41c5, 0x3164, 0x2923, 0x3184, 0x31a5, 0x2984, 0x2143, 0x2123, 0x18e3, 0x18e3, 
	0x10a1, 0x18a2, 0x1081, 0x18c2, 0x18a2, 0x10a2, 0x10a2, 0x1081, 0x10a2, 0x18e3, 0x2124, 0x2944, 0x20e3, 0x2103, 0x2103, 0x2924, 
	0x2103, 0x2924, 0x2924, 0x20e3, 0x2944, 0x39a6, 0x41e6, 0x5ac9, 0xdef9, 0xce36, 0xe719, 0xe719, 0xdef9, 0xdef9, 0xe719, 0xdef9, 
	0xdef9, 0xdef9, 0xd698, 0xdeb8, 0xded9, 0xdef9, 0xd6b8, 0xdef9, 0xd6b8, 0xdef9, 0xe719, 0xded8, 0xdef9, 0xe6f9, 0xe6f9, 0xe6f9, 
	0xef9c, 0xe75b, 0xffdd, 0xe75b, 0xe75b, 0xe71a, 0xdefa, 0xe75b, 0xdef9, 0xef7b, 0xe73b, 0xf7dd, 0xef9c, 0xef5c, 0xe71a, 0xe73b, 
	0xe71b, 0xe75b, 0xe6fa, 0xbd73, 0xbd73, 0xbd53, 0xbd73, 0xbd53, 0xc593, 0xc5b4, 0xc5b5, 0xcdd5, 0xbd74, 0xad12, 0xbd94, 0xbd94, 
	0xc5b5, 0xc5d5, 0xc5d5, 0xc5f5, 0xc5f5, 0xc5f5, 0xc5f5, 0xcdf6, 0xd616, 0xd616, 0xcdd6, 0xd5f5, 0xcdb5, 0xcd94, 0xc572, 0xc531, 
	0xb4af, 0xac6e, 0xac6e, 0xa44e, 0xa42d, 0xa42d, 0xa40d, 0xa40d, 0xa40d, 0x9c0d, 0x9bec, 0x9bec, 0x9bec, 0x940c, 0x9c0c, 0x940c, 
	0x93ab, 0x938b, 0x836b, 0x3103, 0x3163, 0x49c6, 0x41a5, 0x3985, 0x4185, 0x3123, 0x28e2, 0x3103, 0x3963, 0x49a4, 0x51c5, 0x49a5, 
	0x4143, 0x51e6, 0x59e6, 0x5a06, 0x51c5, 0x5a06, 0x5a06, 0x6226, 0x6a47, 0x7288, 0x7288, 0x7288, 0x7288, 0x7ac9, 0x82e9, 0x7288, 
	0x7aa8, 0x7aa8, 0x6a67, 0x6a67, 0x6a47, 0x6267, 0x5a26, 0x49e5, 0x4a05, 0x5205, 0x5206, 0x49e5, 0x5a27, 0x5206, 0x41a5, 0x49c6, 
	0x3964, 0x2903, 0x20c2, 0x1082, 0x1081, 0x18c2, 0x18e3, 0x18c2, 0x18e3, 0x10a2, 0x10a2, 0x1081, 0x20e3, 0x2924, 0x2924, 0x2924, 
	0x20e3, 0x2924, 0x2944, 0x3145, 0x2944, 0x39a5, 0x4206, 0x41e6, 0xce56, 0xd698, 0xdeb8, 0xe6f9, 0xdef9, 0xded9, 0xdef9, 0xded8, 
	0xdef9, 0xded8, 0xdef9, 0xded8, 0xdeb8, 0xe6f9, 0xd6b8, 0xe73a, 0xded9, 0xd698, 0xdef9, 0xdeb8, 0xded8, 0xdef9, 0xd697, 0xd6b8, 
	0xe73b, 0xe73a, 0xe71a, 0xef7b, 0xef7b, 0xef7c, 0xe73b, 0xe75b, 0xe75b, 0xfffe, 0xef5b, 0xef5b, 0xe75b, 0xef7c, 0xe75b, 0xef9c, 
	0xef7c, 0xef9c, 0xb593, 0xc573, 0xc594, 0xc573, 0xc594, 0xcdb4, 0xc594, 0xbd73, 0xc594, 0xc5b5, 0xc594, 0xbd94, 0xc5d5, 0xc5d5, 
	0xc5d5, 0xc5d5, 0xc5f5, 0xc5f5, 0xce16, 0xd636, 0xd637, 0xd637, 0xd637, 0xd637, 0xd5f6, 0xcdd5, 0xcdb4, 0xc572, 0xbd31, 0xb4d0, 
	0xb46e, 0xac4e, 0xa44e, 0xa42d, 0xa42d, 0xa42d, 0xa42d, 0x9c0d, 0xa40d, 0xa40d, 0xa40d, 0x9bec, 0x9c0d, 0x9c0c, 0x93ec, 0x93ec, 
	0x8bab, 0x8bab, 0x5a27, 0x5a47, 0x6288, 0x5a27, 0x51e6, 0x49c5, 0x4184, 0x4184, 0x3944, 0x4164, 0x51c5, 0x51e5, 0x59e5, 0x59e5, 
	0x5a06, 0x51a4, 0x6206, 0x6246, 0x59e5, 0x6226, 0x6246, 0x6a47, 0x7288, 0x72a8, 0x72a9, 0x7ac8, 0x7267, 0x7aa8, 0x7ac8, 0x7aa8, 
	0x72a8, 0x7287, 0x6a86, 0x6a46, 0x6a67, 0x6a67, 0x6247, 0x6247, 0x6a66, 0x6247, 0x59e5, 0x5a26, 0x5a46, 0x5a06, 0x5a26, 0x5206, 
	0x51e6, 0x49c5, 0x49a5, 0x49c5, 0x3984, 0x18e2, 0x18c2, 0x18a2, 0x20e3, 0x18c3, 0x18c2, 0x18e3, 0x18a2, 0x18c2, 0x2103, 0x20e3, 
	0x2103, 0x18a2, 0x3165, 0x3185, 0x3165, 0x3185, 0x39a5, 0x6b2b, 0xd677, 0xef1a, 0xdeb8, 0xded9, 0xded9, 0xe73a, 0xded8, 0xd6b8, 
	0xded8, 0xdef9, 0xe71a, 0xe71a, 0xded8, 0xd697, 0xded8, 0xdef9, 0xdef9, 0xdef9, 0xdef9, 0xdef9, 0xdef9, 0xdef9, 0xd6b8, 0xdef9, 
	0xef5b, 0xef5b, 0xdefa, 0xe75b, 0xef5b, 0xef5b, 0xe75b, 0xe73b, 0xe73b, 0xef7c, 0xef7c, 0xe73b, 0xe75b, 0xef7c, 0xe73b, 0xf7bc, 
	0xf7bc, 0xe73b, 0xc593, 0xc593, 0xbd53, 0xbd73, 0xc593, 0xc594, 0xc573, 0xbd73, 0xbd73, 0xc594, 0xc5d5, 0xc5d5, 0xc5d5, 0xcdf5, 
	0xcdf6, 0xcdf5, 0xc5d5, 0xd636, 0xd657, 0xd677, 0xde98, 0xde98, 0xd677, 0xd636, 0xcdd5, 0xcd94, 0xc552, 0xbcf1, 0xbcd0, 0xb46f, 
	0xac4e, 0xa42d, 0xa42d, 0xa40d, 0xa40d, 0xa40d, 0xa40d, 0x9c0d, 0x9bec, 0x9bec, 0x93ec, 0x9c0c, 0x9bec, 0x93cc, 0x93ab, 0x8b8b, 
	0x8b8b, 0x6aa8, 0x5a48, 0x6248, 0x5206, 0x49a5, 0x51c6, 0x49a5, 0x41a4, 0x49c5, 0x49a5, 0x4163, 0x6247, 0x5a06, 0x59e5, 0x5a06, 
	0x5a05, 0x6205, 0x6226, 0x6226, 0x6206, 0x6a47, 0x6a47, 0x6a47, 0x6a46, 0x7287, 0x7ac8, 0x7ac8, 0x7aa8, 0x82e8, 0x7aa8, 0x7aa8, 
	0x7287, 0x7287, 0x7287, 0x6a46, 0x7267, 0x7266, 0x6a46, 0x6a47, 0x6a67, 0x6a67, 0x6a46, 0x6a67, 0x6a46, 0x6226, 0x5a06, 0x6226, 
	0x5a06, 0x5a26, 0x5a26, 0x5a26, 0x5a06, 0x41a5, 0x2903, 0x20e3, 0x18a2, 0x18a2, 0x18c3, 0x10a2, 0x10c2, 0x18a2, 0x18c2, 0x2924, 
	0x2103, 0x2924, 0x2103, 0x3165, 0x3185, 0x3185, 0x41e6, 0x632b, 0xbdd4, 0xe6f9, 0xdeb8, 0xd677, 0xd697, 0xd697, 0xd698, 0xded8, 
	0xded9, 0xdef9, 0xe719, 0xdef9, 0xdef9, 0xded9, 0xe719, 0xdef9, 0xe6f9, 0xe71a, 0xe6f9, 0xd677, 0xded8, 0xdeb8, 0xdeb8, 0xdef9, 
	0xdefa, 0xe73b, 0xe75b, 0xd6d9, 0xef5b, 0xdf1a, 0xef7c, 0xef7c, 0xef7c, 0xe75b, 0xef9c, 0xef7c, 0xef7c, 0xef7c, 0xef5b, 0xe73b, 
	0xef7b, 0xc5d5, 0xc593, 0xc573, 0xc573, 0xbd73, 0xbd73, 0xbd53, 0xbd73, 0xbd53, 0xc594, 0xcdb5, 0xc5b5, 0xcdd5, 0xd616, 0xce16, 
	0xcdf5, 0xce16, 0xd637, 0xd657, 0xde98, 0xe6b9, 0xde98, 0xd637, 0xd5f6, 0xc594, 0xc572, 0xbd10, 0xbccf, 0xbcaf, 0xb46e, 0xac4d, 
	0xac2d, 0xa42d, 0xa42d, 0xa40d, 0xa40d, 0x9c0d, 0xa40d, 0x9bec, 0x9bec, 0x9bec, 0x9bec, 0x93ab, 0x9bcc, 0x93cc, 0x93ab, 0x938b, 
	0x832a, 0x51e5, 0x6268, 0x6268, 0x51e6, 0x3923, 0x2903, 0x2903, 0x1881, 0x1081, 0x1061, 0x20e2, 0x41a4, 0x4184, 0x4964, 0x6205, 
	0x6225, 0x6225, 0x6205, 0x6226, 0x6226, 0x6246, 0x6a67, 0x6a67, 0x7268, 0x7287, 0x7ac8, 0x7ae8, 0x8b29, 0x82e8, 0x7ae8, 0x7ae8, 
	0x7287, 0x7287, 0x7266, 0x6a46, 0x7267, 0x7287, 0x7288, 0x6a67, 0x72e9, 0x7b09, 0x6a88, 0x6a87, 0x7288, 0x6a67, 0x6a67, 0x6a67, 
	0x6267, 0x5a26, 0x5a47, 0x5a26, 0x5a27, 0x5a27, 0x49c5, 0x3123, 0x18c2, 0x1061, 0x18c2, 0x18c2, 0x18c2, 0x18a2, 0x18c3, 0x18a2, 
	0x2103, 0x2924, 0x2944, 0x3165, 0x39a6, 0x41e6, 0x4a27, 0x8c4f, 0xef5a, 0xe71a, 0xd677, 0xce56, 0xd697, 0xdef9, 0xded9, 0xe73a, 
	0xdef9, 0xded8, 0xe6f9, 0xd698, 0xe719, 0xdeb8, 0xded8, 0xded9, 0xdeb8, 0xe71a, 0xe719, 0xd6b8, 0xd6b8, 0xd6b8, 0xd6b8, 0xdeb8, 
	0xef7c, 0xef5c, 0xffdd, 0xef7b, 0xe75b, 0xdf1a, 0xe75b, 0xf7bd, 0xe73b, 0xe71b, 0xef5c, 0xef7c, 0xef5b, 0xef5b, 0xe73b, 0xef5b, 
	0xc5d4, 0xbd73, 0xbd73, 0xc573, 0xbd52, 0xb532, 0xbd73, 0xc594, 0xc5b4, 0xc5b4, 0xc574, 0xcdd5, 0xcdf6, 0xc5d5, 0xcdf6, 0xcdf6, 
	0xcdf6, 0xd637, 0xd637, 0xde78, 0xde77, 0xde57, 0xd617, 0xcdb5, 0xc573, 0xbd10, 0xbcaf, 0xb48e, 0xb48e, 0xac6e, 0xac4d, 0xa42d, 
	0xa40d, 0xa40d, 0xa42d, 0xa40d, 0x9c0d, 0xa40d, 0xa40d, 0xa40d, 0xa40d, 0x9bec, 0x9bcc, 0x93cc, 0x93cc, 0x93ab, 0x93cc, 0x93cc, 
	0x5205, 0x4984, 0x30e2, 0x3923, 0x28c1, 0x5247, 0x7b8d, 0x6b0b, 0x18e3, 0x1081, 0x1081, 0x0861, 0x10a2, 0x1081, 0x41a4, 0x3102, 
	0x5a26, 0x5a05, 0x6205, 0x6246, 0x6226, 0x6a46, 0x6a67, 0x6a67, 0x7288, 0x7ac8, 0x7ac8, 0x8309, 0x82e9, 0x7ae8, 0x7ac8, 0x7287, 
	0x7287, 0x7267, 0x6a66, 0x7266, 0x7267, 0x7288, 0x7267, 0x730a, 0x8b8c, 0x8bce, 0x7ac8, 0x7ae9, 0x7ac8, 0x72c8, 0x6a67, 0x6246, 
	0x6226, 0x6267, 0x5a47, 0x5a47, 0x5a47, 0x5a47, 0x5a06, 0x49c5, 0x2923, 0x10c2, 0x18a2, 0x18c2, 0x18c2, 0x18a2, 0x20e3, 0x20e3, 
	0x2103, 0x2944, 0x3165, 0x3185, 0x3165, 0x4207, 0x5aa9, 0xc636, 0xce57, 0xe71a, 0xef7b, 0xe719, 0xded9, 0xe719, 0xded9, 0xded9, 
	0xded8, 0xd6b8, 0xded9, 0xe6f9, 0xdef9, 0xdef9, 0xded8, 0xded8, 0xd697, 0xe719, 0xe71a, 0xdef9, 0xded9, 0xe719, 0xdef9, 0xdef9, 
	0xe73b, 0xef5b, 0xef5b, 0xef9c, 0xef7c, 0xef7c, 0xdf1a, 0xef7c, 0xe73b, 0xdf1a, 0xef5c, 0xf79d, 0xef5b, 0xe71a, 0xe75b, 0xce16, 
	0xc593, 0xc593, 0xc593, 0xbd53, 0xc573, 0xbd73, 0xbd53, 0xc594, 0xcdb5, 0xcdf6, 0xcdf6, 0xcdd5, 0xcdf6, 0xce16, 0xce16, 0xd616, 
	0xce16, 0xde57, 0xde57, 0xd637, 0xd5f6, 0xcdd5, 0xc593, 0xc551, 0xbccf, 0xb48f, 0xb46e, 0xac2d, 0xa42d, 0xa3ec, 0xa40c, 0xa40d, 
	0xa40d, 0xa42d, 0xa40c, 0xa40d, 0xa40d, 0xa40d, 0x9c0d, 0xa40d, 0x9bec, 0x9bcc, 0x93cc, 0x93ab, 0x93ab, 0x93ab, 0x93cc, 0x5a05, 
	0x49c4, 0x49a4, 0x6268, 0x72ea, 0x6267, 0x51e6, 0x49a5, 0x4164, 0x3985, 0x0880, 0x0880, 0x0861, 0x0881, 0x3964, 0x5206, 0x4184, 
	0x3102, 0x6a46, 0x6225, 0x6246, 0x6226, 0x6226, 0x7288, 0x7288, 0x7ac8, 0x8309, 0x8b29, 0x8b2a, 0x8309, 0x82e9, 0x7ac8, 0x7287, 
	0x7287, 0x6a66, 0x6a46, 0x6a46, 0x7267, 0x6a47, 0x7288, 0x8b8b, 0x7b2a, 0x6a88, 0x4184, 0x49e5, 0x51e5, 0x49e5, 0x5206, 0x5a47, 
	0x5226, 0x6287, 0x72e9, 0x6267, 0x5a26, 0x5a47, 0x6288, 0x5226, 0x3164, 0x1082, 0x18a2, 0x18a2, 0x20e3, 0x18c2, 0x20e3, 0x2944, 
	0x2103, 0x2924, 0x2924, 0x39a6, 0x3165, 0x39a6, 0x6b4c, 0xef5a, 0xe6f9, 0xdef9, 0xe6f9, 0xdef9, 0xdef9, 0xe719, 0xdef9, 0xe71a, 
	0xded8, 0xded8, 0xded9, 0xded9, 0xded9, 0xded8, 0xdeb8, 0xded8, 0xe71a, 0xe719, 0xe73a, 0xdef9, 0xdef9, 0xe6f9, 0xdef9, 0xded8, 
	0xef5b, 0xef7c, 0xf7bd, 0xdef9, 0xe71a, 0xe73b, 0xef9c, 0xef7c, 0xe75b, 0xe73b, 0xef5b, 0xef5c, 0xe75b, 0xe73a, 0xded9, 0xc573, 
	0xc594, 0xc573, 0xc593, 0xc594, 0xc594, 0xc5b4, 0xc5b4, 0xcdd4, 0xcdd5, 0xcdf6, 0xd5f6, 0xd637, 0xd637, 0xd636, 0xd657, 0xde57, 
	0xde57, 0xd637, 0xd636, 0xd615, 0xcdb4, 0xc572, 0xc511, 0xbcaf, 0xac6e, 0xac4d, 0xa40c, 0xa3ec, 0xa40c, 0x9bec, 0xa40c, 0xa3ec, 
	0x9c0c, 0xa40c, 0xa40c, 0xa42d, 0xa42d, 0xa40d, 0x9c0d, 0x9bec, 0x9bcc, 0x9bec, 0x93ab, 0x938b, 0x93ab, 0x938b, 0x834a, 0x6aa8, 
	0x7b4b, 0x8bac, 0x7b2a, 0x7b2a, 0x7b2a, 0x72c9, 0x72a8, 0x6a67, 0x6247, 0x6246, 0x5a05, 0x6226, 0x51c5, 0x51c5, 0x49a4, 0x4984, 
	0x59e5, 0x6226, 0x6225, 0x6246, 0x6246, 0x6a67, 0x7288, 0x72a8, 0x7ac8, 0x82e9, 0x8b4a, 0x8b2a, 0x8b29, 0x8309, 0x7ae8, 0x7aa7, 
	0x72a7, 0x6a46, 0x6a46, 0x6a46, 0x6a67, 0x8309, 0x5a26, 0x41c5, 0x2923, 0x1082, 0x18c3, 0x528a, 0x10c2, 0x18c3, 0x2944, 0x7b4c, 
	0x5a27, 0x3903, 0x5a26, 0x6287, 0x6a88, 0x5a26, 0x6aa8, 0x6267, 0x3964, 0x1081, 0x18a2, 0x1882, 0x20e3, 0x20e3, 0x20e3, 0x18a2, 
	0x2944, 0x2924, 0x2924, 0x3165, 0x3985, 0x39c6, 0x62eb, 0xe719, 0xe73a, 0xdef9, 0xdef9, 0xded8, 0xded9, 0xded9, 0xe719, 0xded9, 
	0xdeb8, 0xded8, 0xe719, 0xdef9, 0xded9, 0xdeb8, 0xe719, 0xdef9, 0xdef9, 0xdef9, 0xdef9, 0xded9, 0xded9, 0xd6b8, 0xded9, 0xdef9, 
	0xffdd, 0xe73b, 0xf79d, 0xef7c, 0xe75b, 0xef7c, 0xdf1a, 0xe73b, 0xe75b, 0xe73b, 0xef9c, 0xe75b, 0xe73b, 0xdf1a, 0xbd93, 0xc594, 
	0xc593, 0xbd73, 0xbd53, 0xc594, 0xcdd4, 0xc5b4, 0xcdd4, 0xc594, 0xcdd5, 0xcdf6, 0xd5f6, 0xd636, 0xd657, 0xde98, 0xde77, 0xd657, 
	0xd637, 0xd616, 0xcdd4, 0xc572, 0xbd11, 0xbcd0, 0xb4ae, 0xac6d, 0xa42c, 0xa40c, 0xa40c, 0x9bec, 0xa3ec, 0xa3ec, 0xa40c, 0xa3ec, 
	0xa3ec, 0xa40c, 0xa40c, 0xa40d, 0x9c0d, 0x9c0d, 0x9bec, 0x9bec, 0x93cc, 0x93cc, 0x93ab, 0x938b, 0x8b6a, 0x8b6b, 0x9c0e, 0xa48f, 
	0xa46f, 0xa470, 0xacd2, 0xac91, 0x9c2f, 0x93cd, 0x8b6c, 0x7ae9, 0x6a67, 0x72a8, 0x6206, 0x6226, 0x6206, 0x6206, 0x6a26, 0x6226, 
	0x6a26, 0x6a46, 0x6a67, 0x7267, 0x7288, 0x7288, 0x7ac8, 0x7ac8, 0x7ac8, 0x82e9, 0x8b2a, 0x8b2a, 0x8329, 0x82e9, 0x7ac8, 0x7aa7, 
	0x7287, 0x6a66, 0x6a46, 0x7287, 0x72a8, 0x6a47, 0x3143, 0x41a5, 0x4a07, 0x1081, 0x08c2, 0x1082, 0x10a2, 0x2103, 0x6b0b, 0x7b4c, 
	0x7b6c, 0x41a5, 0x3964, 0x28e2, 0x49c6, 0x6a88, 0x6287, 0x6288, 0x49e5, 0x3184, 0x1081, 0x10a2, 0x10a1, 0x1081, 0x18a2, 0x20c3, 
	0x2103, 0x3165, 0x2924, 0x2924, 0x3165, 0x39a5, 0x5289, 0xce57, 0xdef9, 0xe6f9, 0xded9, 0xe6f9, 0xe719, 0xe6f9, 0xdef9, 0xd6b8, 
	0xe6f9, 0xdef9, 0xded8, 0xd6b8, 0xe6f9, 0xded9, 0xdef9, 0xd6b8, 0xdef9, 0xdeb8, 0xded9, 0xdef9, 0xe719, 0xe71a, 0xded8, 0xdef9, 
	0xef7c, 0xf79c, 0xe73b, 0xe75b, 0xef9c, 0xe73b, 0xf79d, 0xdefa, 0xef7c, 0xe73b, 0xe73b, 0xef5b, 0xe73a, 0xc5b4, 0xc593, 0xc5b4, 
	0xbd52, 0xbd73, 0xc594, 0xcdd4, 0xcdd5, 0xc5b4, 0xc5b4, 0xcdb4, 0xd5f6, 0xd5f6, 0xde57, 0xd637, 0xd657, 0xd657, 0xd657, 0xd616, 
	0xd616, 0xcdd4, 0xcd93, 0xc530, 0xbccf, 0xb46e, 0xa3ec, 0xa40c, 0xa3ec, 0x9bec, 0xa40c, 0x9bec, 0xa40c, 0xa40c, 0x9bec, 0xa40c, 
	0xa40d, 0xa40d, 0x9bec, 0x9bec, 0x9bec, 0x9bec, 0x9bec, 0x93ab, 0x93ab, 0x938b, 0x93cc, 0x8b8b, 0x8b4a, 0xb512, 0xbd12, 0xbd33, 
	0xbd54, 0xbd54, 0xb4f3, 0xb4d2, 0xb4d2, 0xacb1, 0x9c0f, 0x9c0e, 0x7b0a, 0x7aea, 0x7ac9, 0x7aa8, 0x7288, 0x7288, 0x7267, 0x7287, 
	0x7287, 0x7288, 0x7288, 0x7aa8, 0x7aa8, 0x82e9, 0x82e9, 0x82e9, 0x8b29, 0x938b, 0x938b, 0x936b, 0x936a, 0x8309, 0x82e9, 0x82c8, 
	0x7aa7, 0x7aa7, 0x7287, 0x7aa8, 0x7ae8, 0x7aa8, 0x72a8, 0x6a67, 0x6a67, 0x7b0a, 0x72a8, 0x72a8, 0x6a46, 0x5206, 0x51c5, 0x51a4, 
	0x5a26, 0x5a26, 0x5a26, 0x6247, 0x51c5, 0x49c5, 0x6247, 0x6287, 0x6247, 0x41a5, 0x10c2, 0x18a2, 0x18a2, 0x1081, 0x1081, 0x1882, 
	0x18c2, 0x2904, 0x20e3, 0x2904, 0x3185, 0x4207, 0x39c6, 0xef5b, 0xded8, 0xded9, 0xded9, 0xe719, 0xdef9, 0xd6b8, 0xe719, 0xdef9, 
	0xdef9, 0xded8, 0xded8, 0xdeb8, 0xdef9, 0xdef9, 0xded9, 0xded8, 0xdeb8, 0xde98, 0xdeb8, 0xd6b8, 0xdef9, 0xded8, 0xd6b8, 0xded9, 
	0xf7bd, 0xef7c, 0xe71a, 0xe75b, 0xef7c, 0xf7bd, 0xf7bd, 0xdefa, 0xe71a, 0xef7b, 0xef5b, 0xf7bc, 0xdeb8, 0xc593, 0xc572, 0xbd32, 
	0xc573, 0xc594, 0xcdb4, 0xcdd5, 0xcdf5, 0xc5b4, 0xc593, 0xcdf6, 0xd616, 0xcdf6, 0xcdd5, 0xd637, 0xde77, 0xde98, 0xde78, 0xd637, 
	0xd5f6, 0xcdb4, 0xbd31, 0xbcef, 0xb4ae, 0xac6d, 0xb46e, 0xa42c, 0xa42d, 0xa40c, 0xa40c, 0xa40c, 0xa40c, 0xa40c, 0xa40c, 0xa40c, 
	0x9bec, 0x9bec, 0x9bec, 0x9bec, 0x9bec, 0x93ab, 0x938b, 0x8b8b, 0x8b6a, 0x8b6a, 0x834a, 0x834a, 0xc574, 0xc574, 0xc575, 0xbd34, 
	0xbd54, 0xc575, 0xbd34, 0xbd13, 0xac91, 0x9c0f, 0x93ee, 0x8b8d, 0x8b8c, 0x8b4b, 0x7aea, 0x830a, 0x8b2a, 0x8b2a, 0x82e9, 0x82e9, 
	0x832a, 0x7ae9, 0x936b, 0x938c, 0x8b6b, 0x8b4a, 0x93ac, 0x9bcd, 0xa42e, 0xa44f, 0xa42e, 0xabed, 0xa3ec, 0x8b2a, 0x8309, 0x82e9, 
	0x82c8, 0x82c8, 0x7aa7, 0x7aa7, 0x7ac8, 0x8309, 0x82e8, 0x72a8, 0x7ac8, 0x7ac9, 0x6a67, 0x6a67, 0x6a47, 0x7288, 0x6a67, 0x7288, 
	0x72a8, 0x7ac8, 0x7ac8, 0x72c9, 0x6aa8, 0x6267, 0x6267, 0x6287, 0x6288, 0x5a26, 0x20e3, 0x10a2, 0x1082, 0x18a2, 0x18c2, 0x18a2, 
	0x18a2, 0x2924, 0x2924, 0x20e3, 0x2944, 0x39a5, 0x4a47, 0xce36, 0xe719, 0xd698, 0xdef9, 0xded9, 0xded8, 0xded8, 0xe719, 0xe6f9, 
	0xded8, 0xce77, 0xded9, 0xded9, 0xdeb8, 0xe719, 0xdef9, 0xded8, 0xded8, 0xd6b8, 0xdef9, 0xdef9, 0xded8, 0xd6b8, 0xd6b8, 0xded8, 
	0xf79c, 0xe73b, 0xf79c, 0xdef9, 0xfffe, 0xef7c, 0xe75b, 0xf79c, 0xe75b, 0xe73b, 0xef7b, 0xe71a, 0xc594, 0xc593, 0xc552, 0xc573, 
	0xcdb4, 0xcdd4, 0xcdd4, 0xc593, 0xcdd4, 0xcdf5, 0xcdd5, 0xcdd5, 0xd637, 0xde37, 0xde57, 0xd657, 0xde98, 0xde98, 0xde37, 0xd5d6, 
	0xcdb4, 0xc552, 0xc4f0, 0xb48e, 0xac6d, 0xac2d, 0xa40c, 0xa40c, 0xa40c, 0xa40c, 0xa40c, 0xa40c, 0xa40c, 0xa40c, 0x9bec, 0x9bec, 
	0x9bcc, 0x9bcc, 0x9bec, 0x9bec, 0x9bec, 0x93cc, 0x9bcc, 0x938b, 0x8b4a, 0x832a, 0x9c2d, 0xc594, 0xbd33, 0xc574, 0xc574, 0xc554, 
	0xbd54, 0xbd34, 0xb4f3, 0xac91, 0xac90, 0xac70, 0xa3ef, 0x9bee, 0xa40f, 0xa3ef, 0x9bce, 0x9bcd, 0x938d, 0x9bee, 0x9bcd, 0xac71, 
	0xb4b3, 0x9c30, 0xa471, 0xa450, 0xb4b1, 0xac0f, 0x8b4a, 0x8309, 0x8b2a, 0x8b6a, 0x936b, 0x938b, 0x936a, 0x936b, 0x8b2a, 0x8b2a, 
	0x8b29, 0x8b09, 0x82e8, 0x7ac8, 0x82e9, 0x82e8, 0x82e8, 0x8309, 0x936a, 0x82e9, 0x8309, 0x82e9, 0x82e8, 0x7ae8, 0x82e8, 0x82e9, 
	0x82e9, 0x7ae8, 0x8b29, 0x8329, 0x8309, 0x8329, 0x72c8, 0x6aa8, 0x72e9, 0x6287, 0x5227, 0x18c2, 0x18c2, 0x20e3, 0x2103, 0x20e3, 
	0x20e3, 0x3165, 0x2944, 0x39a6, 0x41c6, 0x4a27, 0xa4f2, 0xd6b8, 0xdef9, 0xe6f9, 0xded8, 0xe719, 0xdef9, 0xe719, 0xe6f9, 0xe6f9, 
	0xded9, 0xd698, 0xdef9, 0xdef9, 0xded9, 0xded9, 0xded9, 0xdeb8, 0xded9, 0xded8, 0xe71a, 0xdeb8, 0xdef9, 0xdef9, 0xdef9, 0xdef9, 
	0xdefa, 0xe73b, 0xe73b, 0xe73b, 0xe73b, 0xdf1a, 0xf7bc, 0xfffd, 0xffde, 0xef7c, 0xe73b, 0xbd93, 0xc593, 0xbd52, 0xc572, 0xcdb4, 
	0xd5d5, 0xc5b4, 0xc5b4, 0xc5b4, 0xcdf5, 0xd615, 0xd615, 0xde37, 0xde37, 0xd637, 0xd637, 0xd637, 0xd637, 0xd616, 0xcdd5, 0xc532, 
	0xc4f0, 0xbccf, 0xb46e, 0xac4d, 0xa42c, 0xa3ec, 0xa40c, 0xa40c, 0xa3ec, 0x9bec, 0xa40c, 0xa3ec, 0xa3ec, 0xa3ec, 0x9bcc, 0x9bec, 
	0x9bec, 0x9bcc, 0x93ab, 0x8bab, 0x93ab, 0x8b8b, 0x836a, 0x7b29, 0x7b09, 0xc593, 0xc5b4, 0xbd53, 0xbd32, 0xbd33, 0xb512, 0xbd13, 
	0xb512, 0xb4d2, 0xac71, 0xac71, 0xac70, 0x93ce, 0xa3ef, 0xac50, 0xa42f, 0xa40f, 0xa3ee, 0x9bae, 0xa3ef, 0xa40f, 0x9bee, 0xacb2, 
	0xac92, 0xb4d2, 0xb4f3, 0xb4b2, 0x9bad, 0x8309, 0x8309, 0x8b29, 0x8309, 0x8b2a, 0x8b2a, 0x8b29, 0x8b09, 0x8b2a, 0x8b2a, 0x8b2a, 
	0x8b2a, 0x8b2a, 0x8b4a, 0x82e9, 0x8b09, 0x82e9, 0x8309, 0x8b4a, 0x936b, 0x8b29, 0x8b2a, 0x8309, 0x82e9, 0x82e9, 0x8309, 0x8b4a, 
	0x8b4a, 0x8b4a, 0x8b4a, 0x8309, 0x8b29, 0x8309, 0x7b09, 0x8329, 0x7ae9, 0x7ae9, 0x7309, 0x20e3, 0x18a2, 0x20e3, 0x20e3, 0x20e3, 
	0x2944, 0x3985, 0x4206, 0xa4f1, 0xb573, 0xd697, 0xc616, 0xce77, 0xe719, 0xef5a, 0xdef9, 0xdef9, 0xdef9, 0xded9, 0xdeb8, 0xdef9, 
	0xded8, 0xe719, 0xded9, 0xdef9, 0xd6b8, 0xded9, 0xded8, 0xded8, 0xd6b8, 0xded8, 0xdef9, 0xded9, 0xdef9, 0xded8, 0xe719, 0xdef9, 
	0xef9c, 0xef5b, 0xe75b, 0xef7c, 0xef7c, 0xf7bd, 0xfffe, 0xef7c, 0xef7c, 0xe73a, 0xbd93, 0xcdb3, 0xbd52, 0xc573, 0xcdb3, 0xc593, 
	0xcdd4, 0xc593, 0xcdd5, 0xcdf5, 0xcdf5, 0xcdf5, 0xcdf5, 0xd636, 0xd636, 0xd637, 0xde37, 0xd616, 0xd637, 0xcdb5, 0xc573, 0xc4f0, 
	0xbccf, 0xb46e, 0xac2c, 0xa40c, 0xa3ec, 0x9beb, 0xa40c, 0xa40c, 0xa40c, 0xa40c, 0xa3ec, 0xa3ec, 0x9bcb, 0x9bcc, 0x9bcc, 0x9bec, 
	0x9bec, 0x93ab, 0x8b8b, 0x836a, 0x834a, 0x7b29, 0x5247, 0x20e3, 0xcdd4, 0xc594, 0xbd53, 0xbd32, 0xb4d1, 0xbd32, 0xbd33, 0xb4f2, 
	0xacb1, 0x9bee, 0xac91, 0xac71, 0xb4b2, 0xac91, 0xb491, 0xac70, 0xac2f, 0xa40f, 0xac2f, 0xa40f, 0x9bce, 0x9bee, 0xa40e, 0xac91, 
	0xacd2, 0xa470, 0x9bee, 0x8b6b, 0x936b, 0x8b4a, 0x8b29, 0x8b4a, 0x8b09, 0x8b09, 0x8b4a, 0x8b29, 0x8b09, 0x82e8, 0x82e8, 0x82e9, 
	0x8b09, 0x8b09, 0x8b29, 0x8b29, 0x8b4a, 0x8b4a, 0x934a, 0x934a, 0x8b4a, 0x936b, 0x936b, 0x936a, 0x8b2a, 0x8b4a, 0x8b29, 0x8b29, 
	0x8b49, 0x936a, 0x936a, 0x936a, 0x938a, 0x8b4a, 0x8b4a, 0x8b6a, 0x8b4a, 0x836a, 0x8b6b, 0x10a2, 0x18c2, 0x20e3, 0x2944, 0x3144, 
	0x3144, 0x4a47, 0xd697, 0xc636, 0xdef9, 0xd698, 0xe6f9, 0xe719, 0xe73a, 0xdef9, 0xdef9, 0xd6b8, 0xef7b, 0xe719, 0xd6b8, 0xdef9, 
	0xded8, 0xded8, 0xded8, 0xd698, 0xded8, 0xded9, 0xd6b8, 0xded9, 0xdef9, 0xdef9, 0xdef9, 0xdef9, 0xd6b8, 0xded8, 0xded8, 0xdeb8, 
	0xef7c, 0xe75b, 0xf7bc, 0xef5b, 0xe73a, 0xef7c, 0xef7b, 0xef5b, 0xef7c, 0xc5d4, 0xcdd4, 0xc573, 0xc572, 0xcd93, 0xcd93, 0xcdb4, 
	0xc593, 0xcdd4, 0xcdd5, 0xcdb4, 0xcdd4, 0xc5b4, 0xcdf5, 0xd615, 0xd616, 0xcdf5, 0xd5f5, 0xcdd5, 0xcdb4, 0xc593, 0xc531, 0xbcd0, 
	0xac6d, 0xa40c, 0xa40c, 0xa42c, 0xa42c, 0xa42c, 0xac4d, 0xac4d, 0xac4d, 0xa40c, 0x9bcb, 0x9bcc, 0x9bcb, 0x9bcc, 0x93ac, 0x93ab, 
	0x8b8b, 0x8b8b, 0x93cc, 0x51e6, 0x3123, 0x1882, 0x20e3, 0x2903, 0xcdb4, 0xc593, 0xbd32, 0xbd32, 0xb512, 0xb4f1, 0xbd12, 0xbd12, 
	0xbd33, 0xbd33, 0xbd33, 0xb4f3, 0xb4d2, 0xb4b2, 0xac70, 0xac0f, 0xa3ef, 0xac2f, 0xa3ee, 0xa40f, 0x9bad, 0x9bac, 0x8b4a, 0x8309, 
	0x7ac8, 0x8b2a, 0x936b, 0x938c, 0x938b, 0x936b, 0x93ac, 0x9bac, 0xa3ed, 0x9bac, 0x938b, 0x936b, 0x9309, 0x8b09, 0x8309, 0x82e9, 
	0x82e9, 0x8b4a, 0x8309, 0x8309, 0x8309, 0x934a, 0x938b, 0x938b, 0x9bac, 0x9b8b, 0x9bab, 0x938b, 0x936b, 0x934a, 0x8b49, 0x936a, 
	0x936a, 0x936a, 0x936a, 0x8b4a, 0x936b, 0x936b, 0x938b, 0x8b6a, 0x8b6a, 0x940c, 0x93ed, 0x1081, 0x20e3, 0x2923, 0x39a5, 0x3164, 
	0x3143, 0xce36, 0xe719, 0xd6b8, 0xded8, 0xdef9, 0xd698, 0xded9, 0xdef9, 0xe71a, 0xdef9, 0xdef9, 0xded8, 0xded9, 0xdeb8, 0xded8, 
	0xded9, 0xded8, 0xdef9, 0xe6f9, 0xdef9, 0xded9, 0xdef9, 0xdef9, 0xdef9, 0xdef9, 0xded8, 0xded9, 0xd6b8, 0xdef9, 0xdef9, 0xded9, 
	0xef9c, 0xef7b, 0xdf1a, 0xef5b, 0xf7bc, 0xef5b, 0xe73b, 0xef9c, 0xc615, 0xcdd4, 0xc593, 0xc573, 0xcd93, 0xc573, 0xcdd4, 0xc5b3, 
	0xcdf4, 0xd615, 0xd5f5, 0xcdf5, 0xd615, 0xde36, 0xd636, 0xd615, 0xd616, 0xd5f5, 0xcdd5, 0xcdd5, 0xc593, 0xc552, 0xbcf0, 0xb48e, 
	0xac6c, 0xa40c, 0xa40c, 0xa40c, 0xa42c, 0xa42c, 0xac2d, 0xa42c, 0xa42c, 0xa3ec, 0x9bcb, 0x9bcb, 0x9bcb, 0x93ab, 0x93ab, 0x8b8b, 
	0x8b6a, 0x93cc, 0x49c5, 0x39a5, 0x41c6, 0x18a2, 0x1882, 0x20c3, 0xc573, 0xc573, 0xbd32, 0xb511, 0xb4f1, 0xbd32, 0xbd12, 0xb4f2, 
	0xb4f2, 0xacb1, 0xb4d2, 0xbd13, 0xac70, 0xac50, 0x9bce, 0xac0f, 0xa3ce, 0xac2f, 0x9bcd, 0x9bad, 0x8b4b, 0x7aa7, 0x7aa7, 0x7287, 
	0x7287, 0x7ac9, 0x8b2a, 0x8b4b, 0x9bac, 0xa40e, 0xa3ed, 0x9bcc, 0x936b, 0x9bed, 0x9b8b, 0x934a, 0x934a, 0x9329, 0x9b6a, 0x936b, 
	0x82e8, 0x7aa8, 0x82e9, 0x82e9, 0x8309, 0x934a, 0x8b2a, 0x9b8b, 0xa3cc, 0xa3ac, 0xabcd, 0xabcd, 0xa3ac, 0xa3ac, 0x9b6b, 0x938b, 
	0x936a, 0x936a, 0x938a, 0x8b49, 0x936b, 0x8b4a, 0x8b4a, 0x93cc, 0x93ab, 0x9c2d, 0x9c6e, 0x18e2, 0x2903, 0x2923, 0x3144, 0x4a07, 
	0xb553, 0xded9, 0xe73a, 0xd698, 0xdef9, 0xded8, 0xded9, 0xdef9, 0xded9, 0xded8, 0xded9, 0xded8, 0xded8, 0xdef9, 0xded9, 0xded9, 
	0xe71a, 0xdef9, 0xdeb8, 0xe719, 0xe719, 0xd6b8, 0xd6b8, 0xdef9, 0xded9, 0xdef9, 0xdeb8, 0xded8, 0xd6b8, 0xd6b8, 0xe73a, 0xdeb8, 
	0xe71a, 0xef7b, 0xe71a, 0xe73a, 0xe73a, 0xef7b, 0xef5b, 0xce36, 0xcdf4, 0xc5b3, 0xcd93, 0xcdb3, 0xd5d4, 0xcdd4, 0xcdd4, 0xcdd4, 
	0xcdd4, 0xcdf5, 0xd5f5, 0xcdd4, 0xcdf5, 0xd616, 0xd615, 0xd616, 0xd5f5, 0xd5d5, 0xcdb4, 0xc593, 0xbd11, 0xbcd0, 0xb48e, 0xac4d, 
	0xa40c, 0xa40c, 0xa40c, 0xa40c, 0xa42c, 0xa40c, 0xa42c, 0xa42c, 0xa40c, 0x9beb, 0x938a, 0x9bcb, 0x93ab, 0x93ab, 0x93ab, 0x8b8b, 
	0x93ec, 0xe73a, 0x3164, 0x49e6, 0x5a89, 0x20e3, 0x18a2, 0x39a6, 0x940d, 0xc593, 0xbd32, 0xb512, 0xb511, 0xacd0, 0xb4f1, 0xb512, 
	0xbcf2, 0xac91, 0xbd12, 0xbcf2, 0xac70, 0xb470, 0xac0f, 0xac0f, 0xac2f, 0x9bcd, 0x9bcd, 0x936b, 0x8309, 0x7aa7, 0x7aa7, 0x6a46, 
	0x7287, 0x9bad, 0x9bcd, 0xa3ed, 0x9bcd, 0x9bcd, 0x936b, 0x8b09, 0x8ae9, 0x932a, 0x934a, 0x932a, 0x8ae9, 0x930a, 0x934a, 0x934a, 
	0x82e9, 0x7ac8, 0x72a7, 0x7aa8, 0x82e8, 0x934a, 0x9bac, 0xa3ac, 0xa3ac, 0xabed, 0xa40d, 0xabed, 0xa3cc, 0x936b, 0x936b, 0x934a, 
	0x936a, 0x936a, 0x934a, 0x8b49, 0x8b2a, 0x936b, 0x9bab, 0x938b, 0x93cc, 0x9c2d, 0x93ec, 0x2103, 0x28e2, 0x3143, 0x3984, 0xbd94, 
	0xd697, 0xdef9, 0xded8, 0xd6b8, 0xe73a, 0xd6b8, 0xdef9, 0xd6b8, 0xded9, 0xd677, 0xded9, 0xd6b8, 0xded8, 0xded8, 0xe719, 0xd698, 
	0xded9, 0xe719, 0xdef9, 0xded8, 0xded8, 0xdef9, 0xded8, 0xdef9, 0xded9, 0xdef9, 0xd698, 0xdef9, 0xe6f9, 0xded9, 0xdef9, 0xdeb8, 
	0xe73b, 0xdf1a, 0xf79c, 0xef7c, 0xef7c, 0xef9c, 0xc615, 0xcdd4, 0xc5b4, 0xc5b3, 0xc5b4, 0xc5b4, 0xc5b3, 0xcdb4, 0xcdf4, 0xcdd4, 
	0xd616, 0xd616, 0xd615, 0xcdf5, 0xd5f5, 0xd5f5, 0xd5f5, 0xd5f5, 0xcdb4, 0xcdb3, 0xc552, 0xbd31, 0xbcf0, 0xb4b0, 0xb48e, 0xac4d, 
	0xa40c, 0xa42c, 0xa42c, 0xa40c, 0xa42c, 0xa42c, 0xa40c, 0xa40c, 0x9beb, 0x9bcb, 0x9bcb, 0x9bcb, 0x93ab, 0x938b, 0x93ab, 0x93cb, 
	0xe73b, 0xf7df, 0x4a27, 0x6aa9, 0x51e7, 0x2924, 0x20e3, 0x39a6, 0x5aa8, 0xbd73, 0xbd32, 0xbd12, 0xb512, 0xb4d1, 0xbd32, 0xbd73, 
	0xb4d2, 0xb4b1, 0xb4b1, 0xac50, 0xb491, 0xa3ef, 0xa3ee, 0xa40f, 0x9bcd, 0x9bac, 0x938b, 0x8b29, 0x82e8, 0x7a87, 0x6a46, 0x6a46, 
	0x938b, 0xa40d, 0x9bcc, 0x8b4a, 0x82e9, 0x7ac8, 0x82c9, 0x82c8, 0x82a8, 0x8b0a, 0x8ae9, 0x7a88, 0x82c8, 0x82c8, 0x8ae9, 0x8b4a, 
	0x934a, 0x934a, 0x7aa8, 0x7267, 0x7aa8, 0x8b2a, 0xa3ac, 0xa3cc, 0xa3ac, 0xac0d, 0xa40d, 0xac0d, 0xa3ed, 0xabed, 0x9bac, 0x9b8b, 
	0x9bac, 0x936b, 0x936a, 0x8b2a, 0x8b4a, 0x936a, 0x9bab, 0x8b6a, 0x93ec, 0x9c2d, 0x6ae9, 0x2923, 0x2923, 0x3984, 0x6a68, 0xd6b8, 
	0xd698, 0xd6b8, 0xe71a, 0xded9, 0xdeb8, 0xded8, 0xded9, 0xdeb8, 0xdeb8, 0xd6b8, 0xd6b8, 0xdef9, 0xe73a, 0xdef9, 0xded9, 0xded9, 
	0xef5b, 0xd6b8, 0xe71a, 0xe719, 0xdef9, 0xe6f9, 0xdef9, 0xdef9, 0xdef9, 0xd6b8, 0xd6b8, 0xded9, 0xdef9, 0xdef9, 0xded9, 0xded8, 
	0xe73b, 0xf7bd, 0xf7bd, 0xf79d, 0xef3b, 0xc5f5, 0xcdd4, 0xcdd4, 0xcdf4, 0xcdd4, 0xcdf4, 0xcdd4, 0xcdd4, 0xc5b3, 0xcdd5, 0xd616, 
	0xd616, 0xd615, 0xcdf5, 0xd5f5, 0xd615, 0xcdf5, 0xcdf5, 0xcdb4, 0xcdb3, 0xbd51, 0xbd11, 0xbd11, 0xbcf0, 0xb4af, 0xb48e, 0xb48e, 
	0xac4d, 0xac4d, 0xa42c, 0xa42c, 0xa42c, 0xa40c, 0xa40c, 0x9beb, 0x9bcb, 0x9bcb, 0x9bcb, 0x9bcb, 0x938b, 0x938b, 0x8b8b, 0xd678, 
	0xfffe, 0xef7c, 0xdf5c, 0x730b, 0x8bee, 0x3144, 0x2964, 0x3164, 0x5a48, 0xc572, 0xbd52, 0xbd31, 0xb511, 0xb4f1, 0xb512, 0xbd32, 
	0xbcf1, 0xb4d1, 0xb470, 0xb491, 0xac30, 0xb471, 0xac50, 0xa3ee, 0x936b, 0x938c, 0x8b4a, 0x8309, 0x82e8, 0x7aa7, 0x6a47, 0x7267, 
	0x9bcc, 0x8b4a, 0x7ac8, 0x7287, 0x41a4, 0x6226, 0x7267, 0x7267, 0x6a47, 0x7aa8, 0x7287, 0x7266, 0x7a87, 0x7287, 0x7267, 0x7aa7, 
	0x8b09, 0x934a, 0x8b4a, 0x6a46, 0x7aa8, 0x82e9, 0x934a, 0xac0d, 0xabed, 0xac0d, 0xa3ed, 0xa40d, 0xa3cc, 0xabed, 0xabcd, 0xabed, 
	0xa3cc, 0x9bab, 0x936b, 0x936b, 0x8b4a, 0x8b4a, 0x936b, 0x93ab, 0x9c0c, 0x9c2d, 0x2923, 0x3144, 0x41a5, 0x61e6, 0xde98, 0xdeb8, 
	0xd6b8, 0xdeb8, 0xded8, 0xded8, 0xd6b8, 0xded8, 0xce77, 0xd698, 0xded8, 0xd6b8, 0xded8, 0xded9, 0xdef9, 0xded9, 0xe719, 0xdef9, 
	0xdef9, 0xe6f9, 0xe73a, 0xdeb8, 0xded8, 0xdef9, 0xe719, 0xded9, 0xdef9, 0xd6b8, 0xdef9, 0xdef9, 0xdef9, 0xdef9, 0xdef9, 0xded9, 
	0xf7bd, 0xe73b, 0xef7c, 0xe73a, 0xc5f5, 0xcdf4, 0xcdd4, 0xcdd4, 0xcdd4, 0xcdf5, 0xcdf4, 0xcdf5, 0xc5b4, 0xc593, 0xcdb4, 0xcdf5, 
	0xc594, 0xcdd4, 0xd615, 0xcdf5, 0xd616, 0xcdd4, 0xcdb4, 0xc593, 0xc572, 0xc551, 0xbd31, 0xbcf0, 0xbcf0, 0xbcd0, 0xbcb0, 0xb4af, 
	0xb48e, 0xac4d, 0xa40c, 0xa42c, 0xa40c, 0xa40c, 0x9bcb, 0x9bcb, 0x9bcb, 0x9bab, 0x9bcb, 0x93ab, 0x93ab, 0x9bab, 0x9c8f, 0xf7fe, 
	0xef7c, 0xe73c, 0xe77d, 0x5228, 0x8c0f, 0x6b0a, 0x5a88, 0x5a68, 0x6268, 0xcdb3, 0xc552, 0xbd52, 0xbd32, 0xb4f1, 0xb511, 0xb4d1, 
	0xb4b1, 0xac90, 0xa40e, 0xac70, 0xac2f, 0xa40e, 0xac2e, 0x9bcd, 0x9bac, 0x8b2a, 0x8b2a, 0x82e9, 0x8b4a, 0x8b2a, 0x7267, 0x6206, 
	0x8b2a, 0x7287, 0x7267, 0x49a4, 0x3902, 0x30c2, 0x4963, 0x6a26, 0x6a46, 0x6a25, 0x6205, 0x6a26, 0x6a67, 0x1861, 0x1020, 0x49c5, 
	0x7aa8, 0x8b09, 0x8b2a, 0x6a46, 0x7aa7, 0x82e9, 0x9329, 0x9b8b, 0xa3ac, 0xabed, 0xabed, 0xabed, 0xa3cc, 0xabcd, 0xa3cc, 0xa3ec, 
	0x9bab, 0x938b, 0x8b6a, 0x8b4a, 0x936b, 0x938b, 0x938b, 0x93cc, 0x9c0d, 0x8bcc, 0x3142, 0x51e6, 0x59c4, 0x9c0d, 0xce34, 0xce55, 
	0xd657, 0xce16, 0xd657, 0xd677, 0xd677, 0xd677, 0xd677, 0xd698, 0xdeb8, 0xdeb8, 0xd698, 0xe6f9, 0xded9, 0xdeb8, 0xd697, 0xded8, 
	0xded9, 0xded8, 0xdef9, 0xdeb8, 0xdef9, 0xd6b8, 0xded8, 0xdef9, 0xe719, 0xdef9, 0xdeb8, 0xdef9, 0xef3a, 0xdef9, 0xded9, 0xded9, 
	0xe75b, 0xef7c, 0xe75a, 0xcdd5, 0xcdd4, 0xcdd4, 0xcdb4, 0xc5b3, 0xcdb4, 0xcdf4, 0xcdd4, 0xcdf4, 0xc5b3, 0xcdd4, 0xcdd4, 0xcdf5, 
	0xcdd4, 0xcdd5, 0xcdf5, 0xcdf5, 0xcdd5, 0xcdd5, 0xc593, 0xc592, 0xc572, 0xbd31, 0xbd31, 0xbd31, 0xbd11, 0xbcf0, 0xbcd0, 0xb48e, 
	0xac6e, 0xac4d, 0xa42c, 0xa40c, 0xa40c, 0xa40c, 0x9bec, 0x9bcb, 0x9bcb, 0x9bcb, 0x93cb, 0x938b, 0x8b8b, 0x8bec, 0xef9d, 0xef7d, 
	0xf7be, 0xe75c, 0xe77c, 0xdf1b, 0x9d33, 0x8bcd, 0xacd1, 0xb4d1, 0xa42f, 0xcdb4, 0xc572, 0xbd52, 0xbd32, 0xbd32, 0xacb0, 0xb4b1, 
	0xac6f, 0xac70, 0xac70, 0xb490, 0xac2f, 0xac2f, 0x9bcd, 0x9bac, 0x938b, 0x8309, 0x8b2a, 0x9bce, 0xa44f, 0x832a, 0x82e9, 0x7ac8, 
	0x6a26, 0x59a4, 0x5163, 0x59a4, 0x61e5, 0x6a47, 0x6a47, 0x6a26, 0x6a25, 0x6a46, 0x6205, 0x6205, 0x6205, 0x5184, 0x5164, 0x6205, 
	0x7a87, 0x7a87, 0x82e8, 0x7266, 0x82c8, 0x8ae8, 0x9309, 0x9309, 0x9329, 0x934a, 0x9b8b, 0x9bac, 0xa3ed, 0xa3cc, 0xa3ac, 0x936b, 
	0x9bab, 0x938b, 0x938b, 0x936b, 0x938b, 0x8b4a, 0x93ab, 0x9bec, 0xa44e, 0x4163, 0x3943, 0x59e5, 0x6a47, 0xc5b2, 0xc5b2, 0xc5b2, 
	0xc592, 0xc592, 0xc5b3, 0xc5b3, 0xc5b2, 0xc5d3, 0xc5f4, 0xce36, 0xd697, 0xd697, 0xd677, 0xded9, 0xd6b8, 0xded9, 0xded8, 0xdef9, 
	0xdef9, 0xdef9, 0xdef9, 0xded8, 0xdef9, 0xd6b8, 0xd6b8, 0xded9, 0xded9, 0xe71a, 0xded8, 0xdef9, 0xdef9, 0xef5a, 0xef3a, 0xded9, 
	0xf79c, 0xe71a, 0xcdd5, 0xc593, 0xcdb4, 0xd5d4, 0xcdd4, 0xcdb4, 0xcdd4, 0xd5f5, 0xcdb3, 0xcdb4, 0xd5f5, 0xcdd4, 0xcdd4, 0xcdd4, 
	0xcdd5, 0xcdb4, 0xc5b4, 0xcdd4, 0xcdb4, 0xc593, 0xc593, 0xbd51, 0xbd31, 0xbd31, 0xbd31, 0xbd31, 0xbd11, 0xbcf0, 0xbccf, 0xb46e, 
	0xac4d, 0xa42c, 0xa42c, 0xa42d, 0xa40c, 0xa3ec, 0x9bab, 0x938a, 0x9bcb, 0x9bab, 0x8b6a, 0x8b6b, 0x8baa, 0xf7bc, 0xe79d, 0xf7de, 
	0xe75c, 0xdf1b, 0xe75c, 0xdf1b, 0xdf1b, 0xdf1b, 0xdf3b, 0xd678, 0x3985, 0xce15, 0xc594, 0xbd52, 0xbd52, 0xb511, 0xb4d0, 0xac90, 
	0xb490, 0xac70, 0xac4f, 0xac6f, 0xa40e, 0xa3ed, 0x9bcd, 0x9bac, 0x938c, 0x9bcd, 0xac50, 0xac91, 0xa42f, 0x8b4a, 0x8b2a, 0x8b2a, 
	0x8309, 0x7ac8, 0x7288, 0x7288, 0x7267, 0x72a8, 0x6a67, 0x6a46, 0x6a46, 0x7287, 0x7267, 0x6a46, 0x6a46, 0x59c4, 0x51a4, 0x5163, 
	0x5162, 0x59a4, 0x6a46, 0x7a87, 0x82c8, 0x8ae8, 0x8ae9, 0x8b09, 0x9309, 0x9309, 0x9309, 0x9309, 0x938b, 0x938b, 0x9bac, 0x936a, 
	0x9bac, 0x936b, 0x936b, 0x938b, 0x938b, 0x8b6a, 0x8b8b, 0x9c0d, 0xa44e, 0x51c4, 0x6225, 0x59c4, 0x7b29, 0xc592, 0xbd91, 0xbd71, 
	0xc592, 0xc5d2, 0xc5b2, 0xc5b2, 0xc5b2, 0xc5b2, 0xc5b2, 0xbdb3, 0xce13, 0xce14, 0xce14, 0xd656, 0xdeb8, 0xdeb8, 0xd6b8, 0xd6b8, 
	0xd6b8, 0xe6f9, 0xf77b, 0xe719, 0xd6b8, 0xded9, 0xd698, 0xdef9, 0xded8, 0xded8, 0xded9, 0xdef9, 0xe71a, 0xe719, 0xe71a, 0xd6b8, 
	0xe75a, 0xc5b4, 0xc5b4, 0xcdd4, 0xcdb4, 0xcdb3, 0xd5d4, 0xd5d4, 0xcdd4, 0xcdb3, 0xcdb3, 0xc593, 0xcdd4, 0xcdd4, 0xcdd4, 0xcdf5, 
	0xd616, 0xd5f5, 0xcdd5, 0xcdd5, 0xc593, 0xc593, 0xc593, 0xc572, 0xbd31, 0xbd11, 0xbd11, 0xbd11, 0xbd11, 0xbcd0, 0xb48f, 0xac2d, 
	0xac2d, 0xa40c, 0xa40c, 0xa3ec, 0x9bcb, 0x9bec, 0x9bcb, 0x938b, 0x938b, 0x8b8b, 0x938b, 0x938b, 0xe719, 0xffff, 0xef7d, 0xef7d, 
	0xef7d, 0xef7c, 0xef7d, 0xe75c, 0xe75c, 0xe73b, 0xdf3b, 0xd71a, 0x2985, 0xbd73, 0xc593, 0xbd52, 0xbd52, 0xb511, 0xbd11, 0xacb0, 
	0xb490, 0xb490, 0xa44e, 0xa40e, 0xac4f, 0x9bac, 0x9bac, 0x9bcd, 0xa40e, 0xa470, 0xb4f2, 0xbd33, 0x938c, 0x936b, 0x936a, 0x8b4a, 
	0x8b4a, 0x8309, 0x8309, 0x82e9, 0x8309, 0x7ac8, 0x7287, 0x7287, 0x7267, 0x6a66, 0x7266, 0x7287, 0x6a66, 0x7287, 0x7287, 0x7287, 
	0x6a66, 0x7287, 0x7ac7, 0x82c8, 0x8ae8, 0x8ae9, 0x8ae9, 0x8b09, 0x9309, 0x8b09, 0x8b09, 0x8b09, 0x8b49, 0x936a, 0x936b, 0x936b, 
	0x936b, 0x938b, 0x936a, 0x938b, 0x9bcc, 0x9bec, 0x93ec, 0x9c2d, 0x7b09, 0x6205, 0x6a46, 0x8b09, 0xc5b2, 0xc5b2, 0xc592, 0xbd91, 
	0xc5b2, 0xc592, 0xc5b2, 0xc5d2, 0xc592, 0xc592, 0xc5b2, 0xc5d2, 0xcdd3, 0xce14, 0xc5d2, 0xc5f3, 0xce14, 0xc5f3, 0xce56, 0xd677, 
	0xdeb8, 0xded9, 0xe73a, 0xdef9, 0xded8, 0xded8, 0xdeb8, 0xded8, 0xded9, 0xded9, 0xdef9, 0xdef9, 0xe71a, 0xe6f9, 0xded8, 0xded9, 
	0xc594, 0xcdd4, 0xc5b4, 0xcdd4, 0xcdb4, 0xd5d4, 0xd5d4, 0xcdb4, 0xcdb3, 0xcd93, 0xc593, 0xcd93, 0xd5d4, 0xcdb4, 0xcd93, 0xcdb4, 
	0xcdd4, 0xcdb4, 0xc593, 0xcdb4, 0xcd93, 0xc593, 0xc593, 0xc572, 0xbd51, 0xbd31, 0xbd31, 0xbd11, 0xbcf0, 0xbcd0, 0xb48e, 0xac6d, 
	0xa42c, 0xa40c, 0xa40c, 0x9bec, 0x9bcb, 0x9bab, 0x9bab, 0x9bcb, 0x936a, 0x8b6a, 0x93ab, 0x940d, 0xffff, 0xf7de, 0xef9d, 0xe75c, 
	0xe75c, 0xe75c, 0xe75c, 0xdf3b, 0xe75c, 0xe77c, 0xe73b, 0xdefa, 0x5b0a, 0x734b, 0xc593, 0xbd11, 0xbd11, 0xbd32, 0xb4d0, 0xacb0, 
	0xb4b0, 0xb490, 0xac2e, 0xa3ed, 0xa3ed, 0x9bcd, 0x9bac, 0xa3ee, 0xac70, 0xac70, 0xb4b1, 0xa44f, 0x8b6a, 0x8b4a, 0x8b6a, 0x8b4a, 
	0x7ae8, 0x834a, 0x8b4a, 0x8b6a, 0x8329, 0x82e8, 0x7287, 0x7287, 0x6a46, 0x7287, 0x7ae8, 0x7ac8, 0x7ac8, 0x7aa8, 0x7aa8, 0x7ac8, 
	0x7aa7, 0x7ac8, 0x7ac8, 0x8308, 0x8b29, 0x9329, 0x8b09, 0x9309, 0x9309, 0x9309, 0x9309, 0x8ae9, 0x8b29, 0x8b2a, 0x8b4a, 0x936a, 
	0x8b4a, 0x8b6a, 0x938b, 0x938b, 0x93cc, 0x9bec, 0x9c2d, 0x9c0d, 0x834a, 0x938b, 0x9c0d, 0xbd50, 0xbd91, 0xc5b1, 0xc5b1, 0xc591, 
	0xbd71, 0xbd71, 0xc5b2, 0xcdd3, 0xc592, 0xc5b2, 0xc5b2, 0xc5d2, 0xc5b2, 0xc5f3, 0xce13, 0xc5f3, 0xc5f3, 0xc5f3, 0xce13, 0xc5f3, 
	0xce14, 0xce14, 0xce56, 0xd677, 0xdeb8, 0xe719, 0xdef9, 0xdef9, 0xdef9, 0xe6f9, 0xe6f9, 0xd698, 0xdef9, 0xdef9, 0xdef9, 0xded9, 
	0xcd93, 0xc573, 0xcdb4, 0xd5d4, 0xd5d4, 0xcdb3, 0xcdb4, 0xcd93, 0xcdb3, 0xc552, 0xd5d4, 0xd5d4, 0xc572, 0xcdb4, 0xcdd4, 0xcdb3, 
	0xcd93, 0xcdb3, 0xcd93, 0xcd93, 0xcd93, 0xc572, 0xc572, 0xc572, 0xc552, 0xbd31, 0xbd11, 0xbcf0, 0xbcb0, 0xb48f, 0xac6e, 0xa42c, 
	0xa40c, 0xa42c, 0x9bec, 0x9bcc, 0x9bcc, 0x9bcb, 0x938a, 0x938a, 0x8b8a, 0x938b, 0x8b8b, 0xef9d, 0xef9d, 0xef9d, 0xefbd, 0xe75c, 
	0xef7d, 0xef9d, 0xf7be, 0xe75c, 0xdf1b, 0xd6ba, 0xdf1b, 0xef7c, 0xd6da, 0x5ac9, 0xc5b4, 0xbd73, 0xbd31, 0xb4f1, 0xb4d0, 0xacaf, 
	0xa42d, 0xa44e, 0x9bcc, 0x9bcd, 0xa3ed, 0x9bac, 0x9bac, 0x93cc, 0xa44f, 0xa44f, 0x9c2f, 0xa44f, 0x8b8b, 0x93ab, 0x93ab, 0x938b, 
	0x8b6a, 0x8b8b, 0x938b, 0x8309, 0x8329, 0x8b2a, 0x7267, 0x6205, 0x7267, 0x6a46, 0x7ae8, 0x82e8, 0x7ac8, 0x7aa8, 0x7ac7, 0x7ae8, 
	0x82e8, 0x7ac8, 0x82e8, 0x8b29, 0x8b29, 0x8b29, 0x9329, 0x9309, 0x9329, 0x8b09, 0x8ae9, 0x9309, 0x8b29, 0x8b29, 0x8b4a, 0x936a, 
	0x8b6a, 0x936a, 0x93ab, 0x93ab, 0x9c0d, 0x93cc, 0x940c, 0x72c8, 0x7ae8, 0x834a, 0xbd71, 0xc5b1, 0xc5b2, 0xc5b1, 0xbd91, 0xbd91, 
	0xc5b2, 0xbd91, 0xbd91, 0xc5b2, 0xc592, 0xc5b2, 0xc5b2, 0xc5b2, 0xcdd3, 0xcdd3, 0xc5b2, 0xcdf3, 0xc5d3, 0xc5d2, 0xce13, 0xc5d3, 
	0xce34, 0xcdd3, 0xcdf3, 0xcdf3, 0xce14, 0xce56, 0xd6b7, 0xded8, 0xded9, 0xded9, 0xdef9, 0xdef9, 0xe73a, 0xded8, 0xdef9, 0xdeb9, 
	0xcdb4, 0xd5d4, 0xd5d4, 0xcdd4, 0xc593, 0xcd93, 0xc593, 0xcdb3, 0xcd93, 0xcdb4, 0xd5d4, 0xcdd4, 0xcdd4, 0xd5f4, 0xd5d4, 0xd5f4, 
	0xcdb3, 0xc593, 0xc573, 0xc552, 0xcd93, 0xc593, 0xc572, 0xbd51, 0xbd51, 0xc551, 0xbcf0, 0xbcf0, 0xb48f, 0xac6e, 0xac6d, 0xa42c, 
	0x9bcb, 0x93aa, 0x9bcb, 0x9bab, 0x938b, 0x936a, 0x8b6a, 0x8b6a, 0x8b6a, 0x8b6a, 0xe6d8, 0xf7be, 0xe75c, 0xef9d, 0xd6da, 0xef9d, 
	0xdefa, 0xe75c, 0xe75c, 0xf7bd, 0xdefa, 0xdf1b, 0xdf3b, 0xd6da, 0xe77c, 0x6b6c, 0xbd93, 0xbd73, 0xbd11, 0xb4d0, 0xb4cf, 0xacaf, 
	0xa42d, 0xa40d, 0xa40d, 0x938b, 0x9bcd, 0x938c, 0x9bed, 0x9bed, 0x9bed, 0x9c0e, 0x9c2e, 0x9c0d, 0x8309, 0x8b4a, 0x938b, 0x8b4a, 
	0x72a8, 0x59c5, 0x5185, 0x59a6, 0x61e6, 0x59c6, 0x59c6, 0x6a47, 0x6a47, 0x6a26, 0x6205, 0x61e5, 0x61e5, 0x7267, 0x8309, 0x8308, 
	0x8329, 0x8b49, 0x8309, 0x8329, 0x8309, 0x8b29, 0x8308, 0x8b29, 0x8b29, 0x8b29, 0x8b08, 0x8b29, 0x8308, 0x8b2a, 0x8b4a, 0x8b6a, 
	0x938b, 0x936b, 0x938b, 0x93ab, 0x9bcc, 0x93cc, 0x93ec, 0xb510, 0xbd50, 0xbd50, 0xbd91, 0xbd91, 0xbd91, 0xbd71, 0xc591, 0xbd91, 
	0xbd91, 0xc592, 0xc592, 0xc5b2, 0xc5b2, 0xc592, 0xc592, 0xc5b2, 0xc5b2, 0xc5b2, 0xc5b2, 0xcdf3, 0xc5b2, 0xcdd3, 0xce14, 0xc5d3, 
	0xc5f3, 0xcdd3, 0xcdf3, 0xcdf3, 0xcdf3, 0xcdf3, 0xcdf3, 0xcdf3, 0xce35, 0xde97, 0xdeb8, 0xded9, 0xded8, 0xded9, 0xdef9, 0xe6f9, 
	0xc593, 0xd5f4, 0xcdd4, 0xd5f5, 0xd5f5, 0xc593, 0xc552, 0xcd93, 0xd5d4, 0xd615, 0xcdb4, 0xd5d4, 0xd5f4, 0xd5d4, 0xcdb3, 0xc593, 
	0xcdb2, 0xc593, 0xc573, 0xc572, 0xc552, 0xcd93, 0xc572, 0xc552, 0xbd31, 0xc531, 0xbcd0, 0xbccf, 0xb48e, 0xb46e, 0xac4c, 0xa42b, 
	0xa40b, 0xa40c, 0x9bcb, 0x9bcb, 0x938a, 0x93ab, 0x8b49, 0x938a, 0x8b6b, 0x940c, 0xd6da, 0xef9d, 0xef9d, 0xe75c, 0xe75c, 0xef9d, 
	0xf7be, 0xe73b, 0xdf3b, 0xe73b, 0xdf1b, 0xe75c, 0xd6da, 0xd6da, 0xdefb, 0xceda, 0xbd53, 0xbd73, 0xb4f0, 0xbd11, 0xacaf, 0xac8e, 
	0xa44e, 0xac4e, 0x9bec, 0x9bcc, 0x93ab, 0x93ac, 0x93ac, 0x9bcd, 0x9bcc, 0x832a, 0x830a, 0x7b09, 0x6a67, 0x6a47, 0x59c5, 0x51a5, 
	0x51a5, 0x5185, 0x5185, 0x59c6, 0x61e7, 0x6207, 0x61e7, 0x61c6, 0x61e6, 0x6206, 0x61e6, 0x6206, 0x6206, 0x61e6, 0x59c5, 0x61e5, 
	0x6a46, 0x8329, 0x8329, 0x8308, 0x82e8, 0x8b49, 0x8308, 0x82e8, 0x82e8, 0x8309, 0x8329, 0x8309, 0x8329, 0x8b2a, 0x8b2a, 0x8b4a, 
	0x8b4a, 0x936b, 0x8b6a, 0x93ab, 0x93ab, 0x93ec, 0x9c2d, 0xbd70, 0xbd50, 0xbd71, 0xbd71, 0xbd91, 0xc591, 0xbd91, 0xbd91, 0xbd91, 
	0xbd71, 0xc5b2, 0xc5b2, 0xc592, 0xc5b2, 0xc5d2, 0xc5b2, 0xc592, 0xc592, 0xcdf3, 0xc5b2, 0xbd71, 0xc5b2, 0xce13, 0xcdd3, 0xc5b2, 
	0xcdd3, 0xcdd3, 0xc5b2, 0xcdf3, 0xcdf3, 0xcdd3, 0xcdd3, 0xcdf3, 0xc5b2, 0xcdd3, 0xce14, 0xce55, 0xd697, 0xdeb8, 0xe6d9, 0xe6f9, 
	0xd5d4, 0xd5f5, 0xd615, 0xcdd4, 0xcdb4, 0xc573, 0xcd93, 0xcdb4, 0xd5d4, 0xcdb4, 0xd5d4, 0xcdb3, 0xcdb4, 0xd5f5, 0xcdd4, 0xc593, 
	0xcdb2, 0xc572, 0xbd51, 0xc572, 0xc573, 0xc552, 0xc552, 0xbd51, 0xc531, 0xbcd0, 0xbcaf, 0xb48f, 0xb44e, 0xac2d, 0xac2c, 0x9bca, 
	0x9bca, 0x9bcb, 0x93ab, 0x936a, 0x936a, 0x938a, 0x8b8a, 0x8b6a, 0x834a, 0xf7dd, 0xef9d, 0xef7d, 0xe77c, 0xe75c, 0xdefb, 0xe73c, 
	0xe75c, 0xe75c, 0xd6da, 0xd6da, 0xd6da, 0xdf3b, 0xdf1b, 0xdf3b, 0xd6da, 0xdefb, 0xce78, 0xbd52, 0xb4f1, 0xacd0, 0xacaf, 0xac8f, 
	0xa44d, 0xa44e, 0xa42d, 0x9c0d, 0x93cc, 0x93ab, 0x9bcc, 0x8b4a, 0x832a, 0x59c5, 0x4963, 0x28a1, 0x28a2, 0x51a6, 0x61e6, 0x59a6, 
	0x6a48, 0x5185, 0x59c6, 0x6207, 0x6207, 0x6207, 0x6207, 0x6a07, 0x6207, 0x61e6, 0x61e6, 0x6a27, 0x6207, 0x61c6, 0x61c6, 0x61e6, 
	0x5164, 0x5185, 0x7287, 0x82e8, 0x7ac8, 0x7ac8, 0x82e9, 0x7ac8, 0x82e8, 0x7ae8, 0x8b49, 0x82e8, 0x8309, 0x8309, 0x8309, 0x8b2a, 
	0x936b, 0x936a, 0x93ab, 0x8b8b, 0x93cc, 0x9c0d, 0xb50f, 0xbd70, 0xbd91, 0xbd50, 0xbd71, 0xc591, 0xbd71, 0xbd71, 0xbd71, 0xc591, 
	0xbd71, 0xc591, 0xbd71, 0xc592, 0xc5b2, 0xc5b2, 0xc592, 0xc592, 0xc592, 0xc5b2, 0xc5d2, 0xc5b2, 0xc5b2, 0xc5b2, 0xcdf3, 0xc5b2, 
	0xcdd3, 0xcdd3, 0xce13, 0xcdf3, 0xcdf4, 0xce14, 0xcdf3, 0xcdf3, 0xc5b2, 0xce13, 0xcdf4, 0xcdf4, 0xce14, 0xce14, 0xd676, 0xd698, 
	0xd5f5, 0xcdb4, 0xc573, 0xcdb3, 0xd5d5, 0xd5f5, 0xd616, 0xd5d5, 0xd5d5, 0xd5d4, 0xd5f5, 0xc593, 0xc593, 0xcdd4, 0xcdd4, 0xcdb3, 
	0xcdb3, 0xcdb3, 0xcd93, 0xc592, 0xc592, 0xc572, 0xc572, 0xc551, 0xbd31, 0xbcf0, 0xb48e, 0xb48e, 0xb44e, 0xa40c, 0x9bca, 0x938a, 
	0x9baa, 0x9bcb, 0x938a, 0x938a, 0x938a, 0x938a, 0x8b49, 0x8b49, 0xb552, 0xef7d, 0xe75c, 0xe77c, 0xe73c, 0xe73c, 0xdf3b, 0xf7be, 
	0xe73b, 0xdf1b, 0xd6da, 0xdf1b, 0xefbd, 0xd6fa, 0xdf1b, 0xc658, 0xdf1b, 0xce99, 0xce78, 0xb512, 0xb4f1, 0xacb0, 0xacb0, 0xa48e, 
	0xa44e, 0x9c2d, 0x9c0d, 0x93cc, 0x93ab, 0x93ab, 0x8b6a, 0x7ae9, 0x7287, 0x6226, 0x6a89, 0x7b0a, 0x72ca, 0x6269, 0x7268, 0x59a5, 
	0x5165, 0x4924, 0x59a6, 0x5985, 0x61e6, 0x5185, 0x5985, 0x59a5, 0x5985, 0x59a6, 0x61c6, 0x59a6, 0x59a6, 0x61c6, 0x61e7, 0x59c6, 
	0x59c6, 0x6207, 0x4144, 0x4984, 0x59e6, 0x5a06, 0x6a46, 0x7287, 0x7ac8, 0x82e9, 0x82e8, 0x82e8, 0x7ac8, 0x8309, 0x8329, 0x8309, 
	0x8b29, 0x936b, 0x936b, 0x938b, 0x9bec, 0x9c4d, 0xbd71, 0xbd71, 0xc591, 0xbd71, 0xbd91, 0xbd70, 0xbd70, 0xb550, 0xbd91, 0xbd91, 
	0xbd91, 0xbd71, 0xbd71, 0xc591, 0xc591, 0xc592, 0xc5b2, 0xc5b2, 0xc592, 0xcdd3, 0xc5b2, 0xc592, 0xc5b2, 0xcdd3, 0xcdd3, 0xcdd3, 
	0xcdd3, 0xc5b2, 0xcdf3, 0xcdf3, 0xcdd3, 0xcdf3, 0xcdf3, 0xcdf3, 0xcdf3, 0xcdf4, 0xcdf4, 0xd614, 0xce14, 0xd614, 0xce14, 0xd655, 
	0xcdb4, 0xcdb3, 0xd5f4, 0xd5f5, 0xd5d5, 0xd5d5, 0xd5f5, 0xd5f5, 0xcdb4, 0xcdd4, 0xcdb4, 0xcdb3, 0xcd93, 0xcd93, 0xcdb4, 0xcdb3, 
	0xcdb3, 0xcdb3, 0xcd93, 0xc572, 0xc572, 0xc552, 0xc511, 0xbcf0, 0xbcd0, 0xbccf, 0xbcaf, 0xac6e, 0xac2c, 0xa3ec, 0xa3eb, 0xa3ec, 
	0x9bcb, 0x9bcb, 0x938a, 0x936a, 0x936a, 0x936a, 0x8b6a, 0x7b09, 0xef7c, 0xef9d, 0xe75c, 0xef7c, 0xe77c, 0xe75c, 0xef7d, 0xe75c, 
	0xef9d, 0xe73c, 0xdf1b, 0xdefb, 0xdefb, 0xd6fa, 0xce99, 0xd6da, 0xdefa, 0xd6da, 0xe73b, 0xb5b4, 0xb4f0, 0xac8f, 0xacd0, 0xa46e, 
	0xa44d, 0x9c0c, 0x9bec, 0x93ab, 0x938b, 0x8b6a, 0x8b6a, 0x8b4a, 0x832a, 0x7b29, 0x8b8b, 0x93cc, 0xa42d, 0x9c0e, 0x6a48, 0x7248, 
	0x8b2c, 0x82ca, 0x932c, 0x8aeb, 0x828a, 0x7208, 0x69e7, 0x69c6, 0x69c6, 0x5944, 0x5985, 0x61a6, 0x61c6, 0x69e7, 0x69e6, 0x5965, 
	0x59a5, 0x59a5, 0x4985, 0x4123, 0x28a2, 0x30e2, 0x4963, 0x59c5, 0x7267, 0x7aa7, 0x7ac8, 0x7ac8, 0x82e9, 0x82e9, 0x8309, 0x8b29, 
	0x8b4a, 0x8b4a, 0x936b, 0x8b8b, 0x9bcc, 0xb50f, 0xbd50, 0xbd50, 0xb530, 0xbd50, 0xbd50, 0xbd50, 0xbd71, 0xbd50, 0xb550, 0xbd70, 
	0xbd71, 0xc591, 0xc591, 0xbd91, 0xcdf3, 0xc5b2, 0xc5b2, 0xc5b2, 0xc592, 0xc5b2, 0xc592, 0xc5d2, 0xc5b2, 0xcdd3, 0xc5d2, 0xc5d2, 
	0xc5d2, 0xd614, 0xcdd3, 0xcdf3, 0xcdd3, 0xcdf3, 0xcdf3, 0xcdf3, 0xcdf3, 0xce14, 0xce14, 0xce14, 0xcdf4, 0xd634, 0xcdf4, 0xd614, 
	0xcdb4, 0xcd93, 0xd5f5, 0xd5f5, 0xd5d5, 0xd5f5, 0xd615, 0xd5f5, 0xd5d5, 0xd5f5, 0xd5f5, 0xd5f4, 0xd5f5, 0xcdd4, 0xcd93, 0xc593, 
	0xcdb3, 0xcd93, 0xc572, 0xc552, 0xc552, 0xc511, 0xc4f0, 0xbcf0, 0xb4af, 0xb48e, 0xb46e, 0xac2d, 0xa40c, 0xa3ec, 0xa3eb, 0x9bcb, 
	0x9bab, 0x938a, 0x938a, 0x8b6a, 0x936a, 0x8b49, 0x8b6a, 0xdef9, 0xfffe, 0xf7de, 0xef7d, 0xdefb, 0xdf1b, 0xdf1b, 0xef7d, 0xdf3b, 
	0xceb9, 0xd6fa, 0xdf1b, 0xd6da, 0xd6fa, 0xceb9, 0xd6ba, 0xd6da, 0xceb9, 0xd6da, 0xe73b, 0xbdf7, 0xad11, 0x9c4e, 0xa44e, 0x9c4d, 
	0x9c2d, 0x9c0d, 0x9c0c, 0x8bab, 0x938b, 0x8b4a, 0x8b6a, 0x8b4a, 0x8b8b, 0x93ab, 0x9bcc, 0x9bed, 0xa40e, 0x9bed, 0x8b2b, 0x7288, 
	0x7289, 0x7a89, 0x7a69, 0x8aaa, 0x8aaa, 0x8acb, 0x8acb, 0x8aca, 0x7a68, 0x7227, 0x82a9, 0x8aca, 0x8aea, 0x8289, 0x8289, 0x82a9, 
	0x8289, 0x7268, 0x61e6, 0x59e6, 0x6226, 0x6205, 0x6205, 0x61e4, 0x6a26, 0x7267, 0x7287, 0x82e9, 0x8309, 0x8309, 0x82e9, 0x8309, 
	0x8b29, 0x8b4a, 0x8b8b, 0x8bab, 0xacef, 0xb52f, 0xb52f, 0xbd4f, 0xbd4f, 0xbd4f, 0xbd4f, 0xb54f, 0xb530, 0xbd50, 0xb550, 0xc591, 
	0xc5b1, 0xbd50, 0xc591, 0xbd71, 0xc591, 0xc592, 0xc5b2, 0xc592, 0xc592, 0xc5b2, 0xc5b2, 0xc5b2, 0xcdf3, 0xd614, 0xcdf3, 0xcdf3, 
	0xcdf3, 0xcdd3, 0xc5d2, 0xc5b2, 0xc5d2, 0xcdf3, 0xc5b2, 0xcdf3, 0xcdf3, 0xcdf4, 0xcdf4, 0xd635, 0xcdf4, 0xd614, 0xd614, 0xd634, 
	0xcdd4, 0xd615, 0xd5d4, 0xd615, 0xd5d4, 0xcdd4, 0xd5d4, 0xd5d4, 0xcdd4, 0xbd52, 0xcdb4, 0xd5d4, 0xd5d4, 0xcdb4, 0xcdd4, 0xcdd4, 
	0xc593, 0xcd93, 0xcd93, 0xc552, 0xbcf1, 0xc4f1, 0xbcaf, 0xbcaf, 0xb48f, 0xb46e, 0xac2d, 0xac0c, 0xabec, 0x9bab, 0xa3ec, 0x9bcb, 
	0x93ab, 0x936a, 0x9bab, 0x938a, 0x8b6a, 0x8b49, 0x8369, 0xefbd, 0xf7de, 0xe75c, 0xef9d, 0xf7de, 0xe77c, 0xe73c, 0xe75c, 0xe75c, 
	0xd6da, 0xe73b, 0xd6da, 0xe75c, 0xdf1b, 0xd6da, 0xce99, 0xd6b9, 0xce99, 0xe73b, 0xe73c, 0xce99, 0xd699, 0x9c2e, 0x9c2e, 0x940d, 
	0x93cb, 0x93ec, 0x93ec, 0x93cb, 0x8b6a, 0x8b6a, 0x8b6a, 0x8b4a, 0x8b6a, 0x93ab, 0x9bcc, 0x9bcc, 0x9bec, 0x9bec, 0x938b, 0x832a, 
	0x7ac9, 0x7288, 0x6a27, 0x61e6, 0x61e6, 0x6206, 0x61e6, 0x6a27, 0x7207, 0x7227, 0x7227, 0x7227, 0x7207, 0x7207, 0x6a07, 0x69e6, 
	0x6206, 0x7267, 0x82e9, 0x7ac8, 0x7ac8, 0x7287, 0x7287, 0x6205, 0x6a46, 0x7266, 0x7aa8, 0x7ac8, 0x7ae8, 0x8309, 0x8309, 0x82e9, 
	0x8329, 0x8b4a, 0x8329, 0x9c4c, 0xb4ee, 0xb50e, 0xb50f, 0xbd4f, 0xb52f, 0xbd70, 0xbd70, 0xbd4f, 0xbd71, 0xbd50, 0xb550, 0xb550, 
	0xc591, 0xb550, 0xb530, 0xc591, 0xbd91, 0xc592, 0xc5b2, 0xc5b2, 0xc5b2, 0xc592, 0xc592, 0xc592, 0xc5b2, 0xc5b2, 0xcdf3, 0xcdd3, 
	0xcdd3, 0xd614, 0xcdd3, 0xcdd3, 0xcdf3, 0xcdf3, 0xcdf3, 0xcdf3, 0xcdf3, 0xcdf4, 0xce14, 0xd614, 0xcdf4, 0xce14, 0xd614, 0xd614, 
	0xcdb4, 0xd5d4, 0xcdb4, 0xd5d4, 0xd5d4, 0xd5f4, 0xd5d4, 0xcdd4, 0xcdb4, 0xd5f4, 0xcdd4, 0xcdd4, 0xcdb3, 0xd5d4, 0xcdb3, 0xd5f4, 
	0xcdb4, 0xcd93, 0xcd92, 0xc531, 0xc531, 0xbcd0, 0xb48e, 0xbcaf, 0xb48f, 0xb46e, 0xac2d, 0xa3ec, 0xa3cb, 0xa3cb, 0x93aa, 0x9bab, 
	0x8b6a, 0x938a, 0x936a, 0x938a, 0x8b6a, 0x8329, 0xe6f9, 0xdf3b, 0xef7d, 0xe73b, 0xe77c, 0xe75c, 0xf7bd, 0xf7de, 0xe75c, 0xef7c, 
	0xdf3b, 0xce99, 0xd6da, 0xdf1b, 0xd6b9, 0xd6fa, 0xce99, 0xd6ba, 0xceb9, 0xc638, 0xdf1b, 0x8c70, 0x6b6d, 0x7bcd, 0x940e, 0x93cd, 
	0x8bcc, 0x93cc, 0x93cc, 0x8bab, 0x8b8b, 0x93ab, 0x93ab, 0x93ab, 0x8b8b, 0x8329, 0x834a, 0x93ab, 0x93cc, 0x9bec, 0x93cc, 0x832a, 
	0x7288, 0x6a47, 0x6a47, 0x6a26, 0x6a47, 0x6a26, 0x59e6, 0x59c5, 0x59e6, 0x59e6, 0x61e6, 0x61e6, 0x61e6, 0x61e6, 0x6a47, 0x7267, 
	0x7287, 0x7287, 0x7aa7, 0x7ac8, 0x7aa8, 0x7aa8, 0x72a7, 0x7287, 0x6a46, 0x7287, 0x7aa7, 0x7aa7, 0x7ac8, 0x82e8, 0x7ae9, 0x7ae8, 
	0x8329, 0x836a, 0x93ec, 0xb50f, 0xacee, 0xb50f, 0xb50e, 0xbd50, 0xbd50, 0xb52f, 0xb50e, 0xbd4f, 0xc590, 0xbd50, 0xbd50, 0xbd70, 
	0xc591, 0xbd50, 0xbd71, 0xbd71, 0xbd71, 0xbd91, 0xc5d2, 0xc592, 0xc592, 0xc5b2, 0xc592, 0xc5b2, 0xc592, 0xcdd3, 0xc592, 0xcdd3, 
	0xcdd3, 0xcdf3, 0xcdf3, 0xd614, 0xc5d2, 0xce13, 0xcdf3, 0xc5d2, 0xcdd3, 0xcdf4, 0xce14, 0xcdf4, 0xd634, 0xd655, 0xcdf4, 0xce14, 
	0xcdd4, 0xd5d4, 0xd5f4, 0xd615, 0xcdb4, 0xc573, 0xc573, 0xc593, 0xcdd4, 0xcdd4, 0xcdd4, 0xcdd4, 0xcdb4, 0xd5d4, 0xcdb3, 0xc573, 
	0xcdb3, 0xcdb3, 0xc552, 0xc531, 0xc511, 0xbccf, 0xbcaf, 0xb48e, 0xb46e, 0xac4d, 0xa40d, 0xa3ec, 0x9bcb, 0x9bab, 0x9bcb, 0x93aa, 
	0x9bcb, 0x938b, 0x936a, 0x8b4a, 0x8b4a, 0x7b29, 0xef9d, 0xe77c, 0xef9d, 0xe73c, 0xf7be, 0xe75c, 0xdf1b, 0xdefb, 0xe73c, 0xdf3b, 
	0xd6fa, 0xd6fa, 0xd6da, 0xe75c, 0xd6ba, 0xdefb, 0xd6da, 0xd6da, 0xdefa, 0xce99, 0xbdf7, 0xdf1b, 0x31c7, 0x3185, 0xa4b0, 0x8bcd, 
	0x8bcc, 0x8bac, 0x93cc, 0x836a, 0x93cb, 0x93cc, 0x93ab, 0x93ab, 0x9bec, 0x834a, 0x8b4a, 0x938b, 0x8b4a, 0x8b6a, 0x8b6a, 0x832a, 
	0x8309, 0x7267, 0x6a46, 0x6a46, 0x61e5, 0x61e5, 0x59e5, 0x59e5, 0x6206, 0x59a5, 0x59c5, 0x61e6, 0x61e6, 0x6206, 0x6205, 0x6a46, 
	0x7266, 0x7266, 0x7287, 0x7aa7, 0x7287, 0x7287, 0x7287, 0x7266, 0x7287, 0x7287, 0x7287, 0x7aa7, 0x7aa8, 0x7ae8, 0x7b09, 0x7b09, 
	0x8b6a, 0x8beb, 0xaccf, 0xacee, 0xaccd, 0xbd70, 0xb52f, 0xbd70, 0xbd2f, 0xbd4f, 0xbd4f, 0xbd2f, 0xc570, 0xb52f, 0xb54f, 0xbd70, 
	0xbd70, 0xbd71, 0xb550, 0xc591, 0xc5b2, 0xbd71, 0xc5b2, 0xc5b2, 0xc592, 0xc5d2, 0xc5b2, 0xc591, 0xc5b2, 0xc5b2, 0xc5d2, 0xcdf3, 
	0xc5b2, 0xcdd3, 0xcdf3, 0xcdd3, 0xcdf3, 0xcdf3, 0xcdd3, 0xc5b2, 0xcdf3, 0xcdf3, 0xcdf3, 0xd614, 0xd614, 0xcdf3, 0xd614, 0xd614, 
	0xd5d4, 0xd5f5, 0xd615, 0xcdb4, 0xcd93, 0xd5f4, 0xd5d4, 0xd5d4, 0xc573, 0xcdb4, 0xcd93, 0xcdd4, 0xc573, 0xd5d4, 0xcdb3, 0xc593, 
	0xc593, 0xc552, 0xc531, 0xbd11, 0xbcd0, 0xbccf, 0xb4af, 0xb48e, 0xac2d, 0xac2d, 0xa3ec, 0x9bcb, 0x9bcb, 0x9bab, 0x9bcb, 0x9bcb, 
	0x93aa, 0x938a, 0x8b49, 0x8b29, 0x8b29, 0xd719, 0xe75c, 0xdf1b, 0xe75c, 0xef9d, 0xe75c, 0xe75c, 0xef9d, 0xef9d, 0xef9d, 0xd6ba, 
	0xe73c, 0xdf1b, 0xdf1b, 0xdf3b, 0xd6da, 0xce99, 0xdefb, 0xd6ba, 0xdf1b, 0xd6ba, 0xd6ba, 0xbe37, 0x4a68, 0x2144, 0xbd73, 0xa490, 
	0x8bcd, 0x8bac, 0x8bac, 0x838b, 0x8bac, 0x93ec, 0x93cc, 0x9bec, 0xa40d, 0x9bec, 0x9bec, 0x93cc, 0x938b, 0x8b8b, 0x8b4a, 0x834a, 
	0x8329, 0x8309, 0x7287, 0x7287, 0x7266, 0x7267, 0x6a46, 0x61e5, 0x6225, 0x6a45, 0x6205, 0x6206, 0x6205, 0x6a26, 0x6a46, 0x7267, 
	0x7266, 0x7267, 0x7267, 0x7267, 0x7287, 0x7267, 0x7267, 0x7287, 0x7267, 0x7287, 0x7287, 0x72a7, 0x6a66, 0x72c8, 0x7ae8, 0x8329, 
	0x6aa7, 0x942c, 0xb50f, 0xb4ee, 0xaccd, 0xb50e, 0xb52f, 0xb52f, 0xbd4f, 0xb52f, 0xbd4f, 0xb50f, 0xbd4f, 0xbd2f, 0xbd70, 0xc590, 
	0xbd71, 0xbd91, 0xbd71, 0xbd71, 0xc591, 0xbd50, 0xc591, 0xc5b2, 0xc5b1, 0xc5b2, 0xcdf3, 0xc5b2, 0xbd91, 0xc5b2, 0xc5b2, 0xc5b2, 
	0xbd71, 0xcdf3, 0xc5d2, 0xc5d2, 0xcdf3, 0xcdf3, 0xcdf3, 0xcdf3, 0xce13, 0xcdd3, 0xcdf3, 0xcdf3, 0xd614, 0xd614, 0xd614, 0xd614, 
	0xd5d4, 0xd5f4, 0xd5d4, 0xc593, 0xcd93, 0xd5d4, 0xcdb4, 0xcdb4, 0xd5d4, 0xcdb4, 0xc573, 0xcdb3, 0xcdb4, 0xcdd4, 0xcd93, 0xcd93, 
	0xc592, 0xc552, 0xbd11, 0xbcf0, 0xbccf, 0xb48f, 0xb48e, 0xb46e, 0xac2d, 0xa3ec, 0xa3ec, 0x9bcb, 0x9bcb, 0x9bab, 0x93aa, 0x93aa, 
	0x9bab, 0x938a, 0x8349, 0x8329, 0x8329, 0xffde, 0xef9d, 0xe75c, 0xe75c, 0xdf1b, 0xe77c, 0xf7be, 0xdefa, 0xe75c, 0xdf1b, 0xe75c, 
	0xdefb, 0xdefb, 0xd6da, 0xdf1b, 0xdefa, 0xdf1b, 0xd6da, 0xdf1b, 0xe73c, 0xdf1b, 0xd6da, 0xc658, 0x3185, 0x4a48, 0xbdb3, 0xacd1, 
	0x940e, 0x8bad, 0x8b8c, 0x836b, 0x838b, 0x8bac, 0x9c0d, 0xa42d, 0xa40d, 0xa42d, 0xa44e, 0x9bcc, 0x9bec, 0x9c0d, 0x8b4a, 0xa42d, 
	0x9bed, 0x9bed, 0x938b, 0x7ac8, 0x7ac8, 0x7ac8, 0x7287, 0x7aa7, 0x7287, 0x7287, 0x7287, 0x6a66, 0x7287, 0x7287, 0x7266, 0x7267, 
	0x7287, 0x7287, 0x7287, 0x7267, 0x7267, 0x7287, 0x7267, 0x7287, 0x7287, 0x72a7, 0x72a7, 0x72a7, 0x72c7, 0x72e8, 0x72e8, 0x836a, 
	0x18a0, 0x838a, 0xb50f, 0xaccd, 0xb4ee, 0xb50e, 0xb50f, 0xb52f, 0xb50f, 0xb50e, 0xbd4f, 0xbd2f, 0xbd4f, 0xbd70, 0xbd50, 0xb50e, 
	0xbd90, 0xbd70, 0xbd70, 0xbd90, 0xc590, 0xc5b1, 0xbd90, 0xc591, 0xc5b2, 0xc5b2, 0xc591, 0xc5b2, 0xc5b2, 0xc5d2, 0xcdf3, 0xcdd3, 
	0xc5b2, 0xd634, 0xc5d2, 0xcdf3, 0xcdf3, 0xcdf3, 0xce13, 0xcdf3, 0xcdf3, 0xd614, 0xcdd3, 0xcdf3, 0xcdf3, 0xd614, 0xcdf3, 0xce14, 
	0xcdd4, 0xcdd4, 0xcdb4, 0xcdb4, 0xd5f5, 0xd5f5, 0xd615, 0xcd93, 0xcd93, 0xcdb4, 0xcdd4, 0xd5f4, 0xd5f4, 0xcdb4, 0xc552, 0xc552, 
	0xc552, 0xbd31, 0xbcd0, 0xbccf, 0xbccf, 0xb48e, 0xa40d, 0xac4d, 0xa40c, 0xa3ec, 0xa40c, 0xa3cb, 0x9bcb, 0x9bab, 0x9beb, 0x93ab, 
	0x93ab, 0x8b6a, 0x8b6a, 0x8b49, 0xceb7, 0xefbd, 0xe75c, 0xe77c, 0xd6ba, 0xdefb, 0xd6da, 0xf7be, 0xe73c, 0xf7de, 0xd6da, 0xd6da, 
	0xe73c, 0xd6ba, 0xdefb, 0xdf1b, 0xdf1b, 0xce99, 0xdf1b, 0xdefb, 0xdefa, 0xe75c, 0xce79, 0xdf1b, 0x7bef, 0x39e7, 0xcdd4, 0xbd12, 
	0xacd0, 0x940e, 0x838c, 0x836b, 0x7b2a, 0x836b, 0x8bab, 0x93cc, 0xa42d, 0xa42d, 0xac6e, 0xac6e, 0xac6e, 0xa40d, 0xac6e, 0xac4e, 
	0xa42e, 0xac4e, 0x9c0d, 0x8309, 0x7287, 0x7aa8, 0x7287, 0x72a7, 0x7287, 0x7287, 0x7287, 0x7aa8, 0x7ac8, 0x7ac8, 0x7ac8, 0x7aa8, 
	0x7ac8, 0x7aa8, 0x7287, 0x7287, 0x7267, 0x72a7, 0x7ae8, 0x7aa7, 0x7aa8, 0x72a7, 0x72a7, 0x72c8, 0x7b08, 0x7308, 0x7b29, 0x838a, 
	0x18a1, 0x83ab, 0x8bca, 0xaccd, 0xb52f, 0xacee, 0xb52f, 0xacee, 0xb52f, 0xbd4f, 0xb52f, 0xbd4f, 0xb52f, 0xbd4f, 0xbd70, 0xb52f, 
	0xbd90, 0xbd70, 0xb54f, 0xbd70, 0xbd90, 0xbd70, 0xb54f, 0xc5b1, 0xc5b1, 0xc5d2, 0xc5b2, 0xc5d2, 0xc5d2, 0xc5d2, 0xc5b2, 0xc591, 
	0xc5d2, 0xc5b2, 0xc5d2, 0xc5b2, 0xd614, 0xcdd3, 0xcdd3, 0xcdf3, 0xcdd3, 0xd614, 0xcdf3, 0xcdf3, 0xce13, 0xce13, 0xd614, 0xce14, 
	0xd5f4, 0xd5d4, 0xcdb4, 0xd5f5, 0xcdb4, 0xcdd4, 0xcdd4, 0xd5f5, 0xcdb4, 0xcdb4, 0xd5d4, 0xcdd4, 0xcdb4, 0xcdb3, 0xcd93, 0xbd11, 
	0xc531, 0xc511, 0xbcf0, 0xbcd0, 0xbcaf, 0xb48e, 0xac4d, 0xac2c, 0xa40c, 0xa40c, 0x9bcb, 0x9bab, 0x9bab, 0x9bcb, 0x9bab, 0x9bab, 
	0x938a, 0x8b6a, 0x8b6a, 0x7b29, 0xf7de, 0xf7be, 0xdf1b, 0xdefb, 0xdf3b, 0xdefb, 0xe73c, 0xe73c, 0xef7c, 0xce99, 0xdf3b, 0xdefa, 
	0xdf1b, 0xdefb, 0xce79, 0xdf1b, 0xe73c, 0xf7be, 0xd6da, 0xe73c, 0xd6da, 0xd6ba, 0xdefb, 0xdf1b, 0x6b6d, 0xa533, 0xc593, 0xbd32, 
	0xacb0, 0xa46f, 0x93cd, 0x7b6b, 0x7b2a, 0x732a, 0x72e9, 0x836b, 0x93ec, 0x9c0d, 0x9c0d, 0xa40d, 0xac4e, 0x93cc, 0xa42d, 0xac6e, 
	0xa40d, 0xa40d, 0x9bec, 0x936b, 0x7ac8, 0x7aa7, 0x7287, 0x7aa7, 0x7aa7, 0x7aa8, 0x7aa7, 0x7aa8, 0x7aa8, 0x7ac8, 0x8309, 0x8309, 
	0x82e8, 0x7ac8, 0x7ac8, 0x7ac8, 0x82e8, 0x82e8, 0x7aa8, 0x72a7, 0x72c8, 0x72a7, 0x6aa7, 0x6aa7, 0x72c8, 0x7b09, 0x834a, 0xad0f, 
	0xacce, 0xacad, 0xb50e, 0xb50e, 0xb50e, 0xb50e, 0xb52f, 0xb50e, 0xb52f, 0xbd4f, 0xc570, 0xb52f, 0xb50f, 0xbd70, 0xb52f, 0xb52f, 
	0xbd70, 0xbd70, 0xbd90, 0xb54f, 0xc590, 0xbd90, 0xbd90, 0xc5b1, 0xc590, 0xc5d1, 0xc591, 0xcdf2, 0xc5b1, 0xc591, 0xc5b2, 0xc5b2, 
	0xc5d2, 0xcdf3, 0xcdf3, 0xce13, 0xcdf3, 0xcdd3, 0xcdd3, 0xcdf3, 0xcdf3, 0xd634, 0xcdf3, 0xcdf3, 0xcdf3, 0xcdf3, 0xcdf3, 0xd634, 
	0xcdb4, 0xcdb3, 0xcdd4, 0xcdb4, 0xcdd4, 0xcdb4, 0xcdd4, 0xd5d4, 0xd5f5, 0xd5d4, 0xd5f4, 0xcdb3, 0xcdd4, 0xcd92, 0xcd92, 0xc572, 
	0xc531, 0xbcf0, 0xc510, 0xbcf0, 0xbccf, 0xb48e, 0xa40c, 0xa40c, 0xa3eb, 0x9bcb, 0xa3cc, 0x9bcb, 0x9bab, 0x9bab, 0x9bab, 0x936a, 
	0x938a, 0x8b49, 0x8329, 0xdeb9, 0xf7de, 0xe75c, 0xdf1b, 0xe73c, 0xef7c, 0xdf1b, 0xdefb, 0xdf1b, 0xe75c, 0xdf1b, 0xdf1b, 0xf7bd, 
	0xe75c, 0xdefb, 0xd6da, 0xd6b9, 0xdf1b, 0xdf3b, 0xd6b9, 0xce99, 0xd6da, 0xd6fa, 0xdefb, 0xdf1b, 0xdefb, 0xd6ba, 0xbd52, 0xbd52, 
	0xb511, 0xb4f1, 0xa46f, 0x93cd, 0x730a, 0x72e9, 0x72e9, 0x72e9, 0x72e9, 0x7b4a, 0x8b8b, 0x8b8b, 0x8b8b, 0xa42d, 0x93cc, 0x9bec, 
	0x93ab, 0x93ab, 0x93ab, 0x8b8b, 0x8b2a, 0x7ac8, 0x72a7, 0x7aa8, 0x7aa8, 0x7287, 0x7287, 0x72a7, 0x7aa7, 0x7ac8, 0x82e8, 0x82e9, 
	0x7aa8, 0x7ae8, 0x82e8, 0x7ac8, 0x7aa8, 0x72a7, 0x7287, 0x6a87, 0x6266, 0x6a86, 0x6a86, 0x6266, 0x72e8, 0x7b08, 0x834a, 0xad0f, 
	0xaccd, 0xb50f, 0xa48c, 0xaccd, 0xb4ee, 0xbd50, 0xbd4f, 0xbd4f, 0xb52f, 0xb52f, 0xbd4f, 0xb52f, 0xbd4f, 0xb50e, 0xb50f, 0xbd50, 
	0xbd2f, 0xbd50, 0xb54f, 0xb54f, 0xbd90, 0xbd70, 0xc590, 0xbd90, 0xbd90, 0xc5d1, 0xbd90, 0xc591, 0xc5d2, 0xc5b2, 0xc5b2, 0xcdd2, 
	0xcdd2, 0xc5d2, 0xcdf3, 0xcdd2, 0xc5b2, 0xce13, 0xcdf3, 0xcdf3, 0xcdf3, 0xcdf3, 0xcdf3, 0xcdd3, 0xcdf3, 0xd614, 0xd634, 0xd614, 
	0xd5d4, 0xcdb4, 0xd5f4, 0xd5f5, 0xd5d4, 0xd5d4, 0xcdb4, 0xd5d4, 0xd5d4, 0xcdd4, 0xcdb4, 0xc593, 0xcdb3, 0xcd92, 0xc572, 0xbd31, 
	0xbcf0, 0xbcf0, 0xbccf, 0xb4af, 0xb48e, 0xb48e, 0xa42c, 0xac2c, 0xa3eb, 0x9bcb, 0xa3ec, 0x9bcb, 0x9bcb, 0x9bcb, 0x93ab, 0x936a, 
	0x8b4a, 0x8b6a, 0x7b4a, 0xef7c, 0xf7be, 0xdf1b, 0xe75c, 0xefbd, 0xd6da, 0xef7d, 0xdf3b, 0xdf1b, 0xd6fa, 0xe75c, 0xce99, 0xd6fa, 
	0xdefb, 0xdefb, 0xd6ba, 0xdefa, 0xd6fa, 0xd6da, 0xdefb, 0xd6da, 0xdefb, 0xe73c, 0xdf1b, 0xceb9, 0xd6da, 0xd6da, 0xbd32, 0xc573, 
	0xb511, 0xb4d1, 0xac90, 0x9c4e, 0x8bac, 0x72e9, 0x6288, 0x6288, 0x6288, 0x6aa9, 0x72e9, 0x7b09, 0x72e9, 0x7b09, 0x7b2a, 0x8b8b, 
	0x832a, 0x72c8, 0x7ae8, 0x7b09, 0x7ac8, 0x7aa8, 0x72a7, 0x7aa7, 0x7287, 0x7287, 0x7267, 0x7aa8, 0x7287, 0x7287, 0x7287, 0x72a7, 
	0x72a7, 0x7aa8, 0x7aa7, 0x7287, 0x72a7, 0x6246, 0x6266, 0x5a05, 0x6246, 0x6245, 0x6266, 0x6aa7, 0x72e8, 0x7ae8, 0x8b6a, 0xad0e, 
	0xaccd, 0xacee, 0xacee, 0xb50e, 0xacee, 0xbd4f, 0xb50f, 0xb50e, 0xb50f, 0xb4ee, 0xb50f, 0xb52f, 0xb52f, 0xb50e, 0xbd70, 0xbd2f, 
	0xbd4f, 0xbd2f, 0xbd70, 0xb52f, 0xbd70, 0xbd90, 0xbd70, 0xbd90, 0xbd90, 0xc5b1, 0xc5b1, 0xc590, 0xbd70, 0xc5b1, 0xc5b1, 0xc5d2, 
	0xcdd2, 0xc5d2, 0xcdd2, 0xc591, 0xcdd2, 0xcdd3, 0xcdf3, 0xcdd3, 0xcdf3, 0xcdd3, 0xd614, 0xcdf3, 0xcdf3, 0xcdf3, 0xcdf3, 0xcdf3, 
	0xcdb4, 0xd5d4, 0xd5d4, 0xd5d4, 0xd5d4, 0xcdd4, 0xd5f5, 0xcdd5, 0xd5f5, 0xd5f4, 0xcd93, 0xcdd4, 0xcdb3, 0xcd72, 0xc531, 0xc511, 
	0xc4f0, 0xbccf, 0xb4af, 0xbcaf, 0xb46d, 0xac2d, 0xac2c, 0xa40b, 0xa3eb, 0xa3eb, 0xa3eb, 0x9bcb, 0x9bcb, 0x9bab, 0x938a, 0x8b49, 
	0x8b49, 0x8349, 0xded8, 0xe75c, 0xf7be, 0xdf3b, 0xe75c, 0xef9d, 0xef7d, 0xdf1b, 0xd6fa, 0xd6fa, 0xe73b, 0xdf3b, 0xdf1b, 0xdf3b, 
	0xdf1b, 0xdefb, 0xdefb, 0xd6da, 0xce79, 0xe73b, 0xd6fa, 0xdf1b, 0xd6ba, 0xd6fa, 0xd6da, 0xd6fa, 0xce99, 0xce99, 0xbd92, 0xc593, 
	0xbd52, 0xbd12, 0xacb0, 0xb4d1, 0x9c4e, 0x93ed, 0x7b4b, 0x6a88, 0x5a47, 0x5a26, 0x5a06, 0x6247, 0x6267, 0x6a88, 0x6287, 0x6287, 
	0x6aa8, 0x6a67, 0x6267, 0x6246, 0x6246, 0x6a47, 0x6a47, 0x6a46, 0x6246, 0x6a46, 0x6225, 0x6a66, 0x6225, 0x6246, 0x6a66, 0x6a66, 
	0x6a46, 0x6a66, 0x6246, 0x5a25, 0x5a04, 0x6245, 0x5a25, 0x5a25, 0x5a25, 0x6a66, 0x6a66, 0x7ac8, 0x7ae8, 0x7b09, 0x8b6a, 0xa4ad, 
	0xa4ad, 0xacae, 0xacee, 0xacee, 0xacee, 0xb50e, 0xb50e, 0xb52f, 0xb4ee, 0xbd2f, 0xb52f, 0xb52f, 0xbd2f, 0xbd4f, 0xb50f, 0xbd4f, 
	0xb50e, 0xbd4f, 0xbd4f, 0xbd70, 0xbd4f, 0xbd90, 0xc5b1, 0xbd90, 0xbd70, 0xbd90, 0xc5b1, 0xc5b1, 0xc590, 0xc5b1, 0xc5d2, 0xc5d2, 
	0xcdd2, 0xcdd2, 0xcdd2, 0xcdd2, 0xc5d2, 0xcdd3, 0xcdf3, 0xcdd3, 0xcdf3, 0xcdf3, 0xcdf3, 0xcdf3, 0xcdd3, 0xd614, 0xce13, 0xcdf3, 
	0xd5f4, 0xd5d4, 0xd5f5, 0xcdb4, 0xd5f5, 0xd5d4, 0xd5f5, 0xd5f5, 0xd5f5, 0xcdb4, 0xcd93, 0xcdb3, 0xcd73, 0xbcf0, 0xbcf0, 0xbcaf, 
	0xb46e, 0xbcaf, 0xb46e, 0xac4d, 0xac2d, 0xac4c, 0xa3eb, 0xa40b, 0x9bcb, 0x9bcb, 0x9bcb, 0x9bcb, 0x93aa, 0x938a, 0x8b6a, 0x8b49, 
	0x8b4a, 0x838c, 0xffff, 0xffff, 0xdf1b, 0xe77c, 0xe77c, 0xdf3b, 0xdf3b, 0xdf1b, 0xce99, 0xdefb, 0xd6da, 0xdf1b, 0xdf1b, 0xe75c, 
	0xd6da, 0xd6ba, 0xce99, 0xd6b9, 0xc658, 0xdefb, 0xdf1b, 0xe73b, 0xce9a, 0xa554, 0x94d2, 0xb617, 0x6b8f, 0x7b8e, 0xbd52, 0xc594, 
	0xbd53, 0xc553, 0xb512, 0xb4f1, 0xac90, 0x9c2e, 0x8bcd, 0x834b, 0x6ac9, 0x6267, 0x5a26, 0x5205, 0x51e5, 0x51e5, 0x51e5, 0x5205, 
	0x51e5, 0x51e5, 0x51e5, 0x5a06, 0x5205, 0x5a06, 0x5206, 0x5205, 0x5a06, 0x51c5, 0x59e5, 0x5a05, 0x5a05, 0x5a05, 0x5a05, 0x5a05, 
	0x59e5, 0x5a05, 0x51c4, 0x51e4, 0x51c4, 0x51c3, 0x51e4, 0x59e4, 0x6225, 0x6a66, 0x72a7, 0x72a7, 0x82e9, 0x8309, 0x8b4a, 0xa4cd, 
	0xa48c, 0xb4ee, 0xb4ee, 0xaccd, 0xacee, 0xa48d, 0xacee, 0xacce, 0xb50e, 0xacee, 0xb50e, 0xb52f, 0xb52f, 0xb52f, 0xb52f, 0xbd70, 
	0xbd50, 0xbd4f, 0xbd50, 0xbd4f, 0xbd70, 0xbd70, 0xbd90, 0xc5b1, 0xc5b1, 0xc5d1, 0xc5b1, 0xc5b1, 0xc5b1, 0xc590, 0xc5b1, 0xc5d1, 
	0xc5b2, 0xc5b2, 0xbd91, 0xc5b1, 0xcdd2, 0xcdd2, 0xce13, 0xc5b2, 0xcdf3, 0xcdd3, 0xcdd3, 0xcdf3, 0xcdf3, 0xcdd3, 0xcdd3, 0xce13, 
	0xd5d4, 0xd5d4, 0xcdb4, 0xd5f5, 0xd5f5, 0xd5f5, 0xcdb3, 0xd5f4, 0xcdb3, 0xc572, 0xc531, 0xc531, 0xbcf0, 0xbccf, 0xbcf0, 0xbccf, 
	0xbccf, 0xb48e, 0xb48e, 0xac4c, 0xa40b, 0xa40b, 0xa40b, 0xa3eb, 0x9bcb, 0x9bcb, 0x9bcb, 0x9bcb, 0x9bab, 0x936a, 0x8b4a, 0x8b29, 
	0x8308, 0xef5a, 0xdf3b, 0xef7d, 0xef7d, 0xe75c, 0xe73b, 0xef7c, 0xf7bd, 0xdefb, 0xce99, 0xdefb, 0xe75c, 0xd6da, 0xdf1b, 0xdefb, 
	0xd6ba, 0xd6da, 0xe77c, 0xdf1b, 0xc679, 0xd6fb, 0x7c11, 0x6bd1, 0x7c53, 0x3a4b, 0x5b4f, 0x6b90, 0x8cb5, 0x7bf0, 0xcd94, 0xc573, 
	0xc573, 0xc573, 0xb4f1, 0xbd32, 0xb4f1, 0xa490, 0x9c2e, 0x93ed, 0x8bac, 0x7b2a, 0x7b2a, 0x6a88, 0x5206, 0x51e5, 0x49c4, 0x49a4, 
	0x49c4, 0x49a4, 0x49c5, 0x49a4, 0x49c4, 0x49a4, 0x49c5, 0x51e5, 0x49c5, 0x49c4, 0x49c4, 0x49a4, 0x49a4, 0x49a4, 0x51c4, 0x51c4, 
	0x49a4, 0x4983, 0x4983, 0x49a3, 0x49a3, 0x5a04, 0x6225, 0x6246, 0x6a46, 0x7287, 0x7ac8, 0x82e8, 0x82e8, 0x8b2a, 0x8309, 0xacee, 
	0xaccd, 0xa48d, 0xaccd, 0xaccd, 0xacce, 0xaccd, 0xaccd, 0xb50e, 0xb52f, 0xb52f, 0xbd4f, 0xb50e, 0xb50e, 0xacee, 0xb50e, 0xb50f, 
	0xbd4f, 0xbd50, 0xbd70, 0xbd4f, 0xbd50, 0xc5d1, 0xbd90, 0xbd90, 0xc5b1, 0xc590, 0xbd90, 0xc590, 0xc5b1, 0xc5b1, 0xbd90, 0xc5b1, 
	0xcdd2, 0xcdf2, 0xc5d2, 0xcdd2, 0xcdf2, 0xd633, 0xc5b2, 0xcdd3, 0xcdd3, 0xcdf3, 0xcdf3, 0xcdf3, 0xcdf3, 0xcdf3, 0xd634, 0xd614, 
	0xcdb4, 0xcdd4, 0xcdb4, 0xd5f5, 0xcd93, 0xcdb3, 0xcdb3, 0xc593, 0xbd31, 0xbd31, 0xb4d0, 0xc511, 0xc511, 0xbd10, 0xc510, 0xbccf, 
	0xb4ae, 0xb4ae, 0xac6c, 0xac4c, 0xa40b, 0x9bca, 0xa3eb, 0x9bca, 0x9baa, 0x9bcb, 0x9beb, 0x9bab, 0x938a, 0x8b49, 0x8b4a, 0x7ae8, 
	0x8bac, 0xdefb, 0xd6da, 0xe75c, 0xdf3b, 0xdf3b, 0xd6da, 0xe75c, 0xdf1b, 0xdf1b, 0xe73b, 0xdf1b, 0xe73b, 0xce99, 0xe75c, 0xdf3b, 
	0x8cb5, 0x4a8c, 0x8cf5, 0x84b4, 0x7412, 0x73f2, 0x6bb1, 0x52ee, 0x4aac, 0x6bd1, 0x6bd1, 0x94f6, 0x8473, 0xb512, 0xc593, 0xc573, 
	0xc553, 0xb512, 0xc593, 0xc573, 0xb511, 0xb4f1, 0xacb0, 0xa44f, 0x9c0e, 0x8bac, 0x836b, 0x7b2a, 0x7b0a, 0x6ac9, 0x51e5, 0x49c5, 
	0x51e5, 0x49a4, 0x49a4, 0x4984, 0x4163, 0x49a4, 0x49a4, 0x49a4, 0x4183, 0x4184, 0x49a4, 0x4183, 0x49a4, 0x4984, 0x49a4, 0x49a4, 
	0x51c4, 0x51a4, 0x51c3, 0x59e4, 0x6205, 0x6a45, 0x6a46, 0x7286, 0x7aa7, 0x7aa7, 0x7aa7, 0x8308, 0x8308, 0x8329, 0x8309, 0xa4ad, 
	0xacad, 0xaccd, 0xacee, 0xa4ad, 0xaccd, 0xaccd, 0xaccd, 0xb4ee, 0xb52f, 0xaccd, 0xa4ad, 0xb50e, 0xb50e, 0xb52f, 0xb52f, 0xbd2f, 
	0xc590, 0xb50f, 0xb52f, 0xbd4f, 0xc5b1, 0xbd70, 0xbd90, 0xbd70, 0xbd90, 0xc590, 0xc5b1, 0xc5b1, 0xc590, 0xcdf2, 0xc5b1, 0xc5d1, 
	0xc5b2, 0xcdd2, 0xc5b2, 0xc5b2, 0xcdf3, 0xcdf3, 0xcdf3, 0xcdf3, 0xcdf3, 0xcdd2, 0xcdf2, 0xcdf3, 0xcdf3, 0xd654, 0xd614, 0xd614, 
	0xd5f4, 0xcdb4, 0xd5f5, 0xcd93, 0xcdd4, 0xc572, 0xc551, 0xc552, 0xbd31, 0xcd93, 0xcd72, 0xbd11, 0xbd10, 0xbcf0, 0xbcf0, 0xbccf, 
	0xb4ae, 0xb4ae, 0xac4c, 0xa3eb, 0xa3eb, 0xa3eb, 0xa3eb, 0xa3eb, 0x936a, 0x9bab, 0x9bab, 0x938a, 0x936a, 0x8b49, 0x8b2a, 0x7b08, 
	0xf7dd, 0xe75c, 0xe75c, 0xf7fe, 0xe73b, 0xe75c, 0x8cb3, 0x8473, 0x7c11, 0x73f1, 0x8452, 0x73b0, 0x94f5, 0x73d0, 0x4aac, 0x8494, 
	0x5b6f, 0x8cd5, 0x8cd5, 0x7c32, 0x73f2, 0x6390, 0x424b, 0x4aad, 0x634f, 0x6bb1, 0x8474, 0x9516, 0x52ab, 0xc593, 0xc594, 0xc573, 
	0xc573, 0xbd53, 0xbd52, 0xc573, 0xbd53, 0xc573, 0xacd0, 0xa46f, 0xa44e, 0x9c0d, 0x93cc, 0x8bac, 0x836b, 0x7b0a, 0x72e9, 0x6a87, 
	0x5a05, 0x51e5, 0x5a05, 0x51c4, 0x51e5, 0x51a4, 0x49a4, 0x49a3, 0x49a3, 0x51a4, 0x49a3, 0x49a3, 0x51c4, 0x51c4, 0x51c4, 0x59e4, 
	0x59e4, 0x59c4, 0x6205, 0x6a46, 0x7266, 0x6a66, 0x72a7, 0x7aa7, 0x7ac7, 0x7ac7, 0x8308, 0x8308, 0x8308, 0x8308, 0x8329, 0x8329, 
	0x9c8d, 0xa4ad, 0xaccd, 0xa4ad, 0xaccd, 0xacad, 0xacee, 0xacad, 0xb4ee, 0xb50e, 0xacad, 0xb50e, 0xb52f, 0xb52f, 0xbd70, 0xbd4f, 
	0xb52f, 0xbd4f, 0xbd70, 0xbd4f, 0xb52f, 0xbd90, 0xb52f, 0xbd70, 0xbd4f, 0xbd90, 0xbd90, 0xcdd1, 0xc5b1, 0xc5b1, 0xc5b1, 0xc5b1, 
	0xc5b1, 0xcdf2, 0xc5b1, 0xcdf2, 0xcdf2, 0xc5d2, 0xcdd2, 0xcdf2, 0xc5b2, 0xcdf2, 0xcdf3, 0xcdf3, 0xce13, 0xcdf3, 0xce13, 0xcdf3, 
	0xd5f5, 0xd5f5, 0xcdb4, 0xc572, 0xc572, 0xc572, 0xc572, 0xcdb3, 0xc572, 0xc551, 0xbd31, 0xc531, 0xc531, 0xbcf0, 0xbcaf, 0xb4ae, 
	0xb48e, 0xac2c, 0xac2c, 0xa3eb, 0xa3eb, 0x9bca, 0x9bca, 0xa3ec, 0x9bab, 0x9bcb, 0x9baa, 0x938a, 0x936a, 0x8b29, 0x8309, 0x7b6b, 
	0x8492, 0x8cb4, 0x8c94, 0x8453, 0x7c12, 0x9515, 0x7c32, 0x94f5, 0x8cb4, 0x73f1, 0x5b2e, 0x7c33, 0x7c33, 0x6bd1, 0x8cd5, 0x5b4f, 
	0x7412, 0x8cd5, 0x7412, 0x5b2f, 0x5b4f, 0x7412, 0x6350, 0x424b, 0x6391, 0x6bd2, 0x8cd6, 0x8494, 0x2103, 0xbd93, 0xc593, 0xc593, 
	0xbd32, 0xbd52, 0xc573, 0xbd52, 0xbd32, 0xb512, 0xb511, 0xbd11, 0xb4f1, 0x9c0d, 0x9c0d, 0x93cc, 0x93cc, 0x836b, 0x834b, 0x7b2a, 
	0x72c8, 0x72a8, 0x6246, 0x6225, 0x6205, 0x5a05, 0x5a25, 0x51c4, 0x59e4, 0x5a05, 0x5a05, 0x5a05, 0x59e4, 0x59e4, 0x59e4, 0x6205, 
	0x6a25, 0x6a46, 0x6a45, 0x6a66, 0x7266, 0x72a7, 0x7aa7, 0x7ac7, 0x82e8, 0x82e8, 0x7ae8, 0x8308, 0x8308, 0x8308, 0x8308, 0x8329, 
	0x7ae8, 0x8309, 0x3963, 0x18a0, 0x3164, 0x62e9, 0xacee, 0xaccd, 0xa4ad, 0xacee, 0xaccd, 0xacee, 0xacee, 0xb50e, 0xb50e, 0xb52f, 
	0xbd4f, 0xb52f, 0xbd70, 0xb50e, 0xbd70, 0xbd70, 0xb52f, 0xbd70, 0xbd90, 0xc5d1, 0xbd70, 0xbd90, 0xcdf2, 0xc5b1, 0xc5d1, 0xc5d1, 
	0xc5b1, 0xc5b1, 0xc5b1, 0xbd90, 0xc5b1, 0xcdd2, 0xcdf2, 0xcdf3, 0xc5b2, 0xcdd2, 0xcdd2, 0xcdf3, 0xd614, 0xc5d2, 0xcdf3, 0xd614, 
	0xd5d4, 0xd5f5, 0xcd93, 0xc573, 0xcdb3, 0xd5f4, 0xc572, 0xcd93, 0xcd92, 0xcd92, 0xc572, 0xbcf0, 0xc4f0, 0xbccf, 0xb48e, 0xb48e, 
	0xac4d, 0xac2c, 0xa3eb, 0xa3eb, 0x9bca, 0x9bca, 0x9bcb, 0x9bcb, 0x9bcb, 0x93aa, 0x8b69, 0x938a, 0x8b6a, 0x8329, 0x7b29, 0x8cd4, 
	0x6bb0, 0x634f, 0x5b2f, 0x6bb0, 0x7c12, 0x73b1, 0x73d1, 0x8473, 0x7c32, 0x6bb0, 0x530e, 0x5b2e, 0x6390, 0x6bf1, 0x7c73, 0x73f2, 
	0x7c53, 0x8cd5, 0x7412, 0x7412, 0x7c12, 0x52ee, 0x52ee, 0x424b, 0x7c33, 0x8494, 0x84b5, 0x7c32, 0x3184, 0xc573, 0xc593, 0xcdb4, 
	0xc573, 0xbd53, 0xb511, 0xbd32, 0xbd32, 0xb512, 0xb4f1, 0xb4f0, 0xa48f, 0xac8f, 0xac8f, 0x9c0d, 0x93cc, 0x8bab, 0x8b6b, 0x832a, 
	0x7b09, 0x7ae9, 0x72a8, 0x6a66, 0x6205, 0x6246, 0x6205, 0x61e5, 0x61e5, 0x6205, 0x6205, 0x6a25, 0x6a25, 0x6204, 0x6225, 0x6a45, 
	0x6a66, 0x6a66, 0x72a7, 0x72a7, 0x7286, 0x72a6, 0x7ac7, 0x7ae7, 0x7ae7, 0x82e8, 0x7ae8, 0x82e8, 0x82e8, 0x8308, 0x7ac8, 0x8308, 
	0x8308, 0x82e8, 0x8308, 0x7ae7, 0x5205, 0x4a06, 0x52a9, 0x6b29, 0x9c6d, 0x9c8e, 0x942d, 0xa4cd, 0xaced, 0xb52f, 0xb52f, 0xb52f, 
	0xb50e, 0xb50e, 0xbd2f, 0xbd2f, 0xbd70, 0xbd70, 0xb52f, 0xbd70, 0xc590, 0xbd90, 0xbd70, 0xbd90, 0xc590, 0xc590, 0xc5b1, 0xc5b1, 
	0xc590, 0xc590, 0xc5d1, 0xc5d1, 0xc5d1, 0xcdd1, 0xcdd2, 0xcdf3, 0xcdf2, 0xcdf3, 0xcdf3, 0xcdf3, 0xcdd3, 0xcdf3, 0xd614, 0xd614, 
	0xd5f5, 0xcdb4, 0xcd93, 0xcdb3, 0xd5d4, 0xcdb3, 0xcd93, 0xcd93, 0xcd72, 0xc551, 0xc510, 0xc510, 0xbccf, 0xb4ae, 0xb46e, 0xac4d, 
	0xac2d, 0xac0c, 0xa3cb, 0xa3eb, 0x9bca, 0x9bca, 0x9bcb, 0x9bab, 0x9baa, 0x938a, 0x8b69, 0x8b4a, 0x8b29, 0x8309, 0x7b4b, 0x8c94, 
	0x6b90, 0x6b70, 0x634f, 0x634f, 0x6370, 0x634f, 0x634f, 0x7412, 0x636f, 0x5b4f, 0x6bb0, 0x6390, 0x6390, 0x73f1, 0x6370, 0x7c33, 
	0x8cd5, 0x8cb5, 0x73f1, 0x52ee, 0x424b, 0x424a, 0x3a09, 0x31c8, 0x6bb1, 0x7c53, 0x7c53, 0x7c53, 0x3165, 0xc573, 0xc5b4, 0xc594, 
	0xc573, 0xbd32, 0xbd32, 0xbd32, 0xbd53, 0xb512, 0xbd32, 0xb512, 0xa48f, 0xacaf, 0xac8e, 0x9c2d, 0x9c0c, 0x93ec, 0x93ab, 0x8b8b, 
	0x8b4a, 0x8329, 0x7ae8, 0x7ac8, 0x72a8, 0x6a66, 0x7266, 0x6a46, 0x6a25, 0x6a46, 0x6a46, 0x7266, 0x6a66, 0x7266, 0x7286, 0x6a66, 
	0x6a46, 0x7266, 0x7287, 0x7aa7, 0x72a6, 0x7ae7, 0x7ac7, 0x82e8, 0x7ae7, 0x7ac7, 0x7ac7, 0x7ac7, 0x82e8, 0x8308, 0x82e8, 0x82e8, 
	0x8308, 0x7ae7, 0x7ac7, 0x7286, 0x5224, 0x4a26, 0x52a9, 0x5aa9, 0x5aa9, 0x5ac9, 0x5aa9, 0x3185, 0x5aea, 0x6b4c, 0x734b, 0xbd70, 
	0xb52f, 0xbd70, 0xb4ee, 0xbd2f, 0xbd4f, 0xcdd1, 0xbd2f, 0xbd70, 0xbd2f, 0xbd70, 0xbd90, 0xc590, 0xc5b1, 0xbd70, 0xc590, 0xc5b1, 
	0xc590, 0xc5b1, 0xc5b1, 0xc5b1, 0xcdd1, 0xcdf2, 0xc5b2, 0xcdd3, 0xcdf3, 0xcdf3, 0xcdd2, 0xcdf2, 0xcdf3, 0xcdf3, 0xcdf3, 0xcdf3, 
	0xcdd4, 0xd5f4, 0xd5f4, 0xd5f4, 0xcdb3, 0xcdb3, 0xc552, 0xc572, 0xc552, 0xc510, 0xc511, 0xbcf0, 0xbcaf, 0xac6d, 0xb46e, 0xac0c, 
	0xac2d, 0xa3eb, 0xa3eb, 0xa3ca, 0x9bca, 0x9bca, 0x9baa, 0x9bab, 0x9bcb, 0x938a, 0x8b6a, 0x8b4a, 0x8b29, 0x7b09, 0x8c94, 0x7c32, 
	0x6bd0, 0x6370, 0x5b2e, 0x5b0e, 0x5b0e, 0x636f, 0x6bb1, 0x6bd1, 0x530e, 0x7412, 0x6bb1, 0x6bd1, 0x6bb0, 0x6bb0, 0x73f2, 0x73f2, 
	0x8cd5, 0x8474, 0x52cc, 0x39e8, 0x424a, 0x422a, 0x426b, 0x422a, 0x6bd1, 0x7433, 0x6bf1, 0x6c12, 0x73f1, 0xa4b1, 0xc594, 0xc573, 
	0xbd73, 0xbd53, 0xbd53, 0xbd53, 0xbd32, 0xb511, 0xbd32, 0xbd32, 0xb511, 0xb4d0, 0xa46e, 0xa44d, 0x9c0d, 0x9bec, 0x93ab, 0x8b8b, 
	0x8b4a, 0x8329, 0x8309, 0x82e8, 0x7ac8, 0x7ae8, 0x7ac8, 0x72a7, 0x7266, 0x7266, 0x7286, 0x7286, 0x7266, 0x7286, 0x7286, 0x7ac7, 
	0x7aa7, 0x7286, 0x7ac7, 0x72a6, 0x7ac7, 0x7ae7, 0x7ae7, 0x7ac7, 0x7ae7, 0x7ae7, 0x7ae7, 0x7ae7, 0x7ac7, 0x82e8, 0x7ac7, 0x7ae7, 
	0x7ac7, 0x7ac7, 0x7286, 0x6a46, 0x49c3, 0x5aa9, 0x5268, 0x5288, 0x5289, 0x5268, 0x4a48, 0x39a6, 0x3165, 0x3185, 0x39c6, 0x4a28, 
	0x52a9, 0x840b, 0xc591, 0xbd50, 0xbd50, 0xb52f, 0xbd50, 0xc570, 0xbd2f, 0xb54f, 0xb54f, 0xbd90, 0xbd90, 0xbd90, 0xc590, 0xc5b1, 
	0xc5b1, 0xc5d1, 0xc5d1, 0xc5d1, 0xc5b2, 0xcdd2, 0xc5b2, 0xcdf3, 0xc5d2, 0xc5d2, 0xcdf3, 0xcdf2, 0xcdf3, 0xcdf3, 0xcdf2, 0xc5d2, 
	0xcdb3, 0xd5f4, 0xcdd3, 0xcd93, 0xc592, 0xc592, 0xcd92, 0xc531, 0xc531, 0xc531, 0xbccf, 0xb4ae, 0xb48d, 0xac4d, 0xac2c, 0xac0c, 
	0xac0b, 0xa3cb, 0xa3aa, 0xa3ca, 0x9bca, 0x9bcb, 0x9bcb, 0x9bcb, 0x938a, 0x8b6a, 0x8b49, 0x8b29, 0x8309, 0x6aeb, 0x8cd5, 0x7c53, 
	0x636f, 0x636f, 0x52ed, 0x4aad, 0x52cd, 0x634f, 0x6b90, 0x6370, 0x73f2, 0x6bf2, 0x6bd1, 0x7412, 0x73f2, 0x6bb1, 0x5b2f, 0x6390, 
	0x9d57, 0x5b4f, 0x2986, 0x31a7, 0x31c8, 0x530e, 0x6390, 0x5b4f, 0x7412, 0x7412, 0x73f2, 0x73f2, 0x6bf2, 0x5acb, 0xb553, 0xc594, 
	0xcdb5, 0xc594, 0xbd52, 0xbd32, 0xc573, 0xbd32, 0xbd32, 0xb4d0, 0xb4f0, 0xac8f, 0xa46e, 0xa44e, 0xa42d, 0xa44e, 0x9bec, 0x938b, 
	0x8b8b, 0x8329, 0x8309, 0x82e9, 0x8309, 0x7ac8, 0x7aa7, 0x7ac8, 0x7287, 0x7267, 0x7287, 0x7286, 0x7aa7, 0x7286, 0x72a7, 0x7aa7, 
	0x7ac7, 0x72a6, 0x7ac6, 0x7ac7, 0x7ac7, 0x7ac7, 0x7ac6, 0x7ac6, 0x7ac6, 0x7ae7, 0x8308, 0x7ae7, 0x8308, 0x8308, 0x72a6, 0x7ac7, 
	0x72a6, 0x6a66, 0x6a66, 0x5a04, 0x5205, 0x5ac9, 0x5289, 0x4a48, 0x5268, 0x4a48, 0x5269, 0x39c6, 0x5249, 0x5289, 0x5aaa, 0x4a48, 
	0x5aaa, 0x5aaa, 0x5aca, 0x4a68, 0x5aea, 0x6b0a, 0x83ec, 0xb570, 0xbd6f, 0xbd70, 0xbd70, 0xbd70, 0xbd90, 0xbd90, 0xc5b1, 0xbd90, 
	0xbd70, 0xc5b1, 0xc5b1, 0xcdd1, 0xc5d2, 0xc5b2, 0xc591, 0xcdf2, 0xcdf3, 0xcdf2, 0xcdf3, 0xcdd2, 0xcdf2, 0xce13, 0xcdd2, 0xcdf3, 
	0xd5d4, 0xcdd3, 0xcdd3, 0xc572, 0xc572, 0xcdb3, 0xc572, 0xc551, 0xc510, 0xc4f0, 0xbcef, 0xb4ae, 0xb48d, 0xac4c, 0xa3eb, 0xa3eb, 
	0xa3ca, 0xa3cb, 0x9bca, 0x9bca, 0x9bcb, 0x9bca, 0x9bab, 0x93aa, 0x938a, 0x8b4a, 0x8b49, 0x82e8, 0x7b08, 0x630c, 0x7c53, 0x7412, 
	0x636f, 0x5b2e, 0x424a, 0x4a8b, 0x52ee, 0x5b0e, 0x636f, 0x73f2, 0x6bd1, 0x73f2, 0x7433, 0x7412, 0x6bd1, 0x7412, 0x6370, 0x6390, 
	0x9516, 0x422a, 0x31a7, 0x31c7, 0x52cd, 0x6bf1, 0x7c33, 0x6bb1, 0x73d1, 0x7432, 0x7c53, 0x7412, 0x7412, 0x7c54, 0x41e6, 0xc574, 
	0xc594, 0xc594, 0xbd53, 0xbd53, 0xbd52, 0xc553, 0xbd32, 0xacd0, 0xacaf, 0xac8f, 0x9c2d, 0xac6e, 0xa42d, 0xa40d, 0x9bec, 0x93ab, 
	0x93ab, 0x8b8b, 0x936b, 0x8b4a, 0x8b2a, 0x8b2a, 0x8b2a, 0x8309, 0x8309, 0x8329, 0x7ac8, 0x72a7, 0x72a7, 0x7aa7, 0x7ac7, 0x7ae7, 
	0x7ac7, 0x7ac7, 0x7ae7, 0x7ac7, 0x7ac7, 0x7ac7, 0x7ae6, 0x7ae7, 0x7ac6, 0x7ae7, 0x7ae7, 0x8308, 0x82e8, 0x7ae7, 0x72a6, 0x72a6, 
	0x6a65, 0x6a66, 0x6245, 0x49c4, 0x5288, 0x4a48, 0x5248, 0x4a28, 0x4a07, 0x4a27, 0x4a28, 0x41e7, 0x4a28, 0x4a48, 0x4a48, 0x5a8a, 
	0x5a8a, 0x5aaa, 0x5a8a, 0x5289, 0x5269, 0x5269, 0x31a5, 0x5269, 0x6b6c, 0x83ed, 0xc612, 0xbdb1, 0xc5d2, 0xbd90, 0xbd70, 0xbd90, 
	0xbd90, 0xc590, 0xbd90, 0xbd90, 0xcdf3, 0xcdf3, 0xc5d2, 0xcdd2, 0xc5b2, 0xc5d2, 0xcdf3, 0xcdd2, 0xcdf3, 0xcdd2, 0xcdd2, 0xc5d2, 
	0xcd93, 0xcd93, 0xc552, 0xcdb3, 0xc592, 0xcd92, 0xc551, 0xc531, 0xc4f0, 0xc4f0, 0xc4ef, 0xbcae, 0xac4d, 0xa42c, 0xac0b, 0xa3eb, 
	0x9bca, 0x9bca, 0x9bca, 0x9bca, 0x938a, 0x9bab, 0x93ab, 0x936a, 0x8b6a, 0x8b49, 0x8309, 0x8329, 0x5aa9, 0x4aab, 0x8473, 0x5b2e, 
	0x636f, 0x52ed, 0x426b, 0x52cd, 0x5b0e, 0x52ed, 0x634f, 0x6390, 0x6390, 0x73f2, 0x7432, 0x6bf2, 0x8494, 0x7c53, 0x6390, 0x6bb1, 
	0x5b4f, 0x2965, 0x31a7, 0x3a29, 0x6bf2, 0x7c73, 0x6370, 0x52ee, 0x426c, 0x7c74, 0x7433, 0x7c53, 0x8474, 0x7412, 0x7c11, 0x5a47, 
	0xbd53, 0xc594, 0xcdb5, 0xb512, 0xc594, 0xc594, 0xb511, 0xb4b0, 0xacaf, 0xa46e, 0xa44d, 0x9c0d, 0x9bec, 0x93ab, 0x93ab, 0x93ab, 
	0x938b, 0x938b, 0x93ab, 0x938b, 0x8b4a, 0x8b6a, 0x8309, 0x8329, 0x8309, 0x82e9, 0x8b29, 0x8329, 0x82e8, 0x7aa7, 0x7ae8, 0x7ac7, 
	0x7ac7, 0x7ac7, 0x7ac7, 0x7ac7, 0x7ac7, 0x7286, 0x7ae6, 0x7ae7, 0x7ae7, 0x8328, 0x8328, 0x8308, 0x7ae7, 0x72a6, 0x6a45, 0x6245, 
	0x6245, 0x5a26, 0x5267, 0x5269, 0x4a28, 0x4a28, 0x4207, 0x4a28, 0x4a48, 0x4207, 0x41e7, 0x41e7, 0x4207, 0x5269, 0x5289, 0x5269, 
	0x5aaa, 0x5249, 0x5249, 0x5289, 0x5269, 0x5269, 0x4a28, 0x41e7, 0x39a6, 0x4a69, 0x52aa, 0x5b2c, 0x6b4c, 0x6b6d, 0x630b, 0xa4ef, 
	0xc5d2, 0xbd91, 0xc591, 0xbd71, 0xc5b2, 0xcdd2, 0xcdf2, 0xc5d1, 0xbd91, 0xbd50, 0xcdd2, 0xcdd2, 0xcdb2, 0xcdb2, 0xcdd2, 0xcdd3, 
	0xc572, 0xcdb3, 0xcdb3, 0xc551, 0xcdb3, 0xc572, 0xc510, 0xa986, 0xa986, 0xa986, 0xa986, 0xb46e, 0xac2c, 0xac0b, 0xabeb, 0xa3ca, 
	0x9bca, 0x9bca, 0x9bca, 0xa986, 0xa986, 0xa986, 0xa986, 0x938a, 0x8b6a, 0x8b29, 0x8308, 0x7ae9, 0x41e8, 0x4acb, 0x6390, 0x5b0e, 
	0x6b70, 0x4a8b, 0x4aab, 0x52ed, 0x5b2f, 0x52ed, 0x6b90, 0x6bb1, 0x7412, 0x6390, 0x634f, 0x6bd1, 0x6bf2, 0x6bd1, 0x6bd1, 0x8cd5, 
	0x52cc, 0x2965, 0x31a6, 0x6bd1, 0x7c54, 0x5b2f, 0x5b4f, 0x532f, 0x7412, 0x7c74, 0x7413, 0x7413, 0x6bf2, 0x7c53, 0x7413, 0x630d, 
	0x732b, 0xbd54, 0xcdd5, 0xcdb5, 0xbd53, 0xbd53, 0xbd32, 0xb4f1, 0xb4f0, 0xa46e, 0x9c2d, 0x9c0d, 0x93ec, 0x93cc, 0x9bcc, 0x93cc, 
	0x9bcc, 0x8b6a, 0x8b4a, 0x8b8b, 0x8b4a, 0x834a, 0x8b6a, 0x834a, 0x834a, 0x8b6a, 0x938b, 0x93ab, 0x9bec, 0x93ab, 0x8309, 0x7ae7, 
	0x7ae7, 0x7ae7, 0x7ac7, 0x72a6, 0x7ac6, 0x7ac6, 0x8307, 0x7ac6, 0x8307, 0x7ae7, 0x8307, 0x7ae7, 0x72a6, 0x6a66, 0x5a25, 0x51e4, 
	0x5226, 0x4a68, 0x4207, 0x4a08, 0x4207, 0x4a28, 0x41e7, 0x41e7, 0x4207, 0x41e7, 0x4a28, 0x41e7, 0x4207, 0x5269, 0x5a8a, 0x5aaa, 
	0x5aaa, 0x5269, 0x5249, 0x5269, 0x4a69, 0x4a69, 0xa986, 0xa986, 0xa986, 0xa986, 0x4207, 0x39e7, 0x2965, 0x2103, 0x2944, 0x4a68, 
	0x5aca, 0x5aea, 0xa986, 0xa986, 0xa986, 0xa986, 0xbdd2, 0xc5f2, 0xcdd2, 0xc5b1, 0xcdd2, 0xcdf3, 0xcdd2, 0xcdf3, 0xc5d2, 0xcdd3, 
	0xcdb3, 0xc592, 0xcd92, 0xc551, 0xc531, 0xc551, 0xc531, 0xa986, 0xa986, 0xa986, 0xa986, 0xac2c, 0xac2c, 0xa40b, 0xa3eb, 0xa3eb, 
	0xa3eb, 0x9bca, 0x9bcb, 0xa986, 0xa986, 0xa986, 0xa986, 0x8b6a, 0x8b29, 0x8309, 0x7ae8, 0x7b4c, 0x3a08, 0x4229, 0x52ab, 0x5b2e, 
	0x5b2f, 0x52ed, 0x4a8c, 0x52ed, 0x6b90, 0x6bb1, 0x73f2, 0x7412, 0x6bb1, 0x6b90, 0x6bb1, 0x73f2, 0x6390, 0x6bd1, 0x7412, 0x7c73, 
	0x3a08, 0x2965, 0x3209, 0x7c54, 0x6bf2, 0x52ee, 0x530e, 0x7412, 0x8cf6, 0x4acd, 0x6bf2, 0x7433, 0x7412, 0x6bf2, 0x6bf2, 0x8cd6, 
	0x528a, 0x836b, 0xbd94, 0xc5d5, 0xcdb5, 0xc574, 0xbd33, 0xbd32, 0xbd11, 0xb4d0, 0xacaf, 0xacaf, 0xa46e, 0xa46e, 0xa44d, 0x9c0d, 
	0x9bec, 0x9bcc, 0x93ab, 0x938b, 0x93ab, 0x93cc, 0x9bcc, 0xa40d, 0x9bec, 0x9c0d, 0x9c0d, 0x9c0d, 0xa40d, 0xa42d, 0x9bec, 0x938b, 
	0x82e8, 0x7ac7, 0x7ac7, 0x7ac6, 0x7ae6, 0x7ae7, 0x8327, 0x8307, 0x8307, 0x8327, 0x7ac6, 0x72a6, 0x6a66, 0x6266, 0x51e5, 0x5268, 
	0x4248, 0x4207, 0x4207, 0x4a28, 0x4207, 0x4a28, 0x4207, 0x5289, 0x4a28, 0x5249, 0x4a48, 0x4a28, 0x4a08, 0x5269, 0x5289, 0x4a48, 
	0x5269, 0x4a08, 0x5269, 0x5269, 0x5269, 0x4a69, 0xa986, 0xa986, 0xa986, 0xa986, 0x4a48, 0x4a69, 0x4a68, 0x52aa, 0x5289, 0x52ca, 
	0x4a48, 0x5289, 0xa986, 0xa986, 0xa986, 0xa986, 0x6b6d, 0x52ca, 0x31c6, 0x52cb, 0x8430, 0x844f, 0xc5b3, 0xcdd2, 0xcdf2, 0xcdf3, 
	0xcdb3, 0xc592, 0xc572, 0xc531, 0xc510, 0xa986, 0xa986, 0xa986, 0xa986, 0xa986, 0xa986, 0xa986, 0xa986, 0xa3eb, 0xa3eb, 0x9bca, 
	0x9bca, 0xa986, 0xa986, 0xa986, 0xa986, 0xa986, 0xa986, 0xa986, 0xa986, 0x82e8, 0x732b, 0x73d0, 0x4a8a, 0x39e8, 0x4229, 0x528b, 
	0x634f, 0x5b0e, 0x424b, 0x634f, 0x7412, 0x7433, 0x7432, 0x6bd1, 0x6bb1, 0x6370, 0x5b2f, 0x5b2f, 0x6390, 0x6390, 0x7432, 0x6390, 
	0x2965, 0x3186, 0x5b2e, 0x7c74, 0x6bd1, 0x52ce, 0x6390, 0x8cd7, 0x6bd2, 0x7413, 0x4acd, 0x6bd2, 0x6bf2, 0x7433, 0x6bd2, 0x7413, 
	0x8474, 0x5aa9, 0x942e, 0xc5f5, 0xcdd5, 0xc5b5, 0xc594, 0xc594, 0xbd32, 0xbd32, 0xb4d0, 0xacaf, 0xb4d0, 0xb4d0, 0xacaf, 0xacaf, 
	0xacaf, 0xa46e, 0xac6e, 0xa44e, 0xac6f, 0xb4d0, 0xb4d0, 0xac8f, 0xb4af, 0xb4af, 0xac8f, 0xac6e, 0xa42d, 0xac4e, 0xa42d, 0x9bec, 
	0x93ac, 0x8b4a, 0x82e8, 0x7ae7, 0x8307, 0x8328, 0x8328, 0x8327, 0x8307, 0x8327, 0x7ac6, 0x6a86, 0x5a46, 0x5268, 0x4a68, 0x4a28, 
	0x4a08, 0x41e7, 0x4a28, 0x4a28, 0x4a28, 0x4a48, 0x4208, 0x4207, 0x4a48, 0x4a48, 0x4a28, 0x4207, 0x4a48, 0x5249, 0x5aaa, 0x5289, 
	0x5269, 0x5289, 0x528a, 0x5269, 0xa986, 0xa986, 0xa986, 0xa986, 0xa986, 0xa986, 0xa986, 0xa986, 0x5289, 0x52aa, 0x5289, 0x5289, 
	0xa986, 0xa986, 0xa986, 0xa986, 0xa986, 0xa986, 0xa986, 0xa986, 0x5aeb, 0x632c, 0x5b0b, 0x6b8e, 0x4a4a, 0x5aec, 0x7c31, 0x7c11, 
	0xc572, 0xc572, 0xc552, 0xc510, 0xc510, 0xa986, 0xa986, 0xa986, 0xa986, 0xa986, 0xa986, 0xa986, 0xa986, 0x9bca, 0x9bca, 0x9bca, 
	0x9bca, 0xa986, 0xa986, 0xa986, 0xa986, 0xa986, 0xa986, 0xa986, 0xa986, 0x72e8, 0x8452, 0x84b5, 0x634e, 0x39c6, 0x39c7, 0x4228, 
	0x52ac, 0x52cc, 0x52ee, 0x6bd1, 0x7c33, 0x7c53, 0x6bf2, 0x6bd1, 0x6370, 0x5b4f, 0x530e, 0x6370, 0x6370, 0x6bd1, 0x9d57, 0x4aab, 
	0x1903, 0x31a7, 0x7413, 0x6bf2, 0x63b1, 0x634f, 0x63b1, 0x8495, 0x8495, 0x7413, 0x422a, 0x5b2f, 0x63b1, 0x6bb1, 0x7413, 0x6391, 
	0x6bb1, 0x7413, 0x62c8, 0x9c2e, 0xc5d5, 0xc5b5, 0xc574, 0xc574, 0xc594, 0xbd52, 0xb4d0, 0xb4f0, 0xbd32, 0xb511, 0xbd11, 0xbd31, 
	0xbd32, 0xb4f1, 0xb4f1, 0xb4f1, 0xbd12, 0xbd52, 0xbd32, 0xc552, 0xb4d0, 0xbcf1, 0xb4f1, 0xb4f0, 0xb4d0, 0xac8f, 0xa44e, 0xa40d, 
	0xa40d, 0xa44e, 0x9c0c, 0x9bec, 0x938a, 0x8b69, 0x8b48, 0x8b28, 0x8328, 0x7ae6, 0x72a6, 0x5267, 0x4a28, 0x4a48, 0x4228, 0x4207, 
	0x41e7, 0x4a28, 0x4207, 0x41e7, 0x4a28, 0x41e7, 0x4207, 0x4228, 0x4248, 0x39c6, 0x4228, 0x4228, 0x4a48, 0x5aca, 0x5289, 0x5289, 
	0x5249, 0x5269, 0x5269, 0x5289, 0xa986, 0xa986, 0xa986, 0xa986, 0xa986, 0xa986, 0xa986, 0xa986, 0x4228, 0x4a89, 0x5289, 0x4a69, 
	0xa986, 0xa986, 0xa986, 0xa986, 0xa986, 0xa986, 0xa986, 0xa986, 0x5aca, 0x52aa, 0x5aea, 0x5aeb, 0x6b8e, 0x73af, 0x7c11, 0x7bf1, 
	0xc551, 0xc531, 0xc531, 0xc4f0, 0xc4f0, 0xa986, 0xa986, 0xa986, 0xa986, 0xa986, 0xa986, 0xa986, 0xa986, 0x9bca, 0x9bca, 0x9bca, 
	0x9baa, 0xa986, 0xa986, 0xa986, 0xa986, 0xa986, 0xa986, 0xa986, 0xa986, 0x732a, 0x7c54, 0x8cb5, 0x63b0, 0x2965, 0x39c7, 0x4249, 
	0x52ab, 0x634f, 0x6bb1, 0x6bd1, 0x7c53, 0x7412, 0x6bf2, 0x6bb1, 0x6370, 0x6370, 0x5b4f, 0x6b90, 0x6bd1, 0x73f2, 0x7c73, 0x426a, 
	0x2123, 0x4229, 0x6bf2, 0x7413, 0x6bf2, 0x6391, 0x6bf2, 0x8cd6, 0x7c54, 0x5b0e, 0x2967, 0x63b1, 0x6bd2, 0x6bd1, 0x6bf2, 0x63b1, 
	0x6391, 0x530f, 0x8453, 0x6269, 0xa46f, 0xc5b5, 0xbd74, 0xcdd5, 0xc594, 0xc573, 0xc553, 0xc573, 0xcdb4, 0xbd32, 0xbd53, 0xc593, 
	0xc594, 0xbd53, 0xc574, 0xc574, 0xc594, 0xbd53, 0xc573, 0xbd32, 0xbd31, 0xbd52, 0xbd11, 0xb511, 0xbcf1, 0xb4b0, 0xb4b0, 0xb4af, 
	0xb4af, 0xac6e, 0xb48f, 0xb4af, 0xb4d0, 0xb4f1, 0xac8e, 0x93ab, 0x7b4a, 0x7b8d, 0x5acc, 0x4a8a, 0x4a49, 0x4228, 0x4228, 0x4228, 
	0x4248, 0x4228, 0x4227, 0x4248, 0x4a48, 0x4a48, 0x4a48, 0x4248, 0x4228, 0x3a07, 0x4228, 0x4a48, 0x4a49, 0x5269, 0x5269, 0x5289, 
	0x5289, 0x5269, 0x4a28, 0x4a48, 0xa986, 0xa986, 0xa986, 0xa986, 0xa986, 0xa986, 0xa986, 0xa986, 0x4a69, 0x5289, 0x52aa, 0x5289, 
	0xa986, 0xa986, 0xa986, 0xa986, 0xa986, 0xa986, 0xa986, 0xa986, 0x52aa, 0x5aeb, 0x52ca, 0x5aca, 0x632c, 0x5aeb, 0x632d, 0x6b6e, 
	0xcd52, 0xbcf0, 0xc531, 0xc511, 0xc4f0, 0xa986, 0xa986, 0xa986, 0xa986, 0xa986, 0xa986, 0xa986, 0xa986, 0x9baa, 0x9baa, 0x9bca, 
	0x938a, 0xa986, 0xa986, 0xa986, 0xa986, 0xa986, 0xa986, 0xa986, 0xa986, 0x630c, 0x63b1, 0x8494, 0x6bd1, 0x52aa, 0x31c7, 0x4249, 
	0x4a6a, 0x5b4f, 0x6370, 0x6bd1, 0x6bf1, 0x6bf2, 0x7412, 0x63b0, 0x634f, 0x634f, 0x5b2f, 0x4acd, 0x5b0e, 0x6bd2, 0x6bd1, 0x424a, 
	0x2945, 0x31a7, 0x6370, 0x7412, 0x7412, 0x7413, 0x63b1, 0x94f7, 0x6bf3, 0x426b, 0x29c8, 0x63b1, 0x7c54, 0x532f, 0x7433, 0x63b1, 
	0x5b50, 0x5b4f, 0x530e, 0x73f2, 0x6b2b, 0x942e, 0xc594, 0xcdb5, 0xc5b5, 0xc594, 0xcd94, 0xcd94, 0xcdb5, 0xcdb5, 0xcd94, 0xc594, 
	0xcdd5, 0xd5d5, 0xcdb5, 0xcd95, 0xcdb5, 0xc594, 0xcdb5, 0xbd53, 0xbd32, 0xc573, 0xbd53, 0xbd53, 0xc593, 0xbd32, 0xbd11, 0xb4f1, 
	0xb48f, 0xac6e, 0xac6e, 0xb4d0, 0xbd32, 0xbd32, 0xacd1, 0x6b2d, 0x52ac, 0x4a69, 0x3a08, 0x4229, 0x4249, 0x4249, 0x4a8a, 0x52aa, 
	0x4a89, 0x4228, 0x4a48, 0x4a69, 0x4a69, 0x4228, 0x3a07, 0x39e7, 0x4228, 0x4228, 0x4248, 0x4a69, 0x528a, 0x5aaa, 0x5269, 0x528a, 
	0x4a48, 0x4a69, 0x5289, 0x4a48, 0xa986, 0xa986, 0xa986, 0xa986, 0xa986, 0xa986, 0xa986, 0xa986, 0x4a69, 0x4a69, 0x5aca, 0x4a69, 
	0xa986, 0xa986, 0xa986, 0xa986, 0xa986, 0xa986, 0xa986, 0xa986, 0x5aca, 0x5aca, 0x632c, 0x52aa, 0x52ca, 0x5b0b, 0x5b0b, 0x6b4c, 
	0xcd52, 0xa986, 0xa986, 0xa986, 0xa986, 0xa986, 0xa986, 0xa986, 0xa986, 0xa986, 0xa986, 0xa986, 0xa986, 0xa986, 0xa986, 0xa986, 
	0xa986, 0xa986, 0xa986, 0xa986, 0xa986, 0xa986, 0xa986, 0xa986, 0xa986, 0xa986, 0xa986, 0xa986, 0xa986, 0x634e, 0x2986, 0x4229, 
	0x4229, 0x5b4f, 0x6390, 0x5b4f, 0x6bf2, 0x7433, 0x73f2, 0x52ee, 0x4a6c, 0x52ad, 0x426c, 0x5b2f, 0x6bb1, 0x9516, 0x5b70, 0x4229, 
	0x2986, 0x2966, 0x5b0e, 0x530e, 0x5b70, 0x7413, 0x6bd2, 0x8495, 0x6bf3, 0x2946, 0x8475, 0x84b6, 0x63b2, 0x7413, 0x6bb2, 0x63b1, 
	0x7413, 0x63b1, 0x4acd, 0x52ed, 0x5b2e, 0x73d0, 0x7b8d, 0xc5b5, 0xbdb5, 0xc5b5, 0xc5b5, 0xcdd5, 0xcdd6, 0xc594, 0xc594, 0xcdb5, 
	0xcdb5, 0xcdb5, 0xcdb5, 0xc594, 0xcdb5, 0xcd95, 0xcdb5, 0xbd33, 0xc573, 0xc573, 0xbd53, 0xbd53, 0xbd53, 0xb511, 0xb4d0, 0xacb0, 
	0xac6f, 0xac6f, 0xa44e, 0xb4f0, 0x8c30, 0x62ed, 0x4a8a, 0x4229, 0x39e8, 0x4228, 0x3a08, 0x4a6a, 0x528b, 0x5aed, 0x52ed, 0x52cc, 
	0x4a89, 0x4a69, 0x4a69, 0x4a69, 0x4228, 0x39e7, 0x3a07, 0x4228, 0x4a48, 0x4a48, 0x4a48, 0x4a69, 0x5269, 0x528a, 0x4a49, 0x528a, 
	0xa986, 0xa986, 0xa986, 0xa986, 0xa986, 0xa986, 0xa986, 0xa986, 0xa986, 0xa986, 0xa986, 0xa986, 0xa986, 0xa986, 0xa986, 0xa986, 
	0xa986, 0xa986, 0xa986, 0xa986, 0xa986, 0xa986, 0xa986, 0xa986, 0xa986, 0xa986, 0xa986, 0xa986, 0x52aa, 0x5289, 0x5aea, 0x5aca, 
	0xcd31, 0xa986, 0xa986, 0xa986, 0xa986, 0xa986, 0xa986, 0xa986, 0xa986, 0xa986, 0xa986, 0xa986, 0xa986, 0xa986, 0xa986, 0xa986, 
	0xa986, 0xa986, 0xa986, 0xa986, 0xa986, 0xa986, 0xa986, 0xa986, 0xa986, 0xa986, 0xa986, 0xa986, 0xa986, 0x5b4e, 0x31a6, 0x39e8, 
	0x4228, 0x5b0e, 0x6390, 0x6b90, 0x6bb1, 0x5b4f, 0x5b2e, 0x3a2a, 0x52cd, 0x52cd, 0x5b0e, 0x5b70, 0x94f7, 0x7413, 0x532e, 0x52cb, 
	0x31c7, 0x2986, 0x52cd, 0x6370, 0x6390, 0x5b70, 0x5b70, 0x7c54, 0x5b50, 0x2145, 0x7c75, 0x8496, 0x7c54, 0x7c34, 0x4aae, 0x6370, 
	0x63b1, 0x6bd1, 0x6390, 0x6390, 0x4acd, 0x4aad, 0x6b70, 0x73af, 0xbdb5, 0xc5b5, 0xc595, 0xc5b5, 0xcdd6, 0xcdd5, 0xcdb5, 0xcdb5, 
	0xd5d6, 0xcdd5, 0xcdd5, 0xd5f6, 0xcdb5, 0xcdd5, 0xbd53, 0xbd53, 0xc553, 0xbd53, 0xc553, 0xbd32, 0xacb0, 0xa48f, 0xa48f, 0xb4d1, 
	0xacb1, 0x736e, 0x52ec, 0x4a6a, 0x3a08, 0x39e7, 0x31c7, 0x39e8, 0x3a08, 0x39e8, 0x52ab, 0x4a8b, 0x52ed, 0x5aed, 0x5b2e, 0x4a8b, 
	0x4a89, 0x5289, 0x4228, 0x4207, 0x39e7, 0x39e7, 0x4207, 0x4a48, 0x4228, 0x4a48, 0x4228, 0x52a9, 0x5289, 0x52ca, 0x4a69, 0x4a69, 
	0xa986, 0xa986, 0xa986, 0xa986, 0xa986, 0xa986, 0xa986, 0xa986, 0xa986, 0xa986, 0xa986, 0xa986, 0xa986, 0xa986, 0xa986, 0xa986, 
	0xa986, 0xa986, 0xa986, 0xa986, 0xa986, 0xa986, 0xa986, 0xa986, 0xa986, 0xa986, 0xa986, 0xa986, 0x5aea, 0x52aa, 0x52aa, 0x5aca, 
	0xc531, 0xa986, 0xa986, 0xa986, 0xa986, 0xa986, 0xa986, 0xa986, 0xa986, 0xa986, 0xa986, 0xa986, 0xa986, 0xa986, 0xa986, 0xa986, 
	0xa986, 0xa986, 0xa986, 0xa986, 0xa986, 0xa986, 0xa986, 0xa986, 0xa986, 0xa986, 0xa986, 0xa986, 0xa986, 0x5b2e, 0x4249, 0x2965, 
	0x3a08, 0x424a, 0x5b0e, 0x5b0e, 0x4a8c, 0x52ee, 0x4a8c, 0x4a8c, 0x5aee, 0x52ed, 0x5b2f, 0x7c53, 0x84b5, 0x6bd1, 0x5b2e, 0x3a09, 
	0x31a8, 0x39e8, 0x4aac, 0x5b2f, 0x5b70, 0x6bb2, 0x6bd2, 0x84b6, 0x6bb2, 0x4aac, 0x5b50, 0x6371, 0x73f3, 0x8475, 0x6bb2, 0x6370, 
	0x636f, 0x3a2b, 0x6bf2, 0x6370, 0x530e, 0x4aad, 0x4a8c, 0x424a, 0x4a6b, 0x5b2e, 0x636f, 0x7bcf, 0xcdf7, 0xcdf6, 0xc595, 0xc594, 
	0xc595, 0xcdb5, 0xcdb5, 0xc574, 0xc594, 0xc553, 0xc574, 0xbd54, 0xbd53, 0xbd53, 0xbd53, 0xa490, 0x7bae, 0x5aec, 0x52aa, 0x3a28, 
	0x31e7, 0x31c7, 0x39e7, 0x31c7, 0x31c7, 0x31a6, 0x39c7, 0x3a08, 0x4a8a, 0x424a, 0x52cc, 0x52ed, 0x5b2f, 0x636f, 0x634f, 0x5b0e, 
	0x4a69, 0x4207, 0x39e7, 0x31c6, 0x3a07, 0x3a07, 0x4228, 0x4227, 0x4a69, 0x4a68, 0x4228, 0x4a89, 0x5289, 0x52a9, 0x4a69, 0x4228, 
	0xa986, 0xa986, 0xa986, 0xa986, 0xa986, 0xa986, 0xa986, 0xa986, 0xa986, 0xa986, 0xa986, 0xa986, 0xa986, 0xa986, 0xa986, 0xa986, 
	0xa986, 0xa986, 0xa986, 0xa986, 0xa986, 0xa986, 0xa986, 0xa986, 0xa986, 0xa986, 0xa986, 0xa986, 0x52ea, 0x4aa9, 0x52aa, 0x52aa, 
	0xc510, 0xa986, 0xa986, 0xa986, 0xa986, 0xa986, 0xa986, 0xa986, 0xa986, 0xa986, 0xa986, 0xa986, 0xa986, 0xa986, 0xa986, 0xa986, 
	0xa986, 0xa986, 0xa986, 0xa986, 0xa986, 0xa986, 0xa986, 0xa986, 0xa986, 0xa986, 0xa986, 0xa986, 0xa986, 0x4acd, 0x4a6a, 0x2144, 
	0x39e7, 0x39e8, 0x4aac, 0x52cd, 0x4aac, 0x4aad, 0x52cd, 0x4aac, 0x52cd, 0x636f, 0x73f2, 0x84b6, 0x7c54, 0x6390, 0x52ac, 0x39e8, 
	0x39e8, 0x39c8, 0x4a8c, 0x5b0e, 0x5b70, 0x7413, 0x73f3, 0x8cb6, 0x63b1, 0x5b4f, 0x530f, 0x6bb2, 0x8475, 0x8495, 0x73f2, 0x426c, 
	0x2166, 0x5b2f, 0x7413, 0x52ee, 0x5b2f, 0x530e, 0x4a8c, 0x3a2a, 0x3a09, 0x3a09, 0x39e9, 0x39e9, 0x4229, 0x4a6b, 0x52ac, 0x5b0c, 
	0x5b0d, 0x52cc, 0x634e, 0x634e, 0x632e, 0x52cc, 0x4a8b, 0x4a6a, 0x4229, 0x422a, 0x39e8, 0x39c8, 0x31c7, 0x31c7, 0x31c7, 0x2986, 
	0x31a7, 0x31a7, 0x3a08, 0x31a6, 0x31a6, 0x39e7, 0x4229, 0x4a6a, 0x52cb, 0x4a8b, 0x634f, 0x5b2e, 0x636f, 0x6b90, 0x634f, 0x5b0d, 
	0x4a48, 0x4207, 0x39e7, 0x39e7, 0x39e7, 0x39e7, 0x4207, 0x4a69, 0x4a69, 0x5289, 0x4a48, 0x4a48, 0x4a68, 0x4a68, 0x4a48, 0x4a48, 
	0xa986, 0xa986, 0xa986, 0xa986, 0xa986, 0xa986, 0xa986, 0xa986, 0xa986, 0xa986, 0xa986, 0xa986, 0xa986, 0xa986, 0xa986, 0xa986, 
	0xa986, 0xa986, 0xa986, 0xa986, 0xa986, 0xa986, 0xa986, 0xa986, 0xa986, 0xa986, 0xa986, 0xa986, 0x52aa, 0x4a89, 0x4a69, 0x52aa, 
	0xa986, 0xa986, 0xa986, 0xa986, 0xa986, 0xa986, 0xa986, 0xa986, 0xa986, 0xa986, 0xa986, 0xa986, 0xa986, 0xa986, 0xa986, 0xa986, 
	0xa986, 0xa986, 0xa986, 0xa986, 0xa986, 0xa986, 0xa986, 0xa986, 0xa986, 0xa986, 0xa986, 0xa986, 0xa986, 0xa986, 0xa986, 0xa986, 
	0xa986, 0x31a7, 0x31c7, 0x4aab, 0x426b, 0x4a8c, 0x424b, 0x4aad, 0x4acd, 0x6bb0, 0x7c75, 0x7c74, 0x6bb1, 0x5b2f, 0x4aac, 0x39e8, 
	0x39e8, 0x422a, 0x426b, 0x5b2f, 0x6391, 0x6bd2, 0x6bf3, 0x6391, 0x7413, 0x5b30, 0x5b50, 0x5b50, 0x6bb2, 0x94f7, 0x6370, 0x3a0a, 
	0x5b4f, 0x8475, 0x6bd2, 0x4aad, 0x52cd, 0x5b0e, 0x52cd, 0x4a8c, 0x4acd, 0x4a8c, 0x31a8, 0x3a09, 0x31c8, 0x39e9, 0x31c8, 0x39e9, 
	0x2987, 0x2987, 0x31a7, 0x2987, 0x31a7, 0x2987, 0x2966, 0x2986, 0x2966, 0x2987, 0x31a7, 0x2986, 0x3187, 0x2145, 0x31c7, 0x31a7, 
	0x3a08, 0x31c7, 0x4249, 0x4a6a, 0x39e8, 0x4a6a, 0x3a09, 0x634f, 0x5b2f, 0x5b0e, 0x5b2f, 0x6b90, 0x634f, 0x634f, 0x5b0d, 0x4a6a, 
	0x4229, 0x4208, 0x4207, 0x39e7, 0x3a27, 0x4a48, 0x4a48, 0x4a68, 0x4a89, 0x4a69, 0x4a69, 0x4a69, 0xa986, 0xa986, 0xa986, 0xa986, 
	0xa986, 0xa986, 0xa986, 0xa986, 0xa986, 0xa986, 0xa986, 0xa986, 0xa986, 0xa986, 0xa986, 0xa986, 0xa986, 0xa986, 0xa986, 0xa986, 
	0xa986, 0xa986, 0xa986, 0xa986, 0xa986, 0xa986, 0xa986, 0xa986, 0xa986, 0xa986, 0xa986, 0xa986, 0xa986, 0xa986, 0xa986, 0xa986, 
	0xa986, 0xa986, 0xa986, 0xa986, 0xa986, 0xa986, 0xa986, 0xa986, 0xa986, 0xa986, 0xa986, 0xa986, 0xa986, 0xa986, 0xa986, 0xa986, 
	0xa986, 0xa986, 0xa986, 0xa986, 0xa986, 0xa986, 0xa986, 0xa986, 0xa986, 0xa986, 0xa986, 0xa986, 0xa986, 0xa986, 0xa986, 0xa986, 
	0xa986, 0x31a6, 0x31c7, 0x31a6, 0x4a4a, 0x52cd, 0x4acd, 0x52ee, 0x5b4f, 0x8495, 0x8495, 0x6bd1, 0x6370, 0x5b0e, 0x4a8c, 0x3a08, 
	0x4229, 0x4aac, 0x4a8c, 0x4acd, 0x6bd1, 0x6bf3, 0x6392, 0x63b2, 0x63b2, 0x6bb2, 0x5b70, 0x5b70, 0x5b30, 0x94f7, 0x6391, 0x52cd, 
	0x73f2, 0x73f3, 0x73f2, 0x530e, 0x52ee, 0x4aad, 0x8474, 0x6bd1, 0x52ee, 0x52cd, 0x52cd, 0x426b, 0x424a, 0x422a, 0x3a09, 0x39c8, 
	0x31a7, 0x2987, 0x3187, 0x31a7, 0x2146, 0x2966, 0x2966, 0x31a8, 0x31c7, 0x4229, 0x4229, 0x3a09, 0x422a, 0x4229, 0x424a, 0x424a, 
	0x424a, 0x424a, 0x3a09, 0x52ed, 0x632e, 0x5b2e, 0x5b2e, 0x5b4f, 0x634f, 0x634f, 0x6b70, 0x5b0e, 0x5b2e, 0x52ab, 0x4229, 0x3a08, 
	0x39e7, 0x4228, 0x4228, 0x3a08, 0x3a08, 0x4228, 0x4a8a, 0x4a69, 0x5289, 0x4a68, 0x5289, 0x5289, 0xa986, 0xa986, 0xa986, 0xa986, 
	0xa986, 0xa986, 0xa986, 0xa986, 0xa986, 0xa986, 0xa986, 0xa986, 0xa986, 0xa986, 0xa986, 0xa986, 0xa986, 0xa986, 0xa986, 0xa986, 
	0xa986, 0xa986, 0xa986, 0xa986, 0xa986, 0xa986, 0xa986, 0xa986, 0xa986, 0xa986, 0xa986, 0xa986, 0xa986, 0xa986, 0xa986, 0xa986, 
	0xa986, 0xa986, 0xa986, 0xa986, 0xa986, 0xa986, 0xa986, 0xa986, 0xa986, 0xa986, 0xa986, 0xa986, 0xa986, 0xa986, 0xa986, 0xa986, 
	0xa986, 0xa986, 0xa986, 0xa986, 0xa986, 0xa986, 0xa986, 0xa986, 0xa986, 0xa986, 0xa986, 0xa986, 0xa986, 0xa986, 0xa986, 0xa986, 
	0xa986, 0x2986, 0x2145, 0x31a7, 0x2966, 0x530e, 0x5b4f, 0x532e, 0x7413, 0x8494, 0x7c53, 0x6370, 0x6370, 0x52ee, 0x4a8b, 0x3a09, 
	0x4229, 0x52cd, 0x5b2f, 0x4acd, 0x63b1, 0x63b2, 0x5b50, 0x63b2, 0x6bd2, 0x5b50, 0x5b4f, 0x4aee, 0x6391, 0x9517, 0x7434, 0x6bd1, 
	0x7413, 0x7c74, 0x5b4f, 0x4a8b, 0x428b, 0x6390, 0x7c74, 0x7413, 0x532f, 0x42ad, 0x63b1, 0x636f, 0x52ee, 0x426b, 0x428b, 0x424a, 
	0x3a09, 0x422a, 0x4229, 0x31c8, 0x3a09, 0x39e8, 0x4229, 0x3a09, 0x424a, 0x424a, 0x3a09, 0x424a, 0x4a6b, 0x422a, 0x52cd, 0x532e, 
	0x6390, 0x73b1, 0x5b2f, 0x636f, 0x6370, 0x634f, 0x5b0e, 0x5aee, 0x6b90, 0x636f, 0x6b70, 0x634e, 0x4a6a, 0x3a08, 0x39e7, 0x4228, 
	0x4229, 0x4a8b, 0x4a6a, 0x4229, 0x4249, 0x4a69, 0x4a69, 0x4a8a, 0x4a49, 0x4a48, 0x4a48, 0x5289, 0xa986, 0xa986, 0xa986, 0xa986, 
	0xa986, 0xa986, 0xa986, 0xa986, 0xa986, 0xa986, 0xa986, 0xa986, 0xa986, 0xa986, 0xa986, 0xa986, 0xa986, 0xa986, 0xa986, 0xa986, 
	0xa986, 0xa986, 0xa986, 0xa986, 0xa986, 0xa986, 0xa986, 0xa986, 0xa986, 0xa986, 0xa986, 0xa986, 0xa986, 0xa986, 0xa986, 0xa986, 
	0xa986, 0xa986, 0xa986, 0xa986, 0xa986, 0xa986, 0xa986, 0xa986, 0xa986, 0xa986, 0xa986, 0xa986, 0xa986, 0xa986, 0xa986, 0xa986, 
	0xa986, 0xa986, 0xa986, 0xa986, 0xa986, 0xa986, 0xa986, 0xa986, 0xa986, 0xa986, 0xa986, 0xa986, 0xa986, 0xa986, 0xa986, 0xa986, 
	0xa986, 0x2965, 0x2986, 0x31c7, 0x39e8, 0x636f, 0x5b2f, 0x6bf2, 0x7c34, 0x7c54, 0x6bb1, 0x6370, 0x5b4f, 0x4aac, 0x528c, 0x4209, 
	0x39e8, 0x4a8c, 0x4aad, 0x5b2e, 0x532e, 0x6371, 0x63b2, 0x63b2, 0x6392, 0x6391, 0x5b50, 0x6391, 0x5b50, 0x8496, 0x7413, 0x7413, 
	0x73f2, 0x73f2, 0x52ed, 0x426a, 0x428b, 0x6390, 0x7c73, 0x7c53, 0x7412, 0x6bd1, 0x6bd1, 0x6b90, 0x73f2, 0x6bd1, 0x6390, 0x6bb1, 
	0x6370, 0x5b2f, 0x6390, 0x5b4f, 0x530e, 0x530e, 0x530e, 0x530e, 0x52ee, 0x5b0e, 0x6b90, 0x634f, 0x632f, 0x6b90, 0x6b70, 0x73b1, 
	0x6b90, 0x634f, 0x5b2e, 0x52ee, 0x52cd, 0x52cd, 0x5b2e, 0x632f, 0x634f, 0x630e, 0x4a8a, 0x3a08, 0x39e7, 0x39e7, 0x39e8, 0x3a08, 
	0x4a6b, 0x52cc, 0x5b0d, 0x4a6a, 0x4a4a, 0x4a8a, 0x52aa, 0x4a8a, 0x5289, 0x4a68, 0x4a89, 0x52a9, 0xa986, 0xa986, 0xa986, 0xa986, 
	0xa986, 0xa986, 0xa986, 0xa986, 0xa986, 0xa986, 0xa986, 0xa986, 0xa986, 0xa986, 0xa986, 0xa986, 0xa986, 0xa986, 0xa986, 0xa986, 
	0xa986, 0xa986, 0xa986, 0xa986, 0xa986, 0xa986, 0xa986, 0xa986, 0xa986, 0xa986, 0xa986, 0xa986, 0xa986, 0xa986, 0xa986, 0xa986, 
	0xa986, 0xa986, 0xa986, 0xa986, 0xa986, 0xa986, 0xa986, 0xa986, 0xa986, 0xa986, 0xa986, 0xa986, 0xa986, 0xa986, 0xa986, 0xa986, 
	0xa986, 0xa986, 0xa986, 0xa986, 0xa986, 0xa986, 0xa986, 0xa986, 0xa986, 0xa986, 0xa986, 0xa986, 0xa986, 0xa986, 0xa986, 0xa986, 
	0xa986, 0x2945, 0x3186, 0x39e8, 0x4228, 0x4aac, 0x6390, 0x7413, 0x7c33, 0x63b1, 0x6391, 0x6370, 0x530e, 0x4a8c, 0x528d, 0x4229, 
	0x31a7, 0x528c, 0x4acd, 0x5b4f, 0x5b70, 0x6391, 0x6391, 0x6bd2, 0x5b71, 0x5330, 0x532f, 0x532f, 0x6391, 0x7c75, 0x7434, 0x7412, 
	0x7433, 0x63b0, 0x6370, 0x52ed, 0x4aac, 0x6390, 0x6bd1, 0x6bf2, 0x6390, 0x6390, 0x5b2e, 0x6370, 0x634f, 0x52cd, 0x6390, 0x6390, 
	0x636f, 0x6bb0, 0x636f, 0x6bd1, 0x6bd1, 0x6bb1, 0x6bb1, 0x6370, 0x6370, 0x6b90, 0x6b90, 0x6350, 0x5b2f, 0x634f, 0x52ed, 0x5b0e, 
	0x5b2e, 0x632f, 0x5b0e, 0x634f, 0x636f, 0x634f, 0x6b70, 0x636f, 0x5aed, 0x4229, 0x3a08, 0x3a08, 0x31c7, 0x3a07, 0x4a8a, 0x52cd, 
	0x5b2e, 0x5b2e, 0x634f, 0x5b0d, 0x52ab, 0x52aa, 0x52aa, 0x4a69, 0x4a69, 0x4a69, 0x52aa, 0x4a48, 0xa986, 0xa986, 0xa986, 0xa986, 
	0xa986, 0xa986, 0xa986, 0xa986, 0xa986, 0xa986, 0xa986, 0xa986, 0xa986, 0xa986, 0xa986, 0xa986, 0xa986, 0xa986, 0xa986, 0xa986, 
	0xa986, 0xa986, 0xa986, 0xa986, 0xa986, 0xa986, 0xa986, 0xa986, 0xa986, 0xa986, 0xa986, 0xa986, 0xa986, 0xa986, 0xa986, 0xa986, 
	0xa986, 0xa986, 0xa986, 0xa986, 0xa986, 0xa986, 0xa986, 0xa986, 0xa986, 0xa986, 0xa986, 0xa986, 0xa986, 0xa986, 0xa986, 0xa986, 
	0xa986, 0xa986, 0xa986, 0xa986, 0xa986, 0xa986, 0xa986, 0xa986, 0xa986, 0xa986, 0xa986, 0xa986, 0xa986, 0xa986, 0xa986, 0xa986, 
	0xa986, 0x2965, 0x3186, 0x31c7, 0x3a08, 0x4209, 0x6bb1, 0x7413, 0x7433, 0x6390, 0x6bf1, 0x5b2f, 0x530e, 0x52cd, 0x52ac, 0x39e8, 
	0x39e8, 0x52ac, 0x5b4f, 0x5b70, 0x63b1, 0x5b30, 0x6371, 0x6371, 0x6bd2, 0x5b50, 0x532f, 0x6391, 0x5b50, 0x6bd3, 0x7c54, 0x63b1, 
	0x6bd2, 0x63b1, 0x5b50, 0x5b4f, 0x4a6c, 0x5b2f, 0x5b2f, 0x5b4f, 0x636f, 0x52ed, 0x4a8c, 0x52ed, 0x4a8c, 0x4a8c, 0x52cd, 0x4aac, 
	0x52ed, 0x52ee, 0x52ee, 0x6370, 0x634f, 0x6b90, 0x6370, 0x5b0e, 0x5b0e, 0x5b0e, 0x52cd, 0x634f, 0x52ed, 0x52cd, 0x52cd, 0x5b0e, 
	0x5b2f, 0x636f, 0x52ed, 0x5b2e, 0x5b2f, 0x52ed, 0x4aac, 0x4209, 0x4209, 0x39c8, 0x39e8, 0x31c7, 0x4228, 0x4a6a, 0x52ed, 0x5b0e, 
	0x5b0e, 0x5b2f, 0x6370, 0x52cc, 0x4a8a, 0x52ab, 0x4249, 0x4a69, 0x4a8a, 0x4a69, 0x5289, 0x5289, 0xa986, 0xa986, 0xa986, 0xa986, 
	0xa986, 0xa986, 0xa986, 0xa986, 0xa986, 0xa986, 0xa986, 0xa986, 0xa986, 0xa986, 0xa986, 0xa986, 0xa986, 0xa986, 0xa986, 0xa986, 
	0xa986, 0xa986, 0xa986, 0xa986, 0xa986, 0xa986, 0xa986, 0xa986, 0xa986, 0xa986, 0xa986, 0xa986, 0xa986, 0xa986, 0xa986, 0xa986, 
	0xa986, 0xa986, 0xa986, 0xa986, 0xa986, 0xa986, 0xa986, 0xa986, 0xa986, 0xa986, 0xa986, 0xa986, 0xa986, 0xa986, 0xa986, 0xa986, 
	0xa986, 0xa986, 0xa986, 0xa986, 0xa986, 0xa986, 0xa986, 0xa986, 0xa986, 0xa986, 0xa986, 0xa986, 0xa986, 0xa986, 0xa986, 0xa986, 
	0xa986, 0x2945, 0x2965, 0x3186, 0x3a08, 0x3a08, 0x7433, 0x7413, 0x6bd2, 0x532f, 0x530e, 0x5b2f, 0x4acd, 0x4aac, 0x3a08, 0x39e9, 
	0x52cd, 0x4a8c, 0x530f, 0x5b4f, 0x5b50, 0x6370, 0x6370, 0x6bd2, 0x5b50, 0x6bd2, 0x63b2, 0x5b71, 0x63b2, 0x73f3, 0x8495, 0x7433, 
	0x63b1, 0x6bf2, 0x6bb1, 0x6370, 0x5b2f, 0x5b2e, 0x5b4f, 0x632f, 0x5b2f, 0x634f, 0x632f, 0x52ee, 0x4aad, 0x4a8c, 0x52ad, 0x426b, 
	0x4aac, 0x52ed, 0x52ed, 0x4a8b, 0x3a29, 0x3a09, 0x3a29, 0x3a09, 0x424a, 0x424b, 0x52ed, 0x5b2e, 0x52ed, 0x52ee, 0x5b0e, 0x52cd, 
	0x5b2e, 0x5b0e, 0x52ed, 0x5b2e, 0x52ed, 0x4a8b, 0x4229, 0x39e8, 0x39e8, 0x39e8, 0x39e8, 0x31c7, 0x52ed, 0x5b0e, 0x5b0e, 0x5b0e, 
	0x5b2f, 0x5b4f, 0x6bd1, 0x4a8b, 0x52ab, 0x52aa, 0x4a8a, 0x4a89, 0x52aa, 0x52cb, 0x4a69, 0x4a89, 0xa986, 0xa986, 0xa986, 0xa986, 
	0xa986, 0xa986, 0xa986, 0xa986, 0xa986, 0xa986, 0xa986, 0xa986, 0xa986, 0xa986, 0xa986, 0xa986, 0xa986, 0xa986, 0xa986, 0xa986, 
	0xa986, 0xa986, 0xa986, 0xa986, 0xa986, 0xa986, 0xa986, 0xa986, 0xa986, 0xa986, 0xa986, 0xa986, 0xa986, 0xa986, 0xa986, 0xa986, 
	0xa986, 0xa986, 0xa986, 0xa986, 0xa986, 0xa986, 0xa986, 0xa986, 0xa986, 0xa986, 0xa986, 0xa986, 0xa986, 0xa986, 0xa986, 0xa986, 
	0xa986, 0xa986, 0xa986, 0xa986, 0xa986, 0xa986, 0xa986, 0xa986, 0xa986, 0xa986, 0xa986, 0xa986, 0xa986, 0xa986, 0xa986, 0xa986, 
	0xa986, 0x2104, 0x2965, 0x39c7, 0x3a08, 0x4249, 0x63b0, 0x63b1, 0x5b4f, 0x5b70, 0x4aed, 0x4acd, 0x6370, 0x5aee, 0x29a6, 0x52cd, 
	0x52cd, 0x3a2b, 0x5b2f, 0x5b90, 0x6391, 0x6391, 0x6bd2, 0x6bb2, 0x5b71, 0x6bd2, 0x6371, 0x7413, 0x6bb2, 0x6bd2, 0x8475, 0x7c54, 
	0x6bb2, 0x6390, 0x6bb1, 0x634f, 0x5b4f, 0x5b2e, 0x6370, 0x634f, 0x634f, 0x634f, 0x5aee, 0x5b2e, 0x5b2f, 0x5b2f, 0x634f, 0x52cd, 
	0x52ed, 0x426b, 0x4a6b, 0x2967, 0x424a, 0x4a8c, 0x4aac, 0x5aed, 0x5aee, 0x5b0e, 0x5b0e, 0x52cd, 0x52ad, 0x5b0e, 0x52ed, 0x5aee, 
	0x5b0e, 0x5b0e, 0x634f, 0x5b2d, 0x52ab, 0x4249, 0x4209, 0x31c7, 0x39e8, 0x3a08, 0x4a6a, 0x52cc, 0x52ed, 0x52ed, 0x5b0e, 0x5b0e, 
	0x52ee, 0x6350, 0x6390, 0x4a8a, 0x52ab, 0x52ab, 0x52aa, 0x4a8a, 0x52cb, 0x4a89, 0x52a9, 0x52a9, 0xa986, 0xa986, 0xa986, 0xa986, 
	0xa986, 0xa986, 0xa986, 0xa986, 0xa986, 0xa986, 0xa986, 0xa986, 0xa986, 0xa986, 0xa986, 0xa986, 0xa986, 0xa986, 0xa986, 0xa986, 
	0xa986, 0xa986, 0xa986, 0xa986, 0xa986, 0xa986, 0xa986, 0xa986, 0xa986, 0xa986, 0xa986, 0xa986, 0xa986, 0xa986, 0xa986, 0xa986, 
	0xabec, 0xa986, 0xa986, 0xa986, 0xa986, 0xa986, 0xa986, 0xa986, 0xa986, 0xa986, 0xa986, 0xa986, 0xa986, 0xa986, 0xa986, 0xa986, 
	0xa986, 0xa986, 0xa986, 0xa986, 0xa986, 0xa986, 0xa986, 0xa986, 0xa986, 0xa986, 0xa986, 0xa986, 0xa986, 0x6390, 0x6370, 0x52cd, 
	0x4249, 0x2124, 0x3186, 0x2966, 0x31c7, 0x3a08, 0x5b6f, 0x5b4f, 0x5b2f, 0x530e, 0x4acd, 0x6370, 0x52ee, 0x31c9, 0x426b, 0x636f, 
	0x3a2b, 0x4a6c, 0x530f, 0x5b70, 0x5b50, 0x6391, 0x6bd2, 0x5b50, 0x6bd2, 0x63b2, 0x6bf3, 0x6bb2, 0x63b2, 0x6bd3, 0x7c34, 0x7434, 
	0x73f3, 0x6bd1, 0x6bd1, 0x6bd1, 0x6390, 0x5b4f, 0x5b0e, 0x5b2f, 0x5b2e, 0x5aee, 0x5aee, 0x4aad, 0x5b0e, 0x5b0e, 0x632f, 0x5b0e, 
	0x5b0e, 0x5b0e, 0x5b2e, 0x636f, 0x5b0e, 0x52ee, 0x52ed, 0x52ee, 0x5b0e, 0x634f, 0x52ee, 0x5aee, 0x5b0e, 0x52ee, 0x52ee, 0x5b2f, 
	0x632f, 0x5b0d, 0x4a8b, 0x4a8b, 0x3a08, 0x39c8, 0x39e8, 0x3a08, 0x4249, 0x52cc, 0x52ec, 0x5b0e, 0x52cd, 0x5b0e, 0x636f, 0x6370, 
	0x5b4f, 0x73f2, 0x5b4e, 0x52ab, 0x52cb, 0x52aa, 0x52aa, 0x4a6a, 0x4a69, 0x4a8a, 0x4a89, 0x52a9, 0x4a89, 0x4aaa, 0x52aa, 0x4a8a, 
	0xa986, 0xa986, 0xa986, 0xa986, 0xa986, 0xa986, 0xa986, 0xa986, 0xa986, 0xa986, 0xa986, 0xa986, 0xa986, 0xa986, 0xa986, 0xa986, 
	0xa986, 0xa986, 0xa986, 0xa986, 0xa986, 0xa986, 0xa986, 0xa986, 0xa986, 0xa986, 0xa986, 0xa986, 0x636e, 0x6bd1, 0x6bb1, 0x6bb1, 
	0xabeb, 0xa986, 0xa986, 0xa986, 0xa986, 0xa986, 0xa986, 0xa986, 0xa986, 0xa986, 0xa986, 0xa986, 0xa986, 0xa986, 0xa986, 0xa986, 
	0xa986, 0xa986, 0xa986, 0xa986, 0xa986, 0xa986, 0xa986, 0xa986, 0xa986, 0xa986, 0xa986, 0xa986, 0xa986, 0x63b1, 0x5b4f, 0x52ee, 
	0x3a09, 0x2965, 0x2104, 0x2144, 0x2986, 0x31c7, 0x52cd, 0x5b4f, 0x5b2f, 0x4aad, 0x6370, 0x4acd, 0x4aad, 0x4a8c, 0x5b0e, 0x52ac, 
	0x426a, 0x530e, 0x5b50, 0x532f, 0x63b1, 0x5b71, 0x7434, 0x6371, 0x6371, 0x6bd2, 0x63b2, 0x7413, 0x6bd3, 0x6bf3, 0x7434, 0x73f3, 
	0x73f3, 0x63b1, 0x6bd2, 0x6bb1, 0x5b4f, 0x5b2f, 0x5b0e, 0x52cd, 0x5b0e, 0x634f, 0x5b0e, 0x5aee, 0x5b0e, 0x634f, 0x6370, 0x6b90, 
	0x636f, 0x636f, 0x5b0e, 0x4a8c, 0x5b0e, 0x5b0e, 0x634f, 0x6b70, 0x634f, 0x636f, 0x5b2e, 0x52ed, 0x52ad, 0x5aee, 0x5aee, 0x4aac, 
	0x5b0d, 0x4a6a, 0x3a08, 0x3187, 0x4228, 0x4229, 0x39e8, 0x4a8b, 0x52cc, 0x52ed, 0x5b2f, 0x5b2f, 0x52ed, 0x634f, 0x6370, 0x5b2f, 
	0x6370, 0x73d1, 0x52cc, 0x52cc, 0x52ab, 0x52ab, 0x4a8a, 0x52cb, 0x52cb, 0x4a69, 0x4a69, 0x52aa, 0x52aa, 0x5aeb, 0x52aa, 0x4249, 
	0xa986, 0xa986, 0xa986, 0xa986, 0xa986, 0xa986, 0xa986, 0xa986, 0xa986, 0xa986, 0xa986, 0xa986, 0xa986, 0xa986, 0xa986, 0xa986, 
	0xa986, 0xa986, 0xa986, 0xa986, 0xa986, 0xa986, 0xa986, 0xa986, 0xa986, 0xa986, 0xa986, 0xa986, 0x6bd1, 0x6390, 0x7412, 0x7412, 
	0xa3cb, 0xa986, 0xa986, 0xa986, 0xa986, 0xa986, 0xa986, 0xa986, 0xa986, 0xa986, 0xa986, 0xa986, 0xa986, 0xa986, 0xa986, 0xa986, 
	0xa986, 0xa986, 0xa986, 0xa986, 0xa986, 0xa986, 0xa986, 0xa986, 0xa986, 0xa986, 0xa986, 0xa986, 0xa986, 0x63b0, 0x6370, 0x52ed, 
	0x5acd, 0x39e7, 0x2103, 0x1903, 0x2965, 0x31a6, 0x31c7, 0x6390, 0x5b0e, 0x5b2f, 0x4aad, 0x4acd, 0x52cd, 0x52cd, 0x4aac, 0x3a2a, 
	0x424b, 0x52ed, 0x52ee, 0x532f, 0x63b1, 0x63b1, 0x6bf2, 0x6391, 0x5b70, 0x5b70, 0x6391, 0x6bd2, 0x6bf3, 0x63b2, 0x6392, 0x6bf3, 
	0x7413, 0x6391, 0x6bb1, 0x6370, 0x5b2e, 0x530e, 0x52ed, 0x5b2e, 0x6b90, 0x636f, 0x6b70, 0x5b0e, 0x5b2e, 0x52cc, 0x52cc, 0x52ac, 
	0x52cc, 0x52cc, 0x52cc, 0x52cd, 0x6b70, 0x5b2f, 0x5b2e, 0x634f, 0x5b0e, 0x634f, 0x5b0e, 0x5b0e, 0x5b2e, 0x5b0e, 0x5b0e, 0x4a6b, 
	0x4a8b, 0x4209, 0x4209, 0x31c7, 0x3a08, 0x4a4a, 0x5b2e, 0x52cd, 0x5b0e, 0x634f, 0x634f, 0x5b2e, 0x5b0f, 0x632f, 0x634f, 0x5b4f, 
	0x6390, 0x5b4f, 0x52ab, 0x528b, 0x52ab, 0x5b0c, 0x52aa, 0x4a69, 0x52aa, 0x4a8a, 0x52cb, 0x52aa, 0x52cb, 0x4a8a, 0x52aa, 0x4a8a, 
	0xa986, 0xa986, 0xa986, 0xa986, 0xa986, 0xa986, 0xa986, 0xa986, 0xa986, 0xa986, 0xa986, 0xa986, 0xa986, 0xa986, 0xa986, 0xa986, 
	0xa986, 0xa986, 0xa986, 0xa986, 0xa986, 0xa986, 0xa986, 0xa986, 0xa986, 0xa986, 0xa986, 0xa986, 0x6bd1, 0x6bd1, 0x6bd1, 0x6bd1, 
	0xa3aa, 0xa986, 0xa986, 0xa986, 0xa986, 0xa986, 0xa986, 0xa986, 0xa986, 0xa986, 0xa986, 0xa986, 0xa986, 0xa986, 0xa986, 0xa986, 
	0xa986, 0xa986, 0xa986, 0xa986, 0xa986, 0xa986, 0xa986, 0xa986, 0xa986, 0xa986, 0xa986, 0xa986, 0xa986, 0x5b4f, 0x6370, 0x5b4f, 
	0x5b2e, 0x3a08, 0x18c2, 0x2103, 0x2986, 0x3186, 0x3186, 0x4a8c, 0x5b2f, 0x52ee, 0x5b0e, 0x4a8c, 0x52cd, 0x4aad, 0x5b0e, 0x424b, 
	0x4a8c, 0x424b, 0x530e, 0x530e, 0x7412, 0x6390, 0x6bf2, 0x6bb1, 0x6391, 0x5b50, 0x6371, 0x5b50, 0x6bf3, 0x6bf3, 0x6bd2, 0x7c54, 
	0x73f3, 0x5b50, 0x8474, 0x6390, 0x5b4f, 0x636f, 0x636f, 0x6390, 0x5aee, 0x5b0d, 0x52cd, 0x52ed, 0x4aac, 0x4aac, 0x4aab, 0x4a6b, 
	0x4a8b, 0x4a8b, 0x52ec, 0x6b70, 0x634f, 0x634f, 0x634f, 0x6b70, 0x5b2e, 0x632f, 0x5b2e, 0x5aee, 0x5b0e, 0x52ed, 0x52ed, 0x4a6b, 
	0x4229, 0x3a09, 0x424a, 0x422a, 0x4a6b, 0x4aac, 0x5b0e, 0x5b2e, 0x634f, 0x634f, 0x634f, 0x5b0e, 0x634f, 0x5b4f, 0x6370, 0x6370, 
	0x6bd1, 0x52ec, 0x52cc, 0x5aec, 0x52cb, 0x52cb, 0x52ab, 0x52cb, 0x52aa, 0x52aa, 0x52ca, 0x4249, 0x4249, 0x4a69, 0x4249, 0x4a69, 
	0xa986, 0xa986, 0xa986, 0xa986, 0xa986, 0xa986, 0xa986, 0xa986, 0xa986, 0xa986, 0xa986, 0xa986, 0xa986, 0xa986, 0xa986, 0xa986, 
	0xa986, 0xa986, 0xa986, 0xa986, 0xa986, 0xa986, 0xa986, 0xa986, 0xa986, 0xa986, 0xa986, 0xa986, 0x6bf2, 0x6bf2, 0x6bd1, 0x6bf1, 
	0x9baa, 0x9baa, 0x9baa, 0x9369, 0x938a, 0xa986, 0xa986, 0xa986, 0xa986, 0xa986, 0xa986, 0xa986, 0xa986, 0xa986, 0xa986, 0xa986, 
	0xa986, 0xa986, 0xa986, 0xa986, 0xa986, 0xa986, 0xa986, 0xa986, 0xa986, 0x63b1, 0x6390, 0x5b4f, 0x63b1, 0x6390, 0x6390, 0x5b4f, 
	0x52cc, 0x3a29, 0x2103, 0x2104, 0x2985, 0x2965, 0x31a6, 0x39c8, 0x52cd, 0x52ee, 0x4aad, 0x428c, 0x4a8c, 0x4aac, 0x426c, 0x424b, 
	0x426c, 0x530e, 0x63b1, 0x6bd2, 0x6bd2, 0x532f, 0x6390, 0x63b1, 0x6370, 0x5b50, 0x63b1, 0x6bd2, 0x63b1, 0x6bd2, 0x6bb2, 0x5b30, 
	0x6391, 0x7c33, 0x6390, 0x6370, 0x5b4f, 0x6b90, 0x6390, 0x530e, 0x5b0d, 0x4aac, 0x52ed, 0x52cc, 0x4a8b, 0x3a29, 0x4aab, 0x4aab, 
	0x52cc, 0x5b2e, 0x634f, 0x5b0e, 0x634f, 0x634f, 0x634f, 0x5b2f, 0x636f, 0x5b0e, 0x632f, 0x52ed, 0x5b0e, 0x52ac, 0x4a8b, 0x3a09, 
	0x39e8, 0x4229, 0x3a09, 0x4a6b, 0x632e, 0x5b2e, 0x5b2f, 0x634f, 0x5b0e, 0x6b90, 0x634f, 0x634f, 0x5b4f, 0x5b4f, 0x634f, 0x6bb1, 
	0x6b90, 0x52cc, 0x5acc, 0x5aec, 0x4a8a, 0x5b0c, 0x52ab, 0x4a6a, 0x4a8a, 0x4a69, 0x3a08, 0x4228, 0x4248, 0x528a, 0x4a49, 0x4228, 
	0x4207, 0x4a69, 0x4a48, 0x5289, 0xa986, 0xa986, 0xa986, 0xa986, 0xa986, 0xa986, 0xa986, 0xa986, 0xa986, 0xa986, 0xa986, 0xa986, 
	0xa986, 0xa986, 0xa986, 0xa986, 0xa986, 0xa986, 0xa986, 0xa986, 0x52cc, 0x6391, 0x6bd1, 0x6bf2, 0x6bf2, 0x6bd2, 0x6bd1, 0x6bf2, 
	0x9baa, 0x9389, 0x9baa, 0x9389, 0x938a, 0xa986, 0xa986, 0xa986, 0xa986, 0xa986, 0xa986, 0xa986, 0xa986, 0xa986, 0xa986, 0xa986, 
	0xa986, 0xa986, 0xa986, 0xa986, 0xa986, 0xa986, 0xa986, 0xa986, 0xa986, 0x5b70, 0x63b1, 0x7412, 0x63b0, 0x6370, 0x6390, 0x5b2f, 
	0x5b2e, 0x4aab, 0x2965, 0x2144, 0x2144, 0x2144, 0x2965, 0x2986, 0x4aac, 0x4aac, 0x3a0a, 0x4a8c, 0x52cd, 0x5b0e, 0x4aad, 0x426c, 
	0x5b4f, 0x6bb1, 0x63b1, 0x63b1, 0x63b1, 0x6391, 0x5b70, 0x5b50, 0x6391, 0x6391, 0x6370, 0x6391, 0x6bd1, 0x4aee, 0x63b1, 0x6bd1, 
	0x6bd2, 0x6391, 0x6bd1, 0x6390, 0x6bb1, 0x636f, 0x5b4f, 0x52ed, 0x52cd, 0x52cc, 0x4aac, 0x52ec, 0x4a8b, 0x4aab, 0x52cc, 0x4a8b, 
	0x636f, 0x5aee, 0x52ad, 0x52cd, 0x5b0e, 0x634f, 0x632f, 0x5b2f, 0x6bb0, 0x634f, 0x52cd, 0x4aac, 0x4a8b, 0x428a, 0x39c8, 0x4229, 
	0x422a, 0x4a6a, 0x52ec, 0x5b0e, 0x4a8c, 0x52ed, 0x5b2e, 0x6370, 0x6370, 0x6390, 0x5b2f, 0x5b2f, 0x5b4f, 0x6370, 0x6370, 0x6b90, 
	0x52cc, 0x5aed, 0x5b0d, 0x5aec, 0x5aec, 0x52cb, 0x4a8a, 0x4a69, 0x4a69, 0x4228, 0x4a49, 0x4a69, 0x4a69, 0x4a49, 0x4a48, 0x4a48, 
	0x4228, 0x4228, 0x4a49, 0x4a69, 0xa986, 0xa986, 0xa986, 0xa986, 0xa986, 0xa986, 0xa986, 0xa986, 0xa986, 0xa986, 0xa986, 0xa986, 
	0xa986, 0xa986, 0xa986, 0xa986, 0xa986, 0xa986, 0xa986, 0xa986, 0x6bb0, 0x5b50, 0x6bd2, 0x63b1, 0x7433, 0x7412, 0x7413, 0x6bf2, 
	0x9389, 0x9389, 0x9369, 0x9389, 0x938a, 0xa986, 0xa986, 0xa986, 0xa986, 0xa986, 0xa986, 0xa986, 0xa986, 0xa986, 0xa986, 0xa986, 
	0xa986, 0xa986, 0xa986, 0xa986, 0xa986, 0xa986, 0xa986, 0xa986, 0xa986, 0x5b50, 0x6390, 0x6390, 0x6390, 0x6390, 0x530e, 0x5b2f, 
	0x5b2e, 0x52ac, 0x426a, 0x1903, 0x2124, 0x1903, 0x2985, 0x2986, 0x31a7, 0x4aac, 0x4a8c, 0x52ce, 0x4a8d, 0x6350, 0x4a6c, 0x424b, 
	0x5b70, 0x6391, 0x6391, 0x6370, 0x5b70, 0x5b50, 0x5b4f, 0x5b70, 0x4acd, 0x5b50, 0x6391, 0x7433, 0x6bf2, 0x63b1, 0x63b1, 0x5b50, 
	0x7433, 0x6bf2, 0x6390, 0x6390, 0x634f, 0x6370, 0x5b4f, 0x5b2e, 0x5b2e, 0x52cc, 0x52cc, 0x4aac, 0x52ed, 0x52ed, 0x5b0d, 0x5b0d, 
	0x5b0d, 0x52ed, 0x52cd, 0x52cd, 0x5b2e, 0x634f, 0x52cd, 0x5b2f, 0x5b0e, 0x52ed, 0x5aed, 0x52ec, 0x4a8b, 0x4a8b, 0x4a8b, 0x5aed, 
	0x52ab, 0x4a8b, 0x52ee, 0x52ed, 0x634f, 0x634f, 0x5b0e, 0x6350, 0x6370, 0x6bb1, 0x6370, 0x5b4f, 0x6370, 0x6370, 0x636f, 0x5b0e, 
	0x632d, 0x5aec, 0x52cc, 0x52ab, 0x52ab, 0x4a8a, 0x52ca, 0x4249, 0x4248, 0x3a08, 0x4a49, 0x4a49, 0x4a49, 0x4a69, 0x4a69, 0x4227, 
	0x4248, 0x4228, 0x4208, 0x4a69, 0xa986, 0xa986, 0xa986, 0xa986, 0xa986, 0xa986, 0xa986, 0xa986, 0xa986, 0xa986, 0xa986, 0xa986, 
	0xa986, 0xa986, 0xa986, 0xa986, 0xa986, 0xa986, 0xa986, 0xa986, 0x63b1, 0x6bb1, 0x6bd2, 0x6bb1, 0x73f2, 0x6bd2, 0x7433, 0x6bd1, 
	0x9389, 0x9389, 0x9389, 0x9389, 0x938a, 0xa986, 0xa986, 0xa986, 0xa986, 0xa986, 0xa986, 0xa986, 0xa986, 0xa986, 0xa986, 0xa986, 
	0xa986, 0xa986, 0xa986, 0xa986, 0xa986, 0xa986, 0xa986, 0xa986, 0xa986, 0x5b2e, 0x6390, 0x5b70, 0x6390, 0x530e, 0x5b6f, 0x5b4f, 
	0x5b2f, 0x52cd, 0x39e8, 0x2104, 0x2124, 0x2124, 0x2965, 0x2986, 0x3a08, 0x4249, 0x424a, 0x426b, 0x634f, 0x530e, 0x530e, 0x532f, 
	0x5b70, 0x5b70, 0x6370, 0x532f, 0x6370, 0x5b50, 0x5b50, 0x5b70, 0x6bd1, 0x7412, 0x6bf2, 0x6391, 0x63b1, 0x6bd1, 0x6391, 0x63b1, 
	0x6bb1, 0x5b70, 0x6390, 0x6bd1, 0x73d1, 0x6bb1, 0x5b2e, 0x530e, 0x5b2e, 0x634e, 0x52cc, 0x4aac, 0x52ec, 0x52ed, 0x52cc, 0x4aab, 
	0x52cc, 0x5b2e, 0x52ee, 0x52ee, 0x5b0e, 0x632f, 0x634f, 0x634f, 0x5b0e, 0x5b0e, 0x52cd, 0x5b0e, 0x52ec, 0x5b0d, 0x424a, 0x422a, 
	0x52ab, 0x52cd, 0x5b2e, 0x634f, 0x634f, 0x6b90, 0x6390, 0x6bd1, 0x6370, 0x6370, 0x5b2f, 0x6390, 0x6390, 0x6390, 0x632f, 0x52cc, 
	0x5aec, 0x5aec, 0x52cc, 0x52cb, 0x52cb, 0x4a8a, 0x4a69, 0x528a, 0x4a69, 0x4a69, 0x528a, 0x4a49, 0x4a49, 0x4a48, 0x4228, 0x4a49, 
	0x4228, 0x4248, 0x4a69, 0x5acb, 0xa986, 0xa986, 0xa986, 0xa986, 0xa986, 0xa986, 0xa986, 0xa986, 0xa986, 0xa986, 0xa986, 0xa986, 
	0xa986, 0xa986, 0xa986, 0xa986, 0xa986, 0xa986, 0xa986, 0xa986, 0x6bf2, 0x63b1, 0x6bd2, 0x6bd1, 0x6bb1, 0x73f2, 0x6bf2, 0x6bf2, 
	0x9389, 0x9389, 0x9389, 0x9389, 0x9369, 0x8b08, 0x8b28, 0x8b29, 0x8b49, 0xa986, 0xa986, 0xa986, 0xa986, 0xa986, 0xa986, 0xa986, 
	0xa986, 0xa986, 0xa986, 0xa986, 0xa986, 0x39e7, 0x0882, 0x2124, 0x2986, 0x3a2a, 0x5b70, 0x63b1, 0x6390, 0x5b6f, 0x5b6f, 0x5b4f, 
	0x530e, 0x632e, 0x39e8, 0x2945, 0x2104, 0x18e3, 0x2145, 0x2965, 0x31a6, 0x31c7, 0x31a6, 0x52ec, 0x530e, 0x52ee, 0x52ee, 0x5b70, 
	0x6390, 0x63b1, 0x6bd2, 0x6391, 0x6390, 0x6bb1, 0x6391, 0x5b70, 0x532f, 0x6bd1, 0x6391, 0x6bd1, 0x5b4f, 0x63b1, 0x6bf2, 0x6bd1, 
	0x6bd1, 0x63b1, 0x6390, 0x5b70, 0x5b4f, 0x6370, 0x530e, 0x5b2e, 0x5b0d, 0x52cc, 0x5b0d, 0x4a8b, 0x5b0d, 0x52cc, 0x52cc, 0x5b0d, 
	0x52ed, 0x52ec, 0x52ad, 0x52ee, 0x5b0e, 0x5b2e, 0x634f, 0x5b2e, 0x5b2e, 0x5b2e, 0x5aed, 0x5b0d, 0x424a, 0x3a09, 0x4a4a, 0x52cc, 
	0x5b0e, 0x5b0e, 0x634f, 0x6370, 0x5b2f, 0x6370, 0x5b2f, 0x6370, 0x634f, 0x6390, 0x530e, 0x6b90, 0x6bd1, 0x6bb0, 0x5aec, 0x52ac, 
	0x52ab, 0x5aec, 0x52cb, 0x52cb, 0x5b0c, 0x4229, 0x4a69, 0x4a69, 0x4a69, 0x4a69, 0x4a49, 0x4228, 0x4228, 0x4a49, 0x4228, 0x4228, 
	0x4a69, 0x52aa, 0x52aa, 0x4a8a, 0x52cb, 0x52aa, 0x4a8a, 0x4a8a, 0xa986, 0xa986, 0xa986, 0xa986, 0xa986, 0xa986, 0xa986, 0xa986, 
	0xa986, 0xa986, 0xa986, 0xa986, 0x5b2e, 0x424a, 0x4a8b, 0x5b70, 0x63b1, 0x6bf2, 0x63b1, 0x6bb1, 0x6bd2, 0x6bf2, 0x73f2, 0x6bf2, 
	0x9389, 0x9369, 0x9389, 0x9369, 0x8b49, 0x8b49, 0x8b29, 0x8b49, 0x8308, 0xa986, 0xa986, 0xa986, 0xa986, 0xa986, 0xa986, 0xa986, 
	0xa986, 0xa986, 0xa986, 0xa986, 0xa986, 0x39c7, 0x0020, 0x2125, 0x2986, 0x39e8, 0x5b50, 0x5b70, 0x6bb1, 0x5b70, 0x6390, 0x5b2f, 
	0x530e, 0x52ed, 0x4a6a, 0x3a07, 0x2965, 0x2164, 0x2965, 0x2965, 0x2986, 0x2985, 0x2986, 0x424a, 0x530e, 0x532f, 0x6390, 0x5b70, 
	0x5b50, 0x63b1, 0x6391, 0x6390, 0x5b50, 0x6bb1, 0x6391, 0x532f, 0x530e, 0x532f, 0x5b50, 0x52ee, 0x5b4f, 0x5b70, 0x6bb1, 0x5b4f, 
	0x5b4f, 0x63b0, 0x6390, 0x63b1, 0x63b1, 0x530e, 0x634f, 0x5b4f, 0x634f, 0x52cc, 0x52ed, 0x4aac, 0x52ed, 0x52ed, 0x52ec, 0x5b0d, 
	0x4aac, 0x52cc, 0x634f, 0x5b0e, 0x52ee, 0x632f, 0x5b2e, 0x5b0d, 0x4a8b, 0x4a8b, 0x426a, 0x4a6b, 0x422a, 0x4a8b, 0x4a8b, 0x5b0e, 
	0x6370, 0x5b2f, 0x5b2e, 0x5b2f, 0x5b2f, 0x6370, 0x6390, 0x5b2f, 0x6370, 0x6370, 0x6bb1, 0x6b90, 0x636f, 0x52ac, 0x52ab, 0x5aec, 
	0x5aec, 0x5aec, 0x5aec, 0x52ab, 0x4a8a, 0x4a8a, 0x4a6a, 0x4a8a, 0x528a, 0x4228, 0x4a49, 0x4228, 0x4a49, 0x528a, 0x4248, 0x4a69, 
	0x52aa, 0x52ca, 0x4a89, 0x52ca, 0x4a8a, 0x4a8a, 0x4a69, 0x4a8a, 0xa986, 0xa986, 0xa986, 0xa986, 0xa986, 0xa986, 0xa986, 0xa986, 
	0xa986, 0xa986, 0xa986, 0xa986, 0x52ec, 0x52ac, 0x5b2d, 0x6390, 0x63b1, 0x63b1, 0x63b1, 0x63b1, 0x73f2, 0x6370, 0x6bd2, 0x6bd1, 
	0x9389, 0x9389, 0x9369, 0x8b69, 0x8b49, 0x8b49, 0x8328, 0x8328, 0x8329, 0xa986, 0xa986, 0xa986, 0xa986, 0xa986, 0xa986, 0xa986, 
	0xa986, 0xa986, 0xa986, 0xa986, 0xa986, 0x39e7, 0x0861, 0x1904, 0x2986, 0x31a6, 0x530e, 0x5b50, 0x6391, 0x6390, 0x5b70, 0x5b2f, 
	0x530e, 0x5b0e, 0x4a8b, 0x4248, 0x2144, 0x2985, 0x18e3, 0x31a6, 0x2965, 0x31a6, 0x31a6, 0x3a29, 0x63b0, 0x4aee, 0x5b4f, 0x5b4f, 
	0x5b70, 0x6391, 0x5b50, 0x6bd1, 0x5b70, 0x6bf2, 0x6370, 0x530e, 0x5b70, 0x5b4f, 0x6390, 0x5b4f, 0x5b2f, 0x5b4f, 0x5b4f, 0x5b4f, 
	0x5b70, 0x5b70, 0x6bf2, 0x6bd1, 0x532f, 0x5b4f, 0x530e, 0x5b4f, 0x5b0e, 0x52ed, 0x4aac, 0x5b0d, 0x52cc, 0x5b0d, 0x52ec, 0x52ec, 
	0x5b0d, 0x5b0d, 0x6b8f, 0x5b0d, 0x52cc, 0x52cc, 0x4a8b, 0x4a8b, 0x424a, 0x4a6b, 0x424a, 0x424a, 0x424a, 0x4a8c, 0x634f, 0x636f, 
	0x636f, 0x5b4f, 0x6370, 0x5b4f, 0x5b2f, 0x6370, 0x5b2f, 0x6bb1, 0x6390, 0x5b2f, 0x636f, 0x6b90, 0x5aed, 0x52ab, 0x52ab, 0x5acc, 
	0x5aec, 0x5aec, 0x4a8a, 0x4a8a, 0x4a8a, 0x52aa, 0x4249, 0x4a69, 0x4228, 0x4228, 0x4228, 0x4208, 0x4249, 0x4a69, 0x4a69, 0x4a69, 
	0x52aa, 0x4a69, 0x4a6a, 0x4a8a, 0x52ab, 0x4a6a, 0x4a8a, 0x4a6a, 0xa986, 0xa986, 0xa986, 0xa986, 0xa986, 0xa986, 0xa986, 0xa986, 
	0xa986, 0xa986, 0xa986, 0xa986, 0x4aab, 0x428a, 0x636f, 0x63b1, 0x5b70, 0x63b1, 0x6bb1, 0x73f2, 0x6bf2, 0x73f2, 0x6bf2, 0x6390, 
	0x8b69, 0x93aa, 0x938a, 0x8b69, 0x8328, 0x8b49, 0x8328, 0x8308, 0x82e8, 0xa986, 0xa986, 0xa986, 0xa986, 0xa986, 0xa986, 0xa986, 
	0xa986, 0xa986, 0xa986, 0xa986, 0xa986, 0x39e7, 0x0881, 0x10c3, 0x2145, 0x31a6, 0x39e9, 0x6370, 0x5b70, 0x5b70, 0x6390, 0x5b4f, 
	0x52ee, 0x5b0e, 0x424a, 0x3a08, 0x2144, 0x2124, 0x1923, 0x2985, 0x2986, 0x2986, 0x31a6, 0x31e7, 0x530e, 0x530f, 0x6370, 0x530f, 
	0x5b50, 0x5b2f, 0x6370, 0x5b50, 0x5b70, 0x6391, 0x5b50, 0x5b4f, 0x5b4f, 0x5b4f, 0x6bd1, 0x63b0, 0x6390, 0x5b6f, 0x6390, 0x6390, 
	0x5b70, 0x6390, 0x5b70, 0x5b4f, 0x5b70, 0x5b4f, 0x636f, 0x5b4f, 0x5b4f, 0x634f, 0x5b0e, 0x5b0d, 0x5b2d, 0x52ed, 0x5b2e, 0x52cc, 
	0x426b, 0x4a8b, 0x424a, 0x52cc, 0x634f, 0x5b0e, 0x5b0e, 0x5b0e, 0x5b0e, 0x52cd, 0x52cd, 0x52cd, 0x52ee, 0x5b2e, 0x6390, 0x636f, 
	0x5b2f, 0x4acd, 0x5b2f, 0x5b2f, 0x6370, 0x6bb1, 0x6370, 0x6370, 0x6b90, 0x5b4f, 0x6370, 0x632e, 0x528b, 0x4a8a, 0x5aeb, 0x52cb, 
	0x52cb, 0x52cb, 0x52ab, 0x52ab, 0x4a8a, 0x4249, 0x4a69, 0x4a69, 0x4a69, 0x4249, 0x4a69, 0x3a08, 0x4249, 0x4a69, 0x4a69, 0x4a69, 
	0x4249, 0x4a89, 0x3a08, 0x4209, 0x4249, 0x4a6a, 0x52aa, 0x4a69, 0xa986, 0xa986, 0xa986, 0xa986, 0xa986, 0xa986, 0xa986, 0xa986, 
	0xa986, 0xa986, 0xa986, 0xa986, 0x4aac, 0x52cc, 0x634f, 0x5b70, 0x6370, 0x6bb1, 0x6391, 0x63b1, 0x6bd2, 0x6bb1, 0x6bd2, 0x5b70, 
	0x93aa, 0x938a, 0x8b49, 0x8b49, 0x8b49, 0x8b29, 0x8308, 0x8328, 0x7ae8, 0x7ac7, 0x7ac7, 0x7ac7, 0x6a86, 0xa986, 0xa986, 0xa986, 
	0xa986, 0x4228, 0x39e7, 0x31a6, 0x3186, 0x39c7, 0x2145, 0x10c3, 0x2965, 0x2986, 0x2987, 0x5b2f, 0x5b70, 0x532f, 0x5b4f, 0x532f, 
	0x530e, 0x4aed, 0x52cc, 0x3a08, 0x2986, 0x2124, 0x2164, 0x31a6, 0x31a6, 0x2986, 0x39e7, 0x31a7, 0x52ed, 0x530f, 0x530f, 0x6390, 
	0x530e, 0x4aee, 0x6370, 0x6370, 0x6bd2, 0x6390, 0x5b2f, 0x532f, 0x530e, 0x6bd1, 0x5b4f, 0x5b4f, 0x530e, 0x532f, 0x5b70, 0x5b6f, 
	0x5b4f, 0x6390, 0x5b70, 0x5b70, 0x532f, 0x5b2f, 0x5b4f, 0x636f, 0x4acd, 0x5b0e, 0x5b0e, 0x5b2e, 0x5b0d, 0x4aab, 0x52cc, 0x52ed, 
	0x4aac, 0x5b0d, 0x5b2d, 0x5b2e, 0x5b0e, 0x5b0e, 0x634f, 0x52ee, 0x5b0e, 0x5b0e, 0x5b2f, 0x5b0e, 0x5b2e, 0x634f, 0x5b4f, 0x5b4f, 
	0x6390, 0x6390, 0x5b2f, 0x5b2f, 0x6390, 0x6370, 0x6370, 0x6370, 0x6390, 0x634f, 0x5b0d, 0x5aed, 0x4a8a, 0x4a6a, 0x5aeb, 0x5b0c, 
	0x52cb, 0x52cb, 0x52cb, 0x4a8a, 0x4a6a, 0x4a8a, 0x4a69, 0x4a69, 0x4249, 0x4249, 0x4228, 0x4a69, 0x4228, 0x4249, 0x4a8a, 0x52aa, 
	0x4249, 0x4a69, 0x4a8a, 0x4a6a, 0x4a6a, 0x52ab, 0x52cb, 0x4a6a, 0x4a6a, 0x4a6a, 0x4a6a, 0x4a6a, 0xa986, 0xa986, 0xa986, 0xa986, 
	0x73d2, 0x6bd1, 0x63b1, 0x5b4e, 0x4aab, 0x52cc, 0x530d, 0x5b70, 0x6390, 0x6bf2, 0x6bd2, 0x63b1, 0x6bb1, 0x6bf2, 0x63b1, 0x5b70, 
	0x93a9, 0x9389, 0x93aa, 0x8b49, 0x8328, 0x8328, 0x8328, 0x8328, 0x7ae8, 0x7ac7, 0x7ac8, 0x72a7, 0x6268, 0xa986, 0xa986, 0xa986, 
	0xa986, 0x31a6, 0x31a6, 0x31a6, 0x31a6, 0x39e7, 0x39c7, 0x10a2, 0x2965, 0x31a6, 0x31a7, 0x6371, 0x6370, 0x6390, 0x5b70, 0x532e, 
	0x5b2f, 0x530d, 0x4a8b, 0x4a6a, 0x31a7, 0x2164, 0x2964, 0x2144, 0x2144, 0x2986, 0x39e7, 0x31c7, 0x426a, 0x530f, 0x532f, 0x5b2f, 
	0x6390, 0x6390, 0x5b4f, 0x532f, 0x6370, 0x5b70, 0x5b70, 0x5b6f, 0x532f, 0x532f, 0x5b2f, 0x5b70, 0x5b4f, 0x532f, 0x5b4f, 0x532f, 
	0x5b2f, 0x5b4f, 0x5b4f, 0x5b70, 0x530e, 0x73f2, 0x73f2, 0x530e, 0x5b4f, 0x5b2e, 0x52ee, 0x5b2e, 0x52cd, 0x5b0d, 0x4aac, 0x52cc, 
	0x4aac, 0x5b0d, 0x5b2e, 0x634f, 0x632f, 0x634f, 0x5b0e, 0x634f, 0x5aee, 0x52ed, 0x634f, 0x5aee, 0x5b0e, 0x5b4f, 0x5b0e, 0x6370, 
	0x5b4f, 0x5b4f, 0x6370, 0x5b2f, 0x6390, 0x6bb1, 0x6bd1, 0x6bb0, 0x634f, 0x632e, 0x4a8b, 0x52ab, 0x4249, 0x4a6a, 0x52ab, 0x5b0c, 
	0x5aec, 0x52ab, 0x4a69, 0x4a8a, 0x4249, 0x4249, 0x4228, 0x4228, 0x4228, 0x4228, 0x4249, 0x52aa, 0x4a8a, 0x4a69, 0x4a89, 0x4249, 
	0x4a69, 0x4a8a, 0x52aa, 0x52ab, 0x52ab, 0x52ab, 0x4a6a, 0x4a8a, 0x4a69, 0x52aa, 0x4a6a, 0x4a8a, 0xa986, 0xa986, 0xa986, 0xa986, 
	0x6bd1, 0x7412, 0x6bb1, 0x5b4e, 0x52ec, 0x424a, 0x5b0d, 0x5b50, 0x5b50, 0x6391, 0x6391, 0x6390, 0x6bd1, 0x6bd2, 0x6bd1, 0x6391, 
	0x936a, 0x936a, 0x8b69, 0x8b49, 0x8328, 0x8308, 0x8308, 0x7ae8, 0x7ae8, 0x7ac7, 0x72a7, 0x6a87, 0x3163, 0xa986, 0xa986, 0xa986, 
	0xa986, 0x31c6, 0x31a6, 0x31a6, 0x31a6, 0x39e6, 0x39e7, 0x1082, 0x2945, 0x3186, 0x31a7, 0x52ee, 0x5b50, 0x5b4f, 0x5b4f, 0x5b70, 
	0x530e, 0x4aed, 0x4a8b, 0x4229, 0x31c7, 0x2123, 0x29a5, 0x2985, 0x2985, 0x2986, 0x31a6, 0x31c6, 0x3207, 0x5b6f, 0x532f, 0x5b2f, 
	0x532f, 0x5b4f, 0x5b2f, 0x5b2f, 0x5b4f, 0x5b6f, 0x6390, 0x5b2f, 0x532e, 0x4aee, 0x4aee, 0x532f, 0x4aed, 0x5b4f, 0x532e, 0x52ee, 
	0x6390, 0x5b70, 0x6390, 0x5b6f, 0x6390, 0x5b2e, 0x5b2e, 0x52ed, 0x52ed, 0x5b2f, 0x634f, 0x5b2e, 0x5b2e, 0x52cd, 0x5b0d, 0x52cd, 
	0x5aee, 0x5b0e, 0x52cd, 0x636f, 0x5b0e, 0x5b0e, 0x5aee, 0x5b2e, 0x5b0e, 0x5b2e, 0x52ed, 0x5b2f, 0x636f, 0x5b4f, 0x5b2f, 0x5b2f, 
	0x6390, 0x6370, 0x5b2f, 0x6bb1, 0x73d1, 0x6390, 0x6390, 0x6390, 0x5aec, 0x52ab, 0x52aa, 0x52cb, 0x4a6a, 0x4a6a, 0x5b0c, 0x52cb, 
	0x52ab, 0x52cb, 0x4a8a, 0x4a8a, 0x4249, 0x4a69, 0x4228, 0x4a69, 0x4228, 0x4a69, 0x4a69, 0x4a69, 0x3a07, 0x52aa, 0x4228, 0x4a8a, 
	0x4249, 0x4a69, 0x4a8a, 0x4a8a, 0x4a8a, 0x4a8a, 0x4249, 0x52cb, 0x4a6a, 0x4a6a, 0x4a8a, 0x4249, 0xa986, 0xa986, 0xa986, 0xa986, 
	0x6bd1, 0x6bf2, 0x63b1, 0x5b4e, 0x4aab, 0x426a, 0x5aed, 0x5b4f, 0x5b70, 0x6bd1, 0x63b1, 0x63b1, 0x7412, 0x6bd1, 0x6390, 0x5b4f, 
	0x936a, 0x8b69, 0x8328, 0x8b29, 0x82e8, 0x8308, 0x8308, 0x82e8, 0x7ac7, 0x72c8, 0x6ac7, 0x72a7, 0x10a2, 0xa986, 0xa986, 0xa986, 
	0xa986, 0x3a07, 0x31a5, 0x31c6, 0x3185, 0x39c6, 0x39c6, 0x10a2, 0x2124, 0x2966, 0x3186, 0x424b, 0x532f, 0x5b4f, 0x6370, 0x6370, 
	0x5b2f, 0x5aee, 0x4a8c, 0x4a6a, 0x39e8, 0x2145, 0x2944, 0x2944, 0x29a5, 0x39e6, 0x31a6, 0x31a6, 0x3a07, 0x4a8c, 0x52ee, 0x5b4f, 
	0x5b2f, 0x6390, 0x530e, 0x6390, 0x5b4f, 0x634f, 0x5b4f, 0x5b4f, 0x530e, 0x5b0e, 0x5b2f, 0x5b4f, 0x5b2f, 0x6b90, 0x6370, 0x5b4f, 
	0x5b2f, 0x5b4f, 0x5b4f, 0x530e, 0x4aad, 0x5b4f, 0x530e, 0x5b0e, 0x6390, 0x5b0e, 0x5b2e, 0x5b0d, 0x52ed, 0x4a8c, 0x5b0d, 0x5b0d, 
	0x5b0d, 0x52ed, 0x52cd, 0x52cd, 0x6b8f, 0x5b0e, 0x5b0d, 0x52cd, 0x4aab, 0x52ac, 0x5b0e, 0x634f, 0x52ee, 0x6b90, 0x5b0e, 0x6370, 
	0x5b4f, 0x6370, 0x634f, 0x6390, 0x6390, 0x6bb1, 0x636f, 0x52ec, 0x52ab, 0x52ab, 0x4a8a, 0x4a6a, 0x4249, 0x52cb, 0x5aec, 0x52ab, 
	0x52aa, 0x4a8a, 0x52ab, 0x4a6a, 0x4a69, 0x4a69, 0x4249, 0x4a69, 0x4249, 0x4249, 0x4228, 0x4249, 0x4228, 0x4a69, 0x4a8a, 0x52aa, 
	0x4a8a, 0x52ab, 0x52ab, 0x52ab, 0x52aa, 0x52cb, 0x4a8a, 0x52cb, 0x4a6a, 0x4249, 0x4a6a, 0x4a6a, 0xa986, 0xa986, 0xa986, 0xa986, 
	0x73f2, 0x6bb1, 0x6390, 0x5b0d, 0x4229, 0x3a29, 0x52ec, 0x5b70, 0x6370, 0x6391, 0x6bd2, 0x63b1, 0x6391, 0x63b1, 0x6390, 0x5b2f
};


const int frame_5_bitmap_len = 128 * 160;

#endif
