#ifndef FRAME_8_H
#define FRAME_8_H

#include <Arduino.h>

const uint16_t frame_8_bitmap[] PROGMEM =  {
	0xf77c, 0xf77c, 0xef5c, 0xe71b, 0xe71b, 0xe71b, 0xe71b, 0xef3b, 0xef3b, 0xe6fa, 0xa986, 0xa986, 0xa986, 0xa986, 0xe6fa, 0xe6fa, 
	0xdeda, 0xe6fa, 0xe73b, 0xe71a, 0xe6fa, 0xe6fa, 0xa986, 0xa986, 0xa986, 0xa986, 0xded9, 0xded9, 0xded9, 0xdef9, 0xded9, 0xe6fa, 
	0xe71a, 0xe6fa, 0xe6fa, 0xef3b, 0xe71a, 0xef3b, 0xef3b, 0xef5c, 0xe6fa, 0xe71b, 0xdefa, 0xe71b, 0xe75b, 0xef5b, 0xef5b, 0xef7c, 
	0xef7c, 0xef7c, 0xef7c, 0xe73b, 0xe73b, 0xe71b, 0xef3b, 0xef5b, 0xef5c, 0xef3b, 0xe71b, 0xe71b, 0xe71a, 0xe71b, 0xe71b, 0xe71b, 
	0xe71b, 0xe71b, 0xe71b, 0xdeb9, 0xe6fa, 0xe71a, 0xe71a, 0xe71a, 0xe71a, 0xe6fa, 0xe6fa, 0xe71b, 0xf77c, 0xf77c, 0xdefa, 0xef3b, 
	0xe73a, 0xdef9, 0xded8, 0xe71a, 0xdefa, 0xe71a, 0xe71a, 0xe719, 0xe6fa, 0xe71a, 0xe6fa, 0xe73b, 0xef5b, 0xe73a, 0xef5b, 0xef3b, 
	0xef5b, 0xef3b, 0xf77c, 0xf79c, 0xef3b, 0xe71b, 0xe71a, 0xe73b, 0xef7c, 0xef3b, 0xe73a, 0xdef9, 0xded8, 0xdef9, 0xd6b8, 0xd6b8, 
	0xdeb8, 0xdeb8, 0xdeb8, 0xdeb8, 0xe71a, 0xe6f9, 0xe6d9, 0xe6f9, 0xdeb8, 0xde98, 0xdeb8, 0xde98, 0xdeb8, 0xe6d9, 0xdeb8, 0xdeb8, 
	0xd698, 0xdef9, 0xded9, 0xdef9, 0xe6f9, 0xdeb8, 0xa986, 0xa986, 0xa986, 0xa986, 0xded9, 0xde98, 0xdeb8, 0xdeb8, 0xe6d9, 0xded9, 
	0xd698, 0xdeb8, 0xa986, 0xa986, 0xa986, 0xa986, 0xdef9, 0xe73b, 0xdef9, 0xe73a, 0xef3b, 0xef3b, 0xe71b, 0xef1b, 0xe6fa, 0xef3b, 
	0xe75b, 0xef5b, 0xef3b, 0xef3b, 0xe6fa, 0xe71b, 0xef3b, 0xef5b, 0xe71a, 0xe71b, 0xa986, 0xa986, 0xa986, 0xa986, 0xe6fa, 0xe6fa, 
	0xe71a, 0xdeda, 0xe71a, 0xdef9, 0xded9, 0xdef9, 0xa986, 0xa986, 0xa986, 0xa986, 0xded9, 0xded9, 0xdefa, 0xdeda, 0xdeb9, 0xd699, 
	0xe6fa, 0xe6fa, 0xded9, 0xe71a, 0xe6fa, 0xe6fa, 0xe71b, 0xe71b, 0xe71b, 0xe73b, 0xe73b, 0xef5c, 0xe75b, 0xef7c, 0xe75b, 0xf79c, 
	0xef7c, 0xdefa, 0xe75b, 0xef7c, 0xe75b, 0xe75b, 0xe73b, 0xe6fa, 0xe71b, 0xef3b, 0xe71a, 0xe71b, 0xe6fa, 0xdeda, 0xe71b, 0xe71b, 
	0xe71b, 0xe71b, 0xe71b, 0xded9, 0xe71a, 0xe71a, 0xe6fa, 0xe71a, 0xdeda, 0xe6fa, 0xe6fa, 0xef3b, 0xef5c, 0xef5c, 0xe6fa, 0xe73b, 
	0xe73a, 0xdefa, 0xe6fa, 0xdefa, 0xdef9, 0xe73a, 0xe73a, 0xe6f9, 0xe73a, 0xe71a, 0xe6fa, 0xe71a, 0xe71a, 0xe73a, 0xef7b, 0xef3b, 
	0xef5c, 0xef5c, 0xf77c, 0xf77c, 0xef7c, 0xef3b, 0xe71a, 0xef5b, 0xe6fa, 0xe71a, 0xded9, 0xe71a, 0xef5a, 0xd698, 0xdeb8, 0xd698, 
	0xded9, 0xded9, 0xded9, 0xdeb8, 0xe6d9, 0xdeb8, 0xe6f9, 0xdeb8, 0xe6d9, 0xdeb8, 0xdeb8, 0xe6f9, 0xdeb8, 0xe6d9, 0xe6d9, 0xded9, 
	0xd6b8, 0xdef9, 0xef5a, 0xdef9, 0xe6f9, 0xdeb8, 0xa986, 0xa986, 0xa986, 0xa986, 0xe6f9, 0xde98, 0xdeb8, 0xdeb8, 0xdeb8, 0xe6d9, 
	0xde98, 0xdeb8, 0xa986, 0xa986, 0xa986, 0xa986, 0xe6fa, 0xe71a, 0xded9, 0xe6fa, 0xf77c, 0xff9c, 0xef1b, 0xef3b, 0xe6fa, 0xe71b, 
	0xef7c, 0xef7c, 0xef7c, 0xe71b, 0xe71b, 0xe71a, 0xef3b, 0xef3b, 0xa986, 0xa986, 0xa986, 0xa986, 0xa986, 0xa986, 0xa986, 0xa986, 
	0xdeda, 0xe71b, 0xe6fa, 0xe71a, 0xa986, 0xa986, 0xa986, 0xa986, 0xa986, 0xa986, 0xa986, 0xa986, 0xdefa, 0xe6fa, 0xe71b, 0xdeb9, 
	0xded9, 0xdefa, 0xded9, 0xe6fa, 0xe6fa, 0xe6fa, 0xe6fa, 0xdefa, 0xe73b, 0xe73b, 0xe75b, 0xe73b, 0xe75b, 0xe73b, 0xe75b, 0xe75b, 
	0xef7c, 0xe75b, 0xe73b, 0xe73b, 0xe73b, 0xe73b, 0xe73b, 0xe71a, 0xe6fa, 0xe71a, 0xe71a, 0xe6fa, 0xe71a, 0xe71a, 0xe71a, 0xe6fa, 
	0xe71a, 0xe71a, 0xe71a, 0xe71a, 0xe71a, 0xe71a, 0xe71a, 0xe73a, 0xe6fa, 0xe6fa, 0xe71b, 0xef3b, 0xef3b, 0xe71a, 0xe73b, 0xe73b, 
	0xef3b, 0xe73a, 0xded9, 0xe71a, 0xef3b, 0xe73a, 0xe71a, 0xe73a, 0xef3b, 0xe71a, 0xe73b, 0xe71a, 0xef5b, 0xe73a, 0xef5b, 0xf79c, 
	0xf77c, 0xf79d, 0xf77c, 0xf77c, 0xef5c, 0xef5b, 0xef3b, 0xe73b, 0xef5b, 0xded9, 0xef5b, 0xe6f9, 0xded8, 0xded8, 0xe719, 0xdef9, 
	0xdeb8, 0xe6d9, 0xdeb8, 0xdeb8, 0xde98, 0xdeb8, 0xded9, 0xe6f9, 0xdeb8, 0xe6d9, 0xd677, 0xde98, 0xef1a, 0xdeb8, 0xe719, 0xded9, 
	0xdeb8, 0xded9, 0xded9, 0xe719, 0xa986, 0xa986, 0xa986, 0xa986, 0xa986, 0xa986, 0xa986, 0xa986, 0xe6d9, 0xdeb8, 0xded9, 0xde98, 
	0xa986, 0xa986, 0xa986, 0xa986, 0xa986, 0xa986, 0xa986, 0xa986, 0xe73a, 0xef5b, 0xef1b, 0xef1b, 0xe71b, 0xe71b, 0xef3b, 0xef3b, 
	0xef9c, 0xef7c, 0xe73b, 0xef3b, 0xe71b, 0xef3b, 0xef3b, 0xef3b, 0xa986, 0xa986, 0xa986, 0xa986, 0xa986, 0xa986, 0xa986, 0xa986, 
	0xdeda, 0xdeda, 0xe71b, 0xe6fa, 0xa986, 0xa986, 0xa986, 0xa986, 0xa986, 0xa986, 0xa986, 0xa986, 0xdefa, 0xef3b, 0xe73b, 0xded9, 
	0xdefa, 0xded9, 0xe6fa, 0xe71a, 0xe6fa, 0xe6fa, 0xe71b, 0xe71b, 0xdf1a, 0xe71b, 0xded9, 0xe73b, 0xe73b, 0xef5c, 0xe75b, 0xef7c, 
	0xef7c, 0xdeda, 0xe71b, 0xe75b, 0xe75b, 0xef5c, 0xef7c, 0xe73b, 0xe71a, 0xe71a, 0xe71a, 0xe71a, 0xe71a, 0xe71a, 0xe73a, 0xe6fa, 
	0xe6fa, 0xe71a, 0xe71a, 0xe73b, 0xdefa, 0xe6fa, 0xe71a, 0xe6fa, 0xe71a, 0xe71b, 0xef3b, 0xef3b, 0xe71b, 0xef3b, 0xdefa, 0xe73a, 
	0xef3b, 0xef3b, 0xe73a, 0xe73b, 0xe73b, 0xe71a, 0xe71a, 0xe71a, 0xe71a, 0xe73b, 0xe71a, 0xef5b, 0xe73a, 0xe71a, 0xef3b, 0xf77c, 
	0xf77c, 0xef5c, 0xf77c, 0xf77c, 0xffbd, 0xe71b, 0xef5b, 0xf79c, 0xe71a, 0xdefa, 0xe73a, 0xe6fa, 0xef3a, 0xdef9, 0xdef9, 0xe719, 
	0xe6f9, 0xdeb8, 0xdeb8, 0xde98, 0xd657, 0xdeb8, 0xe6d9, 0xdeb8, 0xe6f9, 0xd677, 0xde98, 0xdeb8, 0xe6d9, 0xdeb8, 0xe719, 0xdef9, 
	0xded9, 0xdef9, 0xdef9, 0xdef9, 0xa986, 0xa986, 0xa986, 0xa986, 0xa986, 0xa986, 0xa986, 0xa986, 0xde98, 0xdeb8, 0xde98, 0xde98, 
	0xa986, 0xa986, 0xa986, 0xa986, 0xa986, 0xa986, 0xa986, 0xa986, 0xe71a, 0xe6fa, 0xef1b, 0xf73c, 0xef3b, 0xe6fa, 0xef3b, 0xe71b, 
	0xef7c, 0xef7c, 0xe71b, 0xef3b, 0xe71b, 0xef3b, 0xe71b, 0xef3b, 0xa986, 0xa986, 0xa986, 0xa986, 0xa986, 0xa986, 0xa986, 0xa986, 
	0xdef9, 0xe71b, 0xdeb9, 0xe71a, 0xa986, 0xa986, 0xa986, 0xa986, 0xa986, 0xa986, 0xa986, 0xa986, 0xe6fa, 0xe6fa, 0xe6fa, 0xe6fa, 
	0xe71a, 0xe71a, 0xded9, 0xded9, 0xe71a, 0xe6fa, 0xe71b, 0xded9, 0xe71b, 0xe71b, 0xdefa, 0xe71b, 0xe73b, 0xef5b, 0xef5b, 0xef5c, 
	0xe73b, 0xdefa, 0xe71a, 0xef5c, 0xef5b, 0xef5c, 0xe73b, 0xe73b, 0xe6fa, 0xdefa, 0xe73a, 0xe73b, 0xe73a, 0xe71a, 0xe71a, 0xe71a, 
	0xe71a, 0xdef9, 0xe6fa, 0xe71a, 0xdefa, 0xe6fa, 0xe71a, 0xe71a, 0xe71a, 0xe71a, 0xe73b, 0xe73a, 0xdefa, 0xe73a, 0xe6fa, 0xe73a, 
	0xe71a, 0xe71a, 0xe73a, 0xe71a, 0xef5a, 0xe71a, 0xdef9, 0xe719, 0xe719, 0xe71a, 0xe73b, 0xef5b, 0xef3b, 0xe71a, 0xf77c, 0xef7c, 
	0xef5b, 0xf79c, 0xf77c, 0xef5b, 0xef5c, 0xe6fa, 0xef5b, 0xef3b, 0xe73a, 0xe6fa, 0xdef9, 0xded9, 0xe71a, 0xe719, 0xe6f9, 0xded9, 
	0xded8, 0xe6d9, 0xd677, 0xdeb8, 0xd677, 0xdeb8, 0xde98, 0xdeb8, 0xded9, 0xded9, 0xdeb8, 0xde98, 0xd677, 0xd657, 0xe719, 0xd6b8, 
	0xd6b8, 0xe6f9, 0xe6d9, 0xdeb8, 0xa986, 0xa986, 0xa986, 0xa986, 0xa986, 0xa986, 0xa986, 0xa986, 0xdeb8, 0xde98, 0xde98, 0xdeb8, 
	0xa986, 0xa986, 0xa986, 0xa986, 0xa986, 0xa986, 0xa986, 0xa986, 0xdef9, 0xe71a, 0xe71a, 0xf77c, 0xef7c, 0xe71a, 0xe71a, 0xe6fa, 
	0xef7c, 0xef7c, 0xe71a, 0xef3b, 0xe6fa, 0xe6fa, 0xe71b, 0xef5b, 0xa986, 0xa986, 0xa986, 0xa986, 0xa986, 0xa986, 0xa986, 0xa986, 
	0xe6fa, 0xe6fa, 0xe71b, 0xef3b, 0xa986, 0xa986, 0xa986, 0xa986, 0xa986, 0xa986, 0xa986, 0xa986, 0xe6fa, 0xe71a, 0xe71a, 0xe71a, 
	0xef3b, 0xdef9, 0xdefa, 0xdef9, 0xe6fa, 0xe6fa, 0xe6fa, 0xe73b, 0xe6fa, 0xe71b, 0xf79c, 0xe73b, 0xe71a, 0xef5c, 0xef7c, 0xef7c, 
	0xef9c, 0xe73b, 0xe73b, 0xef7c, 0xef5b, 0xe73b, 0xe73b, 0xe73b, 0xe71a, 0xe71a, 0xe73b, 0xdefa, 0xe719, 0xe6f9, 0xded9, 0xe6fa, 
	0xe71a, 0xe71a, 0xe6fa, 0xdefa, 0xdefa, 0xdefa, 0xe6fa, 0xe71a, 0xe71a, 0xe71a, 0xe71a, 0xe73a, 0xdefa, 0xdeb9, 0xe6fa, 0xe71a, 
	0xef3b, 0xe71a, 0xe71a, 0xe73a, 0xe719, 0xe6f9, 0xe719, 0xe719, 0xe71a, 0xdef9, 0xef3b, 0xef3b, 0xef3b, 0xe73b, 0xef7c, 0xef5b, 
	0xef5b, 0xef7c, 0xf77c, 0xef5c, 0xef5c, 0xef3b, 0xe73b, 0xef5b, 0xef5b, 0xe71a, 0xe71a, 0xe6f9, 0xe73a, 0xe73a, 0xe73a, 0xded9, 
	0xe719, 0xded8, 0xdeb8, 0xdeb8, 0xde98, 0xdeb8, 0xdeb8, 0xdeb8, 0xe6d9, 0xe6d9, 0xdeb8, 0xd698, 0xdeb8, 0xd657, 0xded9, 0xdef9, 
	0xe71a, 0xdef9, 0xe6d9, 0xde98, 0xa986, 0xa986, 0xa986, 0xa986, 0xa986, 0xa986, 0xa986, 0xa986, 0xdeb8, 0xde98, 0xd677, 0xdeb8, 
	0xa986, 0xa986, 0xa986, 0xa986, 0xa986, 0xa986, 0xa986, 0xa986, 0xef3b, 0xdef9, 0xe6fa, 0xf75b, 0xe73b, 0xef3b, 0xe71b, 0xe71b, 
	0xe75b, 0xe73b, 0xe71a, 0xe71a, 0xa986, 0xa986, 0xa986, 0xa986, 0xa986, 0xa986, 0xa986, 0xa986, 0xa986, 0xa986, 0xa986, 0xa986, 
	0xa986, 0xa986, 0xa986, 0xa986, 0xa986, 0xa986, 0xa986, 0xa986, 0xa986, 0xa986, 0xa986, 0xa986, 0xa986, 0xa986, 0xa986, 0xa986, 
	0xe6fa, 0xe73a, 0xe6fa, 0xe6fa, 0xe71a, 0xe6fa, 0xe71b, 0xe6fa, 0xef3b, 0xdeb9, 0xe73b, 0xe73b, 0xe73b, 0xef5b, 0xef7c, 0xf79d, 
	0xf79d, 0xe73b, 0xef7c, 0xe75b, 0xe71b, 0xe71b, 0xe73b, 0xe73a, 0xe6fa, 0xe6fa, 0xef3b, 0xe71a, 0xef3a, 0xded9, 0xe71a, 0xdef9, 
	0xe73a, 0xe71a, 0xded9, 0xded9, 0xe6fa, 0xe6fa, 0xe71a, 0xe71a, 0xe71a, 0xe73a, 0xe6fa, 0xdefa, 0xe71a, 0xdeb9, 0xdef9, 0xe73b, 
	0xe73b, 0xe71a, 0xef3b, 0xe6f9, 0xe719, 0xe719, 0xe6f9, 0xe719, 0xe71a, 0xe71a, 0xe719, 0xe71a, 0xef3b, 0xef5b, 0xef5b, 0xef5b, 
	0xef7b, 0xef5b, 0xf77c, 0xef5c, 0xef5b, 0xf79c, 0xe71b, 0xe71b, 0xef3b, 0xe73a, 0xe73a, 0xdef9, 0xded9, 0xe71a, 0xef5a, 0xdef9, 
	0xded9, 0xdef9, 0xdef9, 0xdeb8, 0xe6f9, 0xdeb8, 0xde98, 0xdeb8, 0xdeb8, 0xdeb8, 0xe6f9, 0xdeb8, 0xe6d9, 0xdeb8, 0xd6b8, 0xe719, 
	0xa986, 0xa986, 0xa986, 0xa986, 0xa986, 0xa986, 0xa986, 0xa986, 0xa986, 0xa986, 0xa986, 0xa986, 0xa986, 0xa986, 0xa986, 0xa986, 
	0xa986, 0xa986, 0xa986, 0xa986, 0xa986, 0xa986, 0xa986, 0xa986, 0xa986, 0xa986, 0xa986, 0xa986, 0xef5b, 0xef5c, 0xe71b, 0xe71b, 
	0xef5b, 0xe73b, 0xe73b, 0xe71a, 0xa986, 0xa986, 0xa986, 0xa986, 0xa986, 0xa986, 0xa986, 0xa986, 0xa986, 0xa986, 0xa986, 0xa986, 
	0xa986, 0xa986, 0xa986, 0xa986, 0xa986, 0xa986, 0xa986, 0xa986, 0xa986, 0xa986, 0xa986, 0xa986, 0xa986, 0xa986, 0xa986, 0xa986, 
	0xded9, 0xded9, 0xe6fa, 0xe6fa, 0xe6fa, 0xe6fa, 0xe6fa, 0xdeda, 0xe6fa, 0xe6fa, 0xe73b, 0xe75b, 0xe75b, 0xe75b, 0xef7c, 0xef7c, 
	0xe73b, 0xe73b, 0xe73b, 0xe75b, 0xf77c, 0xe71b, 0xef3b, 0xe73b, 0xe71a, 0xe6fa, 0xe71a, 0xe71a, 0xe719, 0xdef9, 0xe719, 0xe719, 
	0xe71a, 0xe71a, 0xdefa, 0xdef9, 0xe71a, 0xe71a, 0xe6fa, 0xe71a, 0xe73a, 0xe71a, 0xdef9, 0xe71a, 0xded9, 0xe71a, 0xdefa, 0xded9, 
	0xdefa, 0xe71a, 0xe6fa, 0xded8, 0xe71a, 0xded9, 0xdef9, 0xd6b8, 0xe71a, 0xe719, 0xef5b, 0xe73a, 0xe71a, 0xe71a, 0xdef9, 0xef7c, 
	0xe73a, 0xdeb9, 0xd6b9, 0xd6b9, 0xf77c, 0xe6fa, 0xe71b, 0xe71a, 0xef5b, 0xe71a, 0xef3b, 0xe6f9, 0xe719, 0xe719, 0xe719, 0xdef9, 
	0xded9, 0xded9, 0xd6b8, 0xe6f9, 0xe6f9, 0xdeb8, 0xdeb8, 0xd677, 0xe6d9, 0xe6d9, 0xe6d9, 0xdeb8, 0xde98, 0xe6f9, 0xe719, 0xe71a, 
	0xa986, 0xa986, 0xa986, 0xa986, 0xa986, 0xa986, 0xa986, 0xa986, 0xa986, 0xa986, 0xa986, 0xa986, 0xa986, 0xa986, 0xa986, 0xa986, 
	0xa986, 0xa986, 0xa986, 0xa986, 0xa986, 0xa986, 0xa986, 0xa986, 0xa986, 0xa986, 0xa986, 0xa986, 0xe6fa, 0xef3b, 0xef3b, 0xe6fa, 
	0xe75b, 0xe71a, 0xe73b, 0xe6fa, 0xa986, 0xa986, 0xa986, 0xa986, 0xa986, 0xa986, 0xa986, 0xa986, 0xa986, 0xa986, 0xa986, 0xa986, 
	0xa986, 0xa986, 0xa986, 0xa986, 0xa986, 0xa986, 0xa986, 0xa986, 0xa986, 0xa986, 0xa986, 0xa986, 0xa986, 0xa986, 0xa986, 0xa986, 
	0xe71a, 0xe71a, 0xe73b, 0xded9, 0xdefa, 0xdeda, 0xe71b, 0xe6fa, 0xdeda, 0xe71b, 0xe71b, 0xe71b, 0xe73b, 0xef5b, 0xe73b, 0xef7c, 
	0xef7c, 0xdefa, 0xe71b, 0xdefa, 0xef3b, 0xef3b, 0xef3b, 0xef3b, 0xe71a, 0xe6fa, 0xe71a, 0xe6fa, 0xe6fa, 0xe73b, 0xdef9, 0xe73a, 
	0xe71a, 0xe71a, 0xded9, 0xe71a, 0xe71a, 0xe6fa, 0xe71a, 0xe71a, 0xe6fa, 0xe71a, 0xe6fa, 0xe73a, 0xe6fa, 0xd6b8, 0xe71a, 0xded9, 
	0xd697, 0xe71a, 0xef7b, 0xe719, 0xe6f9, 0xded9, 0xe719, 0xdeb8, 0xdef9, 0xef5b, 0xd677, 0xd698, 0xe71a, 0xe71a, 0xe71a, 0xe71a, 
	0xded9, 0xef3b, 0xe71a, 0xe6fa, 0xef5c, 0xf77c, 0xdeb9, 0xdeb9, 0xef5b, 0xe73a, 0xe71a, 0xe71a, 0xe71a, 0xded9, 0xe719, 0xe6f9, 
	0xdef9, 0xded8, 0xe719, 0xe71a, 0xe6f9, 0xdeb8, 0xdeb8, 0xdeb8, 0xe6f9, 0xe6d9, 0xe6d9, 0xe6d9, 0xe6d9, 0xe6d9, 0xd698, 0xded9, 
	0xa986, 0xa986, 0xa986, 0xa986, 0xa986, 0xa986, 0xa986, 0xa986, 0xa986, 0xa986, 0xa986, 0xa986, 0xa986, 0xa986, 0xa986, 0xa986, 
	0xa986, 0xa986, 0xa986, 0xa986, 0xa986, 0xa986, 0xa986, 0xa986, 0xa986, 0xa986, 0xa986, 0xa986, 0xe71a, 0xe71b, 0xdeda, 0xe71b, 
	0xef7c, 0xe73b, 0xe71b, 0xe71a, 0xa986, 0xa986, 0xa986, 0xa986, 0xa986, 0xa986, 0xa986, 0xa986, 0xa986, 0xa986, 0xa986, 0xa986, 
	0xa986, 0xa986, 0xa986, 0xa986, 0xa986, 0xa986, 0xa986, 0xa986, 0xa986, 0xa986, 0xa986, 0xa986, 0xa986, 0xa986, 0xa986, 0xa986, 
	0xe71a, 0xe73b, 0xe71a, 0xe71a, 0xe71a, 0xe6fa, 0xe6fa, 0xe71b, 0xe6fa, 0xe71b, 0xe71b, 0xef3b, 0xe73b, 0xe71b, 0xe73b, 0xef7c, 
	0xef5c, 0xe75b, 0xdefa, 0xe73b, 0xe73b, 0xe73b, 0xe71b, 0xe71a, 0xe73a, 0xe73b, 0xe71a, 0xded9, 0xded9, 0xe73a, 0xe71a, 0xe73a, 
	0xdef9, 0xe719, 0xdefa, 0xe6fa, 0xdef9, 0xded9, 0xded8, 0xd6b8, 0xded9, 0xd697, 0xded8, 0xded8, 0xd697, 0xd697, 0xdeb8, 0xe71a, 
	0xe71a, 0xdef9, 0xe719, 0xe719, 0xded8, 0xef5a, 0xef3a, 0xe719, 0xc636, 0xd6b8, 0xd6b8, 0xc615, 0xc636, 0xce37, 0xef5b, 0xdefa, 
	0xdefa, 0xe71a, 0xef5c, 0xe6fa, 0xf77c, 0xef5b, 0xe73b, 0xd6b8, 0xef3b, 0xe71a, 0xe71a, 0xe73a, 0xe6f9, 0xe71a, 0xe6f9, 0xdef9, 
	0xd6b8, 0xdef9, 0xe6f9, 0xe6d9, 0xe6d9, 0xdeb8, 0xded9, 0xe6d9, 0xe6d9, 0xe6f9, 0xe6d9, 0xef1a, 0xe6f9, 0xe6f9, 0xe6d9, 0xdeb8, 
	0xa986, 0xa986, 0xa986, 0xa986, 0xa986, 0xa986, 0xa986, 0xa986, 0xa986, 0xa986, 0xa986, 0xa986, 0xa986, 0xa986, 0xa986, 0xa986, 
	0xa986, 0xa986, 0xa986, 0xa986, 0xa986, 0xa986, 0xa986, 0xa986, 0xa986, 0xa986, 0xa986, 0xa986, 0xe71a, 0xe71a, 0xe6fa, 0xef3b, 
	0xa986, 0xa986, 0xa986, 0xa986, 0xa986, 0xa986, 0xa986, 0xa986, 0xa986, 0xa986, 0xa986, 0xa986, 0xa986, 0xa986, 0xa986, 0xa986, 
	0xa986, 0xa986, 0xa986, 0xa986, 0xa986, 0xa986, 0xa986, 0xa986, 0xa986, 0xa986, 0xa986, 0xa986, 0xa986, 0xa986, 0xa986, 0xa986, 
	0xa986, 0xa986, 0xa986, 0xa986, 0xded9, 0xe71a, 0xe73b, 0xe73b, 0xe71a, 0xe73b, 0xef5c, 0xe73b, 0xef5b, 0xe71b, 0xef5b, 0xef5b, 
	0xef7c, 0xef7c, 0xe73b, 0xdf1a, 0xe71b, 0xe73b, 0xe73b, 0xded9, 0xe71a, 0xef3b, 0xe71a, 0xdef9, 0xdef9, 0xe6f9, 0xe719, 0xe719, 
	0xdef9, 0xe719, 0xdef9, 0xded8, 0xd6b8, 0xd677, 0xd6b8, 0xd6b8, 0xd698, 0xdeb8, 0xdef9, 0xef5a, 0xe71a, 0xd6b8, 0xce77, 0xe719, 
	0xef5a, 0xe719, 0xdef9, 0xce57, 0xd697, 0xbdd5, 0xb573, 0xce36, 0xe719, 0xce77, 0xded9, 0xc677, 0xad53, 0xce78, 0xd6b9, 0xad53, 
	0xd6b8, 0xbdd5, 0xad74, 0xdeda, 0xef5b, 0xef5b, 0xef5b, 0xdef9, 0xe6fa, 0xe73a, 0xe719, 0xe719, 0xe73a, 0xded9, 0xded9, 0xdef9, 
	0xdeb8, 0xdef9, 0xe6f9, 0xe6d9, 0xdeb8, 0xdeb8, 0xdeb8, 0xdeb8, 0xe6d9, 0xe6d9, 0xdeb8, 0xe6d9, 0xa986, 0xa986, 0xa986, 0xa986, 
	0xa986, 0xa986, 0xa986, 0xa986, 0xa986, 0xa986, 0xa986, 0xa986, 0xa986, 0xa986, 0xa986, 0xa986, 0xa986, 0xa986, 0xa986, 0xa986, 
	0xa986, 0xa986, 0xa986, 0xa986, 0xa986, 0xa986, 0xa986, 0xa986, 0xa986, 0xa986, 0xa986, 0xa986, 0xa986, 0xa986, 0xa986, 0xa986, 
	0xa986, 0xa986, 0xa986, 0xa986, 0xa986, 0xa986, 0xa986, 0xa986, 0xa986, 0xa986, 0xa986, 0xa986, 0xa986, 0xa986, 0xa986, 0xa986, 
	0xa986, 0xa986, 0xa986, 0xa986, 0xa986, 0xa986, 0xa986, 0xa986, 0xa986, 0xa986, 0xa986, 0xa986, 0xa986, 0xa986, 0xa986, 0xa986, 
	0xa986, 0xa986, 0xa986, 0xa986, 0xded9, 0xdefa, 0xef3b, 0xe71b, 0xe73b, 0xef5b, 0xdf1a, 0xe73b, 0xe75b, 0xf79c, 0xe71b, 0xef5c, 
	0xe73b, 0xef5c, 0xef7c, 0xe71b, 0xe73b, 0xe71b, 0xe71b, 0xe71a, 0xe71a, 0xe71a, 0xe73b, 0xe71a, 0xdef9, 0xdef9, 0xe73a, 0xe719, 
	0xdeb8, 0xdef9, 0xdeb8, 0xdef9, 0xded9, 0xce77, 0xce77, 0xad53, 0xb5b4, 0xdeb9, 0xce57, 0xb593, 0xad52, 0xce56, 0xce57, 0xce37, 
	0xd6b8, 0xe71a, 0xdef9, 0xce56, 0x9cd1, 0x9cd1, 0xbdf5, 0x736b, 0xb593, 0x9490, 0xad52, 0xad74, 0xbdf5, 0xb594, 0xc616, 0xd697, 
	0x8410, 0x842f, 0xb574, 0xded9, 0xce57, 0xa512, 0xce57, 0xe71a, 0xbdf5, 0xe719, 0xe71a, 0xded9, 0xded8, 0xdef9, 0xdef9, 0xd697, 
	0xd677, 0xded9, 0xe6d9, 0xded9, 0xdeb8, 0xdeb8, 0xdeb8, 0xded9, 0xdeb8, 0xdeb8, 0xde98, 0xe6d9, 0xa986, 0xa986, 0xa986, 0xa986, 
	0xa986, 0xa986, 0xa986, 0xa986, 0xa986, 0xa986, 0xa986, 0xa986, 0xa986, 0xa986, 0xa986, 0xa986, 0xa986, 0xa986, 0xa986, 0xa986, 
	0xa986, 0xa986, 0xa986, 0xa986, 0xa986, 0xa986, 0xa986, 0xa986, 0xa986, 0xa986, 0xa986, 0xa986, 0xa986, 0xa986, 0xa986, 0xa986, 
	0xa986, 0xa986, 0xa986, 0xa986, 0xa986, 0xa986, 0xa986, 0xa986, 0xa986, 0xa986, 0xa986, 0xa986, 0xa986, 0xa986, 0xa986, 0xa986, 
	0xa986, 0xa986, 0xa986, 0xa986, 0xa986, 0xa986, 0xa986, 0xa986, 0xa986, 0xa986, 0xa986, 0xa986, 0xa986, 0xa986, 0xa986, 0xa986, 
	0xa986, 0xa986, 0xa986, 0xa986, 0xded9, 0xded9, 0xdeb9, 0xe75b, 0xe73b, 0xef5b, 0xe75b, 0xe71b, 0xe73b, 0xe75b, 0xe75b, 0xef5b, 
	0xef7c, 0xe73b, 0xe73b, 0xdefa, 0xe73b, 0xe71b, 0xef3b, 0xe71a, 0xe73a, 0xe71a, 0xdefa, 0xe6f9, 0xdef9, 0xdeb8, 0xdef9, 0xded9, 
	0xe73a, 0xdef9, 0xded8, 0xdef9, 0xc615, 0xad53, 0xbdd5, 0xce16, 0xc5f5, 0x83cd, 0x7b8c, 0x946f, 0x6b2a, 0x7bcd, 0x7bcd, 0x840e, 
	0x840e, 0xce36, 0xad73, 0x9490, 0x738c, 0x73ad, 0x8c2f, 0x7bad, 0x6b2c, 0x7b8d, 0x4a48, 0x41e6, 0x4228, 0x52aa, 0x52a9, 0x52aa, 
	0x4248, 0x52ca, 0x5aeb, 0x634d, 0x5b0c, 0x6b4d, 0xad74, 0xad53, 0xb594, 0xc636, 0xd697, 0xef5b, 0xe73a, 0xe73a, 0xef3a, 0xdef9, 
	0xdeb8, 0xdeb8, 0xded9, 0xdeb8, 0xde98, 0xded9, 0xe6d9, 0xdeb8, 0xdeb8, 0xdeb8, 0xded9, 0xe6d9, 0xa986, 0xa986, 0xa986, 0xa986, 
	0xa986, 0xa986, 0xa986, 0xa986, 0xa986, 0xa986, 0xa986, 0xa986, 0xa986, 0xa986, 0xa986, 0xa986, 0xa986, 0xa986, 0xa986, 0xa986, 
	0xa986, 0xa986, 0xa986, 0xa986, 0xa986, 0xa986, 0xa986, 0xa986, 0xa986, 0xa986, 0xa986, 0xa986, 0xa986, 0xa986, 0xa986, 0xa986, 
	0xa986, 0xa986, 0xa986, 0xa986, 0xa986, 0xa986, 0xa986, 0xa986, 0xa986, 0xa986, 0xa986, 0xa986, 0xa986, 0xa986, 0xa986, 0xa986, 
	0xa986, 0xa986, 0xa986, 0xa986, 0xa986, 0xa986, 0xa986, 0xa986, 0xa986, 0xa986, 0xa986, 0xa986, 0xa986, 0xa986, 0xa986, 0xa986, 
	0xa986, 0xa986, 0xa986, 0xa986, 0xded9, 0xded9, 0xe6fa, 0xdef9, 0xe73b, 0xef5b, 0xe75b, 0xe73b, 0xef5b, 0xe71b, 0xe73b, 0xef5c, 
	0xef5b, 0xe75b, 0xe73b, 0xef7c, 0xe71a, 0xe71a, 0xe6fa, 0xdefa, 0xe6fa, 0xe71a, 0xe71a, 0xdefa, 0xe71a, 0xe6fa, 0xdef9, 0xded9, 
	0xce77, 0xad53, 0xb573, 0xad53, 0x8c70, 0x7bcd, 0x8c2f, 0x6b4b, 0x6b2b, 0x4a27, 0x41e6, 0x39e6, 0x39e6, 0x41e6, 0x4a27, 0x4206, 
	0x4a48, 0x5268, 0x5288, 0x3a06, 0x3a06, 0x39e6, 0x39e7, 0x31a6, 0x3a07, 0x31a6, 0x4a89, 0x8c70, 0x5289, 0x2985, 0x2985, 0x2986, 
	0x4228, 0x3a07, 0x4a6a, 0x4249, 0x4249, 0x632d, 0x52ab, 0x632d, 0x630c, 0x7bce, 0xad54, 0xce77, 0xd6b8, 0xce77, 0xdef9, 0xded8, 
	0xded8, 0xde98, 0xe6d9, 0xe6d9, 0xe6f9, 0xdeb8, 0xded9, 0xde98, 0xd698, 0xdeb8, 0xdeb8, 0xe6d9, 0xa986, 0xa986, 0xa986, 0xa986, 
	0xa986, 0xa986, 0xa986, 0xa986, 0xa986, 0xa986, 0xa986, 0xa986, 0xa986, 0xa986, 0xa986, 0xa986, 0xa986, 0xa986, 0xa986, 0xa986, 
	0xa986, 0xa986, 0xa986, 0xa986, 0xa986, 0xa986, 0xa986, 0xa986, 0xa986, 0xa986, 0xa986, 0xa986, 0xa986, 0xa986, 0xa986, 0xa986, 
	0xa986, 0xa986, 0xa986, 0xa986, 0xa986, 0xa986, 0xa986, 0xa986, 0xa986, 0xa986, 0xa986, 0xa986, 0xa986, 0xa986, 0xa986, 0xa986, 
	0xa986, 0xa986, 0xa986, 0xa986, 0xa986, 0xa986, 0xa986, 0xa986, 0xa986, 0xa986, 0xa986, 0xa986, 0xa986, 0xa986, 0xa986, 0xa986, 
	0xa986, 0xa986, 0xa986, 0xa986, 0xded9, 0xe6fa, 0xdefa, 0xe71a, 0xe71a, 0xef7c, 0xef7c, 0xe75b, 0xe73b, 0xe73b, 0xef5b, 0xef7c, 
	0xf79d, 0xe73b, 0xe71b, 0xe73b, 0xdf1a, 0xded9, 0xdeb9, 0xd678, 0xd698, 0xe71a, 0xbdd4, 0xb5b4, 0xd6b9, 0xd698, 0xb5b4, 0xb594, 
	0xe71a, 0xc616, 0xb594, 0x7bce, 0x736d, 0x5289, 0x4207, 0x41e6, 0x3185, 0x39a5, 0x41e6, 0x4207, 0x4207, 0x4a27, 0x41e6, 0x41e7, 
	0x4207, 0x39e7, 0x39c6, 0x31a6, 0x2965, 0x2144, 0x2985, 0x2944, 0x4228, 0x39e7, 0x31c6, 0x2985, 0x2944, 0x2123, 0x1903, 0x2985, 
	0x2985, 0x31a6, 0x2986, 0x2145, 0x2986, 0x4249, 0x4a8a, 0x4249, 0x52aa, 0x52cb, 0x5aec, 0x632c, 0x7bce, 0xb5b4, 0xce56, 0xce56, 
	0xded9, 0xe6d9, 0xe6f9, 0xdeb8, 0xdeb8, 0xde98, 0xded9, 0xce36, 0xce36, 0xde98, 0xdeb8, 0xded9, 0xa986, 0xa986, 0xa986, 0xa986, 
	0xa986, 0xa986, 0xa986, 0xa986, 0xa986, 0xa986, 0xa986, 0xa986, 0xa986, 0xa986, 0xa986, 0xa986, 0xa986, 0xa986, 0xa986, 0xa986, 
	0xa986, 0xa986, 0xa986, 0xa986, 0xa986, 0xa986, 0xa986, 0xa986, 0xa986, 0xa986, 0xa986, 0xa986, 0xa986, 0xa986, 0xa986, 0xa986, 
	0xa986, 0xa986, 0xa986, 0xa986, 0xa986, 0xa986, 0xa986, 0xa986, 0xa986, 0xa986, 0xa986, 0xa986, 0xa986, 0xa986, 0xa986, 0xa986, 
	0xa986, 0xa986, 0xa986, 0xa986, 0xa986, 0xa986, 0xa986, 0xa986, 0xa986, 0xa986, 0xa986, 0xa986, 0xa986, 0xa986, 0xa986, 0xa986, 
	0xa986, 0xa986, 0xa986, 0xa986, 0xe71a, 0xe71a, 0xdefa, 0xe75b, 0xe73b, 0xef5b, 0xe73b, 0xe71a, 0xe75b, 0xe73b, 0xe75b, 0xef9c, 
	0xef7c, 0xef5b, 0xe73b, 0xdefa, 0xe71a, 0xd6b8, 0xad73, 0xc616, 0xce77, 0xd698, 0xd6b8, 0xc616, 0xc5f5, 0xad73, 0xc5f6, 0xce37, 
	0xa533, 0x632b, 0x630b, 0x5268, 0x39a5, 0x39c6, 0x39a5, 0x41e6, 0x41e6, 0x4207, 0x4a27, 0x39c6, 0x39a6, 0x2944, 0x2965, 0x2985, 
	0x2944, 0x2944, 0x2964, 0x2123, 0x2965, 0x2144, 0x31a6, 0x31a6, 0x3185, 0x2965, 0x3185, 0x3a07, 0x2965, 0x29a5, 0x08a2, 0x1904, 
	0x2144, 0x2124, 0x2145, 0x1904, 0x10c3, 0x31a7, 0x31a6, 0x3a08, 0x52cb, 0x3a08, 0x4a6a, 0x4a8a, 0x52cb, 0x4a69, 0x630a, 0x9490, 
	0xbdb4, 0xc5d5, 0xd677, 0xe6d9, 0xdeb8, 0xe6f9, 0xef1a, 0xdeb8, 0xdeb8, 0xd698, 0xce57, 0xdeb8, 0xa986, 0xa986, 0xa986, 0xa986, 
	0xa986, 0xa986, 0xa986, 0xa986, 0xa986, 0xa986, 0xa986, 0xa986, 0xa986, 0xa986, 0xa986, 0xa986, 0xa986, 0xa986, 0xa986, 0xa986, 
	0xa986, 0xa986, 0xa986, 0xa986, 0xa986, 0xa986, 0xa986, 0xa986, 0xa986, 0xa986, 0xa986, 0xa986, 0xa986, 0xa986, 0xa986, 0xa986, 
	0xa986, 0xa986, 0xa986, 0xa986, 0xa986, 0xa986, 0xa986, 0xa986, 0xa986, 0xa986, 0xa986, 0xa986, 0xa986, 0xa986, 0xa986, 0xa986, 
	0xa986, 0xa986, 0xa986, 0xa986, 0xa986, 0xa986, 0xa986, 0xa986, 0xa986, 0xa986, 0xa986, 0xa986, 0xa986, 0xa986, 0xa986, 0xa986, 
	0xa986, 0xa986, 0xa986, 0xa986, 0xe6fa, 0xdeda, 0xe71b, 0xdf1a, 0xdf1a, 0xe75b, 0xe75b, 0xef5b, 0xe75b, 0xe73b, 0xe73b, 0xef5c, 
	0xef7c, 0xd6b9, 0xe75b, 0xbdb5, 0xa532, 0xdef9, 0xef5b, 0xded9, 0xce57, 0xb5b5, 0xbdf5, 0xded9, 0xce57, 0xd698, 0xb594, 0x73ac, 
	0x5aa9, 0x4a47, 0x41e6, 0x41e7, 0x41e7, 0x4a28, 0x41e7, 0x4207, 0x3185, 0x31a6, 0x2964, 0x2144, 0x2944, 0x2964, 0x3185, 0x2144, 
	0x1903, 0x2144, 0x18c2, 0x3185, 0x39c6, 0x39e7, 0x2985, 0x2965, 0x39c6, 0x39c6, 0x2985, 0x3a07, 0x2964, 0x18e3, 0x0881, 0x2124, 
	0x18e3, 0x31a6, 0x39e7, 0x1904, 0x3a08, 0x2986, 0x2125, 0x31a6, 0x31c7, 0x52cb, 0x52ab, 0x4a8a, 0x52aa, 0x4208, 0x4a69, 0x52aa, 
	0x7bce, 0x62ea, 0xbdb4, 0xc616, 0xde98, 0xce36, 0xd657, 0xd677, 0xde98, 0xde98, 0xdeb8, 0xdeb8, 0xa986, 0xa986, 0xa986, 0xa986, 
	0xa986, 0xa986, 0xa986, 0xa986, 0xa986, 0xa986, 0xa986, 0xa986, 0xa986, 0xa986, 0xa986, 0xa986, 0xa986, 0xa986, 0xa986, 0xa986, 
	0xa986, 0xa986, 0xa986, 0xa986, 0xa986, 0xa986, 0xa986, 0xa986, 0xa986, 0xa986, 0xa986, 0xa986, 0xa986, 0xa986, 0xa986, 0xa986, 
	0xa986, 0xa986, 0xa986, 0xa986, 0xa986, 0xa986, 0xa986, 0xa986, 0xa986, 0xa986, 0xa986, 0xa986, 0xa986, 0xa986, 0xa986, 0xa986, 
	0xa986, 0xa986, 0xa986, 0xa986, 0xa986, 0xa986, 0xa986, 0xa986, 0xa986, 0xa986, 0xa986, 0xa986, 0xa986, 0xa986, 0xa986, 0xa986, 
	0xa986, 0xa986, 0xa986, 0xa986, 0xe6fa, 0xdeb9, 0xdeda, 0xdefa, 0xe73b, 0xe75b, 0xe75b, 0xe75b, 0xef7c, 0xef5c, 0xe73b, 0xdf1a, 
	0xe71a, 0x842f, 0xef7b, 0xb574, 0xad53, 0xded9, 0xd698, 0xce57, 0xbdd5, 0xc5f6, 0xb594, 0x9cd1, 0xa512, 0x9470, 0x6b4c, 0x5269, 
	0x4a28, 0x4207, 0x4a08, 0x41e7, 0x41e7, 0x3165, 0x2965, 0x31a5, 0x31a6, 0x2964, 0x2965, 0x2124, 0x2124, 0x31a6, 0x2103, 0x2944, 
	0x31a6, 0x31e6, 0x31a6, 0x39c6, 0x2985, 0x2985, 0x31a6, 0x3a07, 0x2965, 0x31e6, 0x2985, 0x2164, 0x1903, 0x31c6, 0x2124, 0x10c3, 
	0x2124, 0x2985, 0x2145, 0x2966, 0x31c7, 0x2145, 0x39e8, 0x2966, 0x2946, 0x2145, 0x4228, 0x73af, 0x5acc, 0x52cb, 0x4228, 0x3a07, 
	0x4a48, 0x4207, 0x39e6, 0x4a06, 0x734a, 0xd677, 0xc5f4, 0xce16, 0xd657, 0xde98, 0xde98, 0xdeb8, 0xa986, 0xa986, 0xa986, 0xa986, 
	0xa986, 0xa986, 0xa986, 0xa986, 0xa986, 0xa986, 0xa986, 0xa986, 0xa986, 0xa986, 0xa986, 0xa986, 0xa986, 0xa986, 0xa986, 0xa986, 
	0xa986, 0xa986, 0xa986, 0xa986, 0xa986, 0xa986, 0xa986, 0xa986, 0xa986, 0xa986, 0xa986, 0xa986, 0xa986, 0xa986, 0xa986, 0xa986, 
	0xe73b, 0xe71a, 0xe6fa, 0xe6fa, 0xa986, 0xa986, 0xa986, 0xa986, 0xa986, 0xa986, 0xa986, 0xa986, 0xa986, 0xa986, 0xa986, 0xa986, 
	0xa986, 0xa986, 0xa986, 0xa986, 0xa986, 0xa986, 0xa986, 0xa986, 0xa986, 0xa986, 0xa986, 0xa986, 0xa986, 0xa986, 0xa986, 0xa986, 
	0xe71a, 0xe71a, 0xe71a, 0xdefa, 0xe73b, 0xe71a, 0xe73b, 0xe73b, 0xdf1a, 0xe73b, 0xef5b, 0xe73b, 0xef5c, 0xef7c, 0xef7c, 0xc616, 
	0xad33, 0xf79d, 0xe73b, 0xded9, 0xb594, 0xd698, 0xe6fa, 0xef3b, 0xbdf6, 0xad53, 0xbdb5, 0xa512, 0x736c, 0x5289, 0x5289, 0x5a8a, 
	0x4207, 0x41e7, 0x39a6, 0x3185, 0x3185, 0x2985, 0x2965, 0x2985, 0x2124, 0x2103, 0x2124, 0x18e2, 0x2965, 0x2965, 0x31a6, 0x31a6, 
	0x2985, 0x31a6, 0x2985, 0x2985, 0x2965, 0x2144, 0x2965, 0x29a5, 0x31a6, 0x31c6, 0x1923, 0x2985, 0x1903, 0x10c2, 0x5b0c, 0x31c7, 
	0x2124, 0x31a7, 0x2986, 0x31a7, 0x31a7, 0x31c7, 0x2986, 0x4229, 0x31c8, 0x2966, 0x2965, 0x39e8, 0x4a6a, 0x5b0d, 0x8c73, 0x4a8a, 
	0x4228, 0x4207, 0x4228, 0x4a28, 0x5aa9, 0x4a27, 0x41c5, 0x6b2a, 0xb552, 0xb593, 0xc5d5, 0xde98, 0xe6f9, 0xd657, 0xde98, 0xded9, 
	0xa986, 0xa986, 0xa986, 0xa986, 0xa986, 0xa986, 0xa986, 0xa986, 0xa986, 0xa986, 0xa986, 0xa986, 0xa986, 0xa986, 0xa986, 0xa986, 
	0xa986, 0xa986, 0xa986, 0xa986, 0xa986, 0xa986, 0xa986, 0xa986, 0xa986, 0xa986, 0xa986, 0xa986, 0xded9, 0xe71a, 0xded8, 0xe73a, 
	0xe71b, 0xe73b, 0xe6fa, 0xe6fa, 0xa986, 0xa986, 0xa986, 0xa986, 0xa986, 0xa986, 0xa986, 0xa986, 0xa986, 0xa986, 0xa986, 0xa986, 
	0xa986, 0xa986, 0xa986, 0xa986, 0xa986, 0xa986, 0xa986, 0xa986, 0xa986, 0xa986, 0xa986, 0xa986, 0xa986, 0xa986, 0xa986, 0xa986, 
	0xe71a, 0xdf1a, 0xdf1a, 0xe73b, 0xe73b, 0xdefa, 0xdf1a, 0xe75b, 0xdefa, 0xe73b, 0xef9c, 0xef7c, 0xef9c, 0xe75b, 0x844f, 0xe71a, 
	0xce78, 0xded9, 0xdeda, 0xdeda, 0xf77c, 0xce37, 0xd6b9, 0xbdb5, 0x9cd1, 0xb595, 0x7bcd, 0x5aca, 0x5acb, 0x4207, 0x39a6, 0x39c7, 
	0x39c6, 0x39c6, 0x31a5, 0x2964, 0x18c2, 0x2103, 0x2965, 0x2144, 0x18e3, 0x0881, 0x2144, 0x2985, 0x31a6, 0x2964, 0x2144, 0x31e6, 
	0x2985, 0x2124, 0x2124, 0x2985, 0x2144, 0x31a6, 0x31a5, 0x39e6, 0x2985, 0x2123, 0x31a5, 0x2985, 0x1903, 0x2965, 0x2145, 0x2986, 
	0x4229, 0x31c7, 0x2965, 0x2986, 0x2966, 0x2987, 0x3a09, 0x2967, 0x528b, 0x4229, 0x31a7, 0x2966, 0x2125, 0x4229, 0x632e, 0x738f, 
	0x4a69, 0x4208, 0x39c6, 0x4207, 0x4a28, 0x4a28, 0x62e9, 0x8c0e, 0x4a06, 0x3183, 0x41e5, 0xbdb3, 0xd676, 0xe71a, 0xe6d9, 0xdeb8, 
	0xa986, 0xa986, 0xa986, 0xa986, 0xa986, 0xa986, 0xa986, 0xa986, 0xa986, 0xa986, 0xa986, 0xa986, 0xa986, 0xa986, 0xa986, 0xa986, 
	0xa986, 0xa986, 0xa986, 0xa986, 0xa986, 0xa986, 0xa986, 0xa986, 0xa986, 0xa986, 0xa986, 0xa986, 0xe6d9, 0xe6f9, 0xdef9, 0xe73a, 
	0xe73b, 0xdefa, 0xdefa, 0xe71b, 0xa986, 0xa986, 0xa986, 0xa986, 0xa986, 0xa986, 0xa986, 0xa986, 0xa986, 0xa986, 0xa986, 0xa986, 
	0xa986, 0xa986, 0xa986, 0xa986, 0xa986, 0xa986, 0xa986, 0xa986, 0xa986, 0xa986, 0xa986, 0xa986, 0xa986, 0xa986, 0xa986, 0xa986, 
	0xe73b, 0xe71a, 0xef5b, 0xe71a, 0xe73b, 0xe71b, 0xe71b, 0xe73b, 0xe71a, 0xef5b, 0xf7bd, 0xef5b, 0xce57, 0xc616, 0xef5b, 0xe73b, 
	0xd6b9, 0xd678, 0xffbd, 0xc617, 0xc617, 0xdeb8, 0x9cb1, 0xb574, 0x7bad, 0x62ca, 0x5289, 0x4a28, 0x4207, 0x39c6, 0x31a6, 0x31a5, 
	0x2944, 0x2144, 0x2964, 0x2144, 0x2164, 0x2123, 0x2144, 0x1903, 0x2985, 0x31a6, 0x31e6, 0x2985, 0x2964, 0x1923, 0x31c6, 0x18e3, 
	0x2124, 0x2985, 0x2965, 0x31c6, 0x2965, 0x31c6, 0x39e7, 0x2965, 0x1903, 0x2124, 0x2124, 0x2145, 0x2124, 0x2965, 0x2965, 0x4a69, 
	0x3a08, 0x2145, 0x39e8, 0x2986, 0x31c7, 0x2966, 0x31a7, 0x31c8, 0x31c8, 0x39e9, 0x4a6a, 0x31c8, 0x2987, 0x2967, 0x422a, 0x4a8b, 
	0x4a6a, 0x39c7, 0x3a07, 0x39e7, 0x39c6, 0x39e7, 0x39e6, 0x5248, 0x62c9, 0xb573, 0x738c, 0x3985, 0x3144, 0x39a5, 0xef3b, 0xef1a, 
	0xa986, 0xa986, 0xa986, 0xa986, 0xa986, 0xa986, 0xa986, 0xa986, 0xa986, 0xa986, 0xa986, 0xa986, 0xa986, 0xa986, 0xa986, 0xa986, 
	0xa986, 0xa986, 0xa986, 0xa986, 0xa986, 0xa986, 0xa986, 0xa986, 0xa986, 0xa986, 0xa986, 0xa986, 0xe6d9, 0xe6f9, 0xd6b8, 0xded9, 
	0xe73b, 0xe73b, 0xe71b, 0xe71b, 0xa986, 0xa986, 0xa986, 0xa986, 0xa986, 0xa986, 0xa986, 0xa986, 0xa986, 0xa986, 0xa986, 0xa986, 
	0xa986, 0xa986, 0xa986, 0xa986, 0xa986, 0xa986, 0xa986, 0xa986, 0xa986, 0xa986, 0xa986, 0xa986, 0xa986, 0xa986, 0xa986, 0xa986, 
	0xe71a, 0xe73a, 0xdefa, 0xe71a, 0xe71a, 0xe73b, 0xdf1a, 0xe71a, 0xe73b, 0xef7c, 0xef7b, 0xa533, 0xbdf6, 0xded9, 0xf79c, 0xd6b9, 
	0xef7b, 0xded9, 0xce78, 0xce57, 0x9cb1, 0xb595, 0x7bad, 0x736d, 0x52a9, 0x31a6, 0x4207, 0x4227, 0x39c6, 0x2944, 0x2944, 0x3185, 
	0x2124, 0x2124, 0x2144, 0x2124, 0x2965, 0x2985, 0x2145, 0x2145, 0x2965, 0x2985, 0x2144, 0x1904, 0x31c6, 0x2985, 0x2124, 0x2965, 
	0x2965, 0x31c7, 0x2144, 0x31c7, 0x31a6, 0x2145, 0x31a6, 0x31a6, 0x2124, 0x1904, 0x2144, 0x2124, 0x31c7, 0x2986, 0x31a7, 0x3187, 
	0x3a08, 0x3187, 0x31a7, 0x2966, 0x31c8, 0x2966, 0x31a7, 0x2946, 0x2987, 0x3a09, 0x3a49, 0x52ec, 0x3187, 0x3a09, 0x3a09, 0x31a7, 
	0x4a6a, 0x3a08, 0x4a8a, 0x3a07, 0x31a6, 0x31a6, 0x3186, 0x39c6, 0x39a5, 0x4a07, 0x62c9, 0x7bac, 0xe6d8, 0x4a26, 0x41e6, 0x39c5, 
	0xa986, 0xa986, 0xa986, 0xa986, 0xa986, 0xa986, 0xa986, 0xa986, 0xa986, 0xa986, 0xa986, 0xa986, 0xa986, 0xa986, 0xa986, 0xa986, 
	0xa986, 0xa986, 0xa986, 0xa986, 0xa986, 0xa986, 0xa986, 0xa986, 0xa986, 0xa986, 0xa986, 0xa986, 0xded9, 0xded9, 0xe6f9, 0xdef9, 
	0xef9c, 0xe71a, 0xe73b, 0xe6fa, 0xe6fa, 0xe71b, 0xe71a, 0xe71a, 0xa986, 0xa986, 0xa986, 0xa986, 0xa986, 0xa986, 0xa986, 0xa986, 
	0xa986, 0xa986, 0xa986, 0xa986, 0xa986, 0xa986, 0xa986, 0xa986, 0xa986, 0xa986, 0xa986, 0xa986, 0xded9, 0xe6fa, 0xdefa, 0xded9, 
	0xdef9, 0xe71a, 0xdf1a, 0xdefa, 0xe71a, 0xe71a, 0xe73b, 0xe73b, 0xe73b, 0xded9, 0xc637, 0xef5b, 0xef5b, 0xe73a, 0xef7c, 0xe71b, 
	0xdefa, 0xad74, 0xce98, 0xef5b, 0xa533, 0x6b4c, 0x4207, 0x3a07, 0x4a48, 0x3a07, 0x2965, 0x31a6, 0x2965, 0x2985, 0x4248, 0x29a6, 
	0x31c6, 0x31a6, 0x2985, 0x2985, 0x31a6, 0x39e7, 0x2986, 0x2985, 0x31c7, 0x31a6, 0x2965, 0x31a6, 0x2145, 0x2965, 0x2145, 0x2145, 
	0x2965, 0x2985, 0x31c7, 0x31c6, 0x31c7, 0x18e3, 0x2986, 0x2985, 0x2124, 0x2965, 0x2966, 0x2986, 0x31a7, 0x31a7, 0x2966, 0x1904, 
	0x4229, 0x424a, 0x2125, 0x31a8, 0x31a7, 0x2146, 0x2126, 0x2126, 0x2146, 0x39e8, 0x3a09, 0x5b0d, 0x31e8, 0x39e8, 0x4209, 0x4a6b, 
	0x4229, 0x52ab, 0x3a08, 0x4228, 0x31a6, 0x39e7, 0x31c6, 0x39a6, 0x41c6, 0x41e6, 0x39a5, 0x41e6, 0x5268, 0x6b2b, 0xe6f7, 0x5247, 
	0x3144, 0xf77b, 0xef1a, 0xd677, 0xa986, 0xa986, 0xa986, 0xa986, 0xa986, 0xa986, 0xa986, 0xa986, 0xa986, 0xa986, 0xa986, 0xa986, 
	0xa986, 0xa986, 0xa986, 0xa986, 0xa986, 0xa986, 0xa986, 0xa986, 0xe6d9, 0xe6d9, 0xe6f9, 0xdeb8, 0xdeb8, 0xded9, 0xdef9, 0xded9, 
	0xef7c, 0xe73b, 0xe71a, 0xe6fa, 0xe71a, 0xe71b, 0xdeb9, 0xe6fa, 0xa986, 0xa986, 0xa986, 0xa986, 0xa986, 0xa986, 0xa986, 0xa986, 
	0xa986, 0xa986, 0xa986, 0xa986, 0xa986, 0xa986, 0xa986, 0xa986, 0xa986, 0xa986, 0xa986, 0xa986, 0xded9, 0xdefa, 0xe6fa, 0xdef9, 
	0xdef9, 0xded9, 0xe71a, 0xe73b, 0xdefa, 0xe73b, 0xe73b, 0xd6d9, 0xce78, 0xc637, 0xdefa, 0xf7bc, 0xef5b, 0xce57, 0xd6b9, 0xbdf6, 
	0xded9, 0xc616, 0xad53, 0x738d, 0x39e7, 0x4248, 0x5289, 0x31a6, 0x2986, 0x31a6, 0x39c7, 0x2965, 0x31c6, 0x31c7, 0x4249, 0x39e7, 
	0x2965, 0x2965, 0x2986, 0x31a6, 0x2145, 0x2124, 0x1904, 0x2145, 0x2145, 0x39e7, 0x2965, 0x2124, 0x31a6, 0x2986, 0x31c7, 0x2144, 
	0x2145, 0x31c6, 0x31c6, 0x2145, 0x39e7, 0x31a6, 0x39e7, 0x1904, 0x2966, 0x2125, 0x31a7, 0x2966, 0x2986, 0x2986, 0x31c7, 0x39e8, 
	0x31a7, 0x4a6b, 0x2146, 0x2966, 0x2126, 0x2946, 0x2125, 0x2146, 0x39c8, 0x3187, 0x3a09, 0x3a29, 0x31e8, 0x4aab, 0x29c7, 0x3a29, 
	0x4229, 0x31a7, 0x4a6a, 0x39e7, 0x3a08, 0x2965, 0x2964, 0x3185, 0x3986, 0x3165, 0x39c6, 0x41c5, 0x62ea, 0x4a27, 0x62c9, 0x944f, 
	0xc615, 0x2903, 0x39a5, 0xe6f8, 0xa986, 0xa986, 0xa986, 0xa986, 0xa986, 0xa986, 0xa986, 0xa986, 0xa986, 0xa986, 0xa986, 0xa986, 
	0xa986, 0xa986, 0xa986, 0xa986, 0xa986, 0xa986, 0xa986, 0xa986, 0xdeb8, 0xde98, 0xe6d9, 0xd677, 0xe6d9, 0xd697, 0xdef9, 0xe71a, 
	0xdefa, 0xe71b, 0xe71b, 0xef3b, 0xef3b, 0xe6fa, 0xe71b, 0xe71b, 0xa986, 0xa986, 0xa986, 0xa986, 0xa986, 0xa986, 0xa986, 0xa986, 
	0xa986, 0xa986, 0xa986, 0xa986, 0xa986, 0xa986, 0xa986, 0xa986, 0xa986, 0xa986, 0xa986, 0xa986, 0xded9, 0xdef9, 0xe71a, 0xdefa, 
	0xe6fa, 0xded9, 0xe6fa, 0xe71a, 0xdf1a, 0xe73b, 0xce98, 0xe71b, 0xe73b, 0x9cb1, 0xe73b, 0xef5b, 0xd6b9, 0xd6b9, 0xd6b9, 0xce57, 
	0xc616, 0x840f, 0x5aeb, 0x4a69, 0x3a07, 0x4228, 0x39e7, 0x31c7, 0x4229, 0x4228, 0x4249, 0x31c7, 0x39e7, 0x39e7, 0x2986, 0x2145, 
	0x31a6, 0x2986, 0x2145, 0x2145, 0x1904, 0x1904, 0x39e7, 0x31a6, 0x31a6, 0x18e3, 0x2124, 0x10c3, 0x1904, 0x2965, 0x31a6, 0x31a6, 
	0x39e7, 0x39e7, 0x31a6, 0x39e8, 0x2986, 0x3a08, 0x31a7, 0x2145, 0x39e8, 0x31a6, 0x31a7, 0x2145, 0x31c7, 0x2986, 0x2986, 0x2986, 
	0x2966, 0x31c7, 0x31a7, 0x1905, 0x4229, 0x31a8, 0x31a7, 0x1905, 0x2966, 0x39c8, 0x31c8, 0x2166, 0x426a, 0x426a, 0x29a7, 0x31e8, 
	0x31e8, 0x424a, 0x2986, 0x3a08, 0x31c6, 0x4227, 0x2944, 0x2945, 0x39a6, 0x3165, 0x3144, 0x3185, 0x41e6, 0x41e6, 0x4a27, 0x62ca, 
	0x5267, 0xdeb8, 0x4a06, 0x3985, 0xa986, 0xa986, 0xa986, 0xa986, 0xa986, 0xa986, 0xa986, 0xa986, 0xa986, 0xa986, 0xa986, 0xa986, 
	0xa986, 0xa986, 0xa986, 0xa986, 0xa986, 0xa986, 0xa986, 0xa986, 0xef1a, 0xded9, 0xdeb8, 0xdeb8, 0xe6d9, 0xded9, 0xdef9, 0xe719, 
	0xded9, 0xded9, 0xe71b, 0xdeda, 0xe71b, 0xe6fa, 0xe71b, 0xdeda, 0xa986, 0xa986, 0xa986, 0xa986, 0xa986, 0xa986, 0xa986, 0xa986, 
	0xa986, 0xa986, 0xa986, 0xa986, 0xa986, 0xa986, 0xa986, 0xa986, 0xa986, 0xa986, 0xa986, 0xa986, 0xd6b8, 0xded9, 0xdefa, 0xe71a, 
	0xded9, 0xe6fa, 0xe6fa, 0xe73b, 0xe73b, 0xdefa, 0xe71a, 0xd6d9, 0xad53, 0xdf1a, 0xf7bc, 0xc657, 0xe73a, 0xc616, 0xbdd5, 0x6b4c, 
	0x632c, 0x39c7, 0x31c6, 0x52cb, 0x4a69, 0x39e7, 0x2144, 0x2145, 0x39e7, 0x31c7, 0x2145, 0x31c7, 0x31c7, 0x1904, 0x2124, 0x2145, 
	0x31a6, 0x2124, 0x2145, 0x10c3, 0x2145, 0x31a6, 0x3a08, 0x31c7, 0x2986, 0x2965, 0x2965, 0x2145, 0x2965, 0x2145, 0x2986, 0x2965, 
	0x1904, 0x2986, 0x2966, 0x31a6, 0x2145, 0x2966, 0x31a6, 0x31a7, 0x2145, 0x31c7, 0x2145, 0x2125, 0x39e8, 0x31a7, 0x2145, 0x31a7, 
	0x31a6, 0x2986, 0x3a09, 0x31a7, 0x31a7, 0x31a7, 0x39e9, 0x2125, 0x2125, 0x2966, 0x31a8, 0x39e8, 0x2987, 0x3a09, 0x31a7, 0x2126, 
	0x4a8b, 0x31c8, 0x4a69, 0x31c7, 0x31a7, 0x39e6, 0x39e7, 0x2945, 0x2944, 0x3145, 0x3165, 0x2944, 0x3164, 0x39a5, 0x4a07, 0x6b0b, 
	0x62e9, 0x6b4b, 0x6b0a, 0x5247, 0xa986, 0xa986, 0xa986, 0xa986, 0xa986, 0xa986, 0xa986, 0xa986, 0xa986, 0xa986, 0xa986, 0xa986, 
	0xa986, 0xa986, 0xa986, 0xa986, 0xa986, 0xa986, 0xa986, 0xa986, 0xdeb8, 0xdeb8, 0xde98, 0xdeb8, 0xdef9, 0xded9, 0xded9, 0xdef9, 
	0xf79d, 0xdefa, 0xef3b, 0xdeb9, 0xe71a, 0xe6fa, 0xe6fa, 0xded9, 0xd6b9, 0xd698, 0xdefa, 0xe71a, 0xa986, 0xa986, 0xa986, 0xa986, 
	0xa986, 0xa986, 0xa986, 0xa986, 0xa986, 0xa986, 0xa986, 0xa986, 0xded9, 0xded9, 0xdef9, 0xef3b, 0xd698, 0xded9, 0xef3b, 0xe71a, 
	0xe71a, 0xe6fa, 0xdeda, 0xded9, 0xdeda, 0xe73b, 0xd6b9, 0xe73b, 0xbe16, 0xf79c, 0xce77, 0xc636, 0xb5b5, 0x7bee, 0x630b, 0x39e7, 
	0x3186, 0x4208, 0x39e7, 0x4228, 0x39e8, 0x2125, 0x39e8, 0x4249, 0x4a69, 0x31c7, 0x2986, 0x31a7, 0x31c7, 0x31c7, 0x31c7, 0x2986, 
	0x2966, 0x1903, 0x2965, 0x2124, 0x31c7, 0x31a6, 0x18e3, 0x31c7, 0x2965, 0x2124, 0x31a7, 0x2986, 0x2145, 0x2986, 0x2145, 0x10c3, 
	0x31a6, 0x2986, 0x31c7, 0x39e7, 0x39e8, 0x3a08, 0x2124, 0x2966, 0x1904, 0x2966, 0x4229, 0x2966, 0x4229, 0x2125, 0x31a7, 0x31c7, 
	0x2986, 0x39e8, 0x5b0d, 0x39c8, 0x39e8, 0x2987, 0x39e8, 0x39e8, 0x2987, 0x2146, 0x2966, 0x4229, 0x2966, 0x31a7, 0x39e8, 0x39e8, 
	0x2986, 0x31c7, 0x31c7, 0x31a6, 0x31c7, 0x4a69, 0x4228, 0x3185, 0x39c6, 0x2924, 0x2924, 0x3185, 0x3164, 0x2923, 0x3185, 0x3164, 
	0x7bac, 0x4a27, 0xd657, 0x6b09, 0x4a06, 0x5267, 0xde97, 0xe6f9, 0xa986, 0xa986, 0xa986, 0xa986, 0xa986, 0xa986, 0xa986, 0xa986, 
	0xa986, 0xa986, 0xa986, 0xa986, 0xe6f9, 0xd657, 0xd677, 0xe6d9, 0xdeb8, 0xded9, 0xce36, 0xd698, 0xded9, 0xdeb8, 0xdef9, 0xdef9, 
	0xe71b, 0xe71b, 0xdeda, 0xe71b, 0xe71a, 0xe71a, 0xe6fa, 0xd698, 0xdef9, 0xe71a, 0xd6b9, 0xdefa, 0xa986, 0xa986, 0xa986, 0xa986, 
	0xa986, 0xa986, 0xa986, 0xa986, 0xa986, 0xa986, 0xa986, 0xa986, 0xded9, 0xe71a, 0xd698, 0xd6b9, 0xe6fa, 0xe6fa, 0xded9, 0xded9, 
	0xded9, 0xe71b, 0xdeda, 0xe6fa, 0xe71a, 0xe71a, 0xd6d9, 0xc616, 0xce98, 0xe73b, 0xb594, 0x842e, 0x5aea, 0x41e7, 0x41e7, 0x2965, 
	0x31a6, 0x31c7, 0x3a08, 0x2124, 0x39e8, 0x39e8, 0x4228, 0x4228, 0x31c7, 0x31c7, 0x31a7, 0x2145, 0x2986, 0x10a3, 0x2986, 0x10a2, 
	0x18e4, 0x2124, 0x2965, 0x3a08, 0x2125, 0x2145, 0x2124, 0x31a6, 0x2965, 0x2986, 0x2986, 0x3a08, 0x2145, 0x31a7, 0x2145, 0x31c7, 
	0x4228, 0x31a7, 0x31c7, 0x2145, 0x2145, 0x18e4, 0x18e3, 0x2966, 0x3187, 0x2946, 0x31c7, 0x2146, 0x31c8, 0x2966, 0x2146, 0x2125, 
	0x2966, 0x2124, 0x4229, 0x39e9, 0x2987, 0x2946, 0x4229, 0x2987, 0x2125, 0x4a6a, 0x31c8, 0x2987, 0x2126, 0x39e8, 0x39e8, 0x2987, 
	0x2966, 0x31a7, 0x2986, 0x3a07, 0x2965, 0x31a6, 0x2985, 0x39c6, 0x2103, 0x2965, 0x2924, 0x2924, 0x3185, 0x2944, 0x20e2, 0x3985, 
	0x39a5, 0x5aa8, 0xa4d0, 0xbdb4, 0xbdb4, 0x3985, 0xc5f4, 0xe6f9, 0xa986, 0xa986, 0xa986, 0xa986, 0xa986, 0xa986, 0xa986, 0xa986, 
	0xa986, 0xa986, 0xa986, 0xa986, 0xef1a, 0xdeb8, 0xde98, 0xded9, 0xded9, 0xdeb8, 0xde98, 0xd698, 0xdeb8, 0xdeb8, 0xded9, 0xe6f9, 
	0xe6fa, 0xe71b, 0xe71a, 0xdefa, 0xded9, 0xe71a, 0xe71a, 0xef3b, 0xe71a, 0xded9, 0xe73a, 0xef3b, 0xa986, 0xa986, 0xa986, 0xa986, 
	0xa986, 0xa986, 0xa986, 0xa986, 0xa986, 0xa986, 0xa986, 0xa986, 0xdeb9, 0xd6b9, 0xdefa, 0xe71a, 0xdefa, 0xe71a, 0xe71a, 0xe6fa, 
	0xded9, 0xe6fa, 0xded9, 0xef3b, 0xe71b, 0xdeda, 0xd698, 0xad53, 0xc636, 0x9cd1, 0x630a, 0x4a08, 0x3185, 0x41e7, 0x39a6, 0x39c6, 
	0x31a6, 0x2145, 0x2966, 0x3a08, 0x39e8, 0x4228, 0x4a69, 0x31c7, 0x2966, 0x1904, 0x31c7, 0x2145, 0x2966, 0x2966, 0x2125, 0x2145, 
	0x2986, 0x4228, 0x39e7, 0x18e4, 0x1904, 0x2145, 0x2986, 0x2966, 0x2145, 0x2986, 0x5aec, 0x18e4, 0x2965, 0x2986, 0x2125, 0x2966, 
	0x2986, 0x39e7, 0x2965, 0x31c7, 0x18e4, 0x18e4, 0x2966, 0x2986, 0x2987, 0x1905, 0x2146, 0x2125, 0x31a8, 0x18e5, 0x31a7, 0x2124, 
	0x2145, 0x1904, 0x31c8, 0x31a7, 0x31a7, 0x2946, 0x2987, 0x39c8, 0x39e8, 0x39c8, 0x2966, 0x2987, 0x2987, 0x2146, 0x2946, 0x2986, 
	0x31a6, 0x2124, 0x2986, 0x2145, 0x2124, 0x2124, 0x31a5, 0x31a5, 0x4a89, 0x2124, 0x2924, 0x2103, 0x2923, 0x2923, 0x2103, 0x2923, 
	0x2944, 0x39a5, 0x41e6, 0x7b8c, 0xd655, 0x5a88, 0x5a88, 0xe6d8, 0xa986, 0xa986, 0xa986, 0xa986, 0xa986, 0xa986, 0xa986, 0xa986, 
	0xa986, 0xa986, 0xa986, 0xa986, 0xe6f9, 0xdeb8, 0xd697, 0xde97, 0xe6f9, 0xdeb8, 0xdeb8, 0xde98, 0xdef9, 0xded9, 0xdeb8, 0xded9, 
	0xe73b, 0xef5b, 0xdefa, 0xe71a, 0xdeb9, 0xdeb9, 0xe71a, 0xdf1a, 0xe71a, 0xdef9, 0xef5b, 0xe71a, 0xa986, 0xa986, 0xa986, 0xa986, 
	0xa986, 0xa986, 0xa986, 0xa986, 0xa986, 0xa986, 0xa986, 0xa986, 0xded9, 0xe6fa, 0xe71a, 0xe6fa, 0xe71a, 0xded9, 0xe71a, 0xd698, 
	0xd6b8, 0xded9, 0xdef9, 0xef5b, 0xe73b, 0xe73b, 0xd698, 0xce77, 0x83ee, 0x39a5, 0x39a5, 0x4207, 0x41e7, 0x4207, 0x2965, 0x2123, 
	0x2144, 0x2965, 0x4249, 0x4229, 0x4249, 0x39e8, 0x2145, 0x2986, 0x3a08, 0x2125, 0x2986, 0x2966, 0x2965, 0x1904, 0x2965, 0x2966, 
	0x52aa, 0x18e4, 0x31c7, 0x1904, 0x2966, 0x39e7, 0x18e4, 0x2125, 0x2986, 0x31c7, 0x31a7, 0x2986, 0x31c7, 0x2966, 0x2986, 0x4228, 
	0x18e4, 0x2145, 0x31a6, 0x1904, 0x2125, 0x1904, 0x2965, 0x2966, 0x31a7, 0x1905, 0x31c8, 0x2966, 0x31c7, 0x1904, 0x18e3, 0x2965, 
	0x18e4, 0x1904, 0x2965, 0x2166, 0x52cc, 0x2965, 0x2105, 0x31a7, 0x2966, 0x2146, 0x18c4, 0x2145, 0x2965, 0x18e3, 0x2105, 0x10a3, 
	0x4a8a, 0x2144, 0x2124, 0x2965, 0x4228, 0x1903, 0x1903, 0x2144, 0x3165, 0x2944, 0x2924, 0x2103, 0x3165, 0x2103, 0x2923, 0x2923, 
	0x2923, 0x3184, 0x39a5, 0x5aa9, 0x8c2e, 0xbd93, 0x62ca, 0xdeb7, 0xa986, 0xa986, 0xa986, 0xa986, 0xa986, 0xa986, 0xa986, 0xa986, 
	0xa986, 0xa986, 0xa986, 0xa986, 0xdeb8, 0xd657, 0xde98, 0xdeb8, 0xe6d9, 0xdeb8, 0xdeb8, 0xded9, 0xdef9, 0xe719, 0xe71a, 0xe719, 
	0xded9, 0xe6fa, 0xe73a, 0xe6fa, 0xded9, 0xd698, 0xdefa, 0xe71a, 0xdf1a, 0xdef9, 0xdef9, 0xe73a, 0xe71a, 0xdeb9, 0xe73b, 0xdeb9, 
	0xa986, 0xa986, 0xa986, 0xa986, 0xe71a, 0xe6fa, 0xe71a, 0xe73a, 0xdef9, 0xded9, 0xe6fa, 0xded9, 0xe6fa, 0xe6fa, 0xe71a, 0xe6fa, 
	0xe71a, 0xe73a, 0xe6fa, 0xe71a, 0xe73a, 0xef5b, 0x9490, 0x4207, 0x39a6, 0x41e7, 0x3185, 0x39a6, 0x39c6, 0x2985, 0x18e3, 0x29a5, 
	0x31c6, 0x39e7, 0x31a7, 0x2966, 0x31a7, 0x2966, 0x4228, 0x4249, 0x39e8, 0x2125, 0x2125, 0x2125, 0x2145, 0x2145, 0x2125, 0x4a8a, 
	0x2145, 0x2986, 0x31a7, 0x31a7, 0x2145, 0x2125, 0x2145, 0x39e8, 0x31c7, 0x2986, 0x2986, 0x31a7, 0x2986, 0x31c7, 0x4229, 0x2986, 
	0x39e7, 0x2965, 0x1904, 0x10c3, 0x0882, 0x2145, 0x2145, 0x2125, 0x31a8, 0x2126, 0x4a6a, 0x2126, 0x31a7, 0x2966, 0x2145, 0x1904, 
	0x1904, 0x2965, 0x18c4, 0x2966, 0x73d1, 0x3a08, 0x18e3, 0x39e7, 0x2966, 0x2124, 0x2145, 0x10a3, 0x3a08, 0x1904, 0x2125, 0x18e4, 
	0x31c7, 0x2124, 0x31c6, 0x31c6, 0x2124, 0x2124, 0x2944, 0x2124, 0x2124, 0x2944, 0x2903, 0x2944, 0x2923, 0x2923, 0x20e2, 0x2923, 
	0x2923, 0x3164, 0x3164, 0x41e6, 0x6b2a, 0x5247, 0x5247, 0x8c0e, 0xd677, 0xce56, 0xd6b8, 0xe6f9, 0xa986, 0xa986, 0xa986, 0xa986, 
	0xe6f9, 0xe6d9, 0xdeb8, 0xe6f9, 0xe6d9, 0xe6d9, 0xe6d9, 0xdeb8, 0xdeb8, 0xe6d9, 0xe6f9, 0xdeb8, 0xdeb8, 0xe71a, 0xded9, 0xded9, 
	0xd6b9, 0xded9, 0xded9, 0xded9, 0xe71a, 0xe71a, 0xded9, 0xe73a, 0xe73b, 0xdf1a, 0xe71a, 0xded9, 0xef3b, 0xe71a, 0xe6fa, 0xe71a, 
	0xa986, 0xa986, 0xa986, 0xa986, 0xded9, 0xd698, 0xe73a, 0xef3b, 0xd6b8, 0xdeb9, 0xdeb9, 0xded9, 0xded9, 0xe6fa, 0xe71a, 0xe71a, 
	0xded9, 0xded9, 0xded9, 0xe73b, 0xe6fa, 0xad53, 0x5288, 0x3185, 0x5aca, 0x39c6, 0x3186, 0x39c6, 0x3185, 0x2123, 0x2985, 0x2164, 
	0x2965, 0x1904, 0x2124, 0x2966, 0x2965, 0x39e8, 0x2125, 0x31c7, 0x2125, 0x1904, 0x2125, 0x2966, 0x2986, 0x3a08, 0x31c7, 0x2986, 
	0x2966, 0x2966, 0x4a6a, 0x1904, 0x2105, 0x2986, 0x4229, 0x2966, 0x2986, 0x31c7, 0x2966, 0x2986, 0x39e8, 0x3a08, 0x2986, 0x2966, 
	0x2986, 0x2145, 0x10c3, 0x10c3, 0x1904, 0x2144, 0x2986, 0x2966, 0x2986, 0x2125, 0x422a, 0x2966, 0x3a08, 0x39e9, 0x2987, 0x31a7, 
	0x31a7, 0x2145, 0x0881, 0x10c3, 0x424a, 0x3a4a, 0x2124, 0x1904, 0x2986, 0x2145, 0x2966, 0x10a3, 0x4229, 0x2986, 0x1904, 0x1904, 
	0x0882, 0x31a6, 0x2124, 0x31a6, 0x2944, 0x31a5, 0x2124, 0x10a1, 0x18e3, 0x2924, 0x41e6, 0x2923, 0x2103, 0x2103, 0x2944, 0x2943, 
	0x20e2, 0x2923, 0x2944, 0x39a5, 0x3184, 0x6b0a, 0x41e6, 0x62e9, 0xc5d5, 0xd656, 0xce36, 0xde98, 0xa986, 0xa986, 0xa986, 0xa986, 
	0xde98, 0xdeb8, 0xd677, 0xe6d9, 0xdeb8, 0xded9, 0xdeb8, 0xde97, 0xd677, 0xdeb8, 0xe6d9, 0xdeb8, 0xdeb8, 0xe6f9, 0xded9, 0xdeb8, 
	0xded9, 0xdefa, 0xdef9, 0xded9, 0xded9, 0xded9, 0xe6fa, 0xef7c, 0xe71a, 0xe73b, 0xded9, 0xdef9, 0xded9, 0xe71a, 0xe71a, 0xe71a, 
	0xa986, 0xa986, 0xa986, 0xa986, 0xdefa, 0xdefa, 0xded9, 0xe6fa, 0xef5b, 0xded9, 0xdeb9, 0xdef9, 0xded9, 0xe6fa, 0xe71a, 0xded9, 
	0xe6fa, 0xdefa, 0xdefa, 0xf77c, 0x630a, 0x4a68, 0x41e7, 0x41e7, 0x39a5, 0x4a28, 0x2944, 0x2965, 0x31a6, 0x2144, 0x2103, 0x10a2, 
	0x2124, 0x2124, 0x2965, 0x2125, 0x2145, 0x2986, 0x2966, 0x0882, 0x31a7, 0x31a7, 0x2986, 0x31c7, 0x2125, 0x2145, 0x4249, 0x31a7, 
	0x2145, 0x1904, 0x2145, 0x1904, 0x2145, 0x4229, 0x39c8, 0x39e7, 0x31c7, 0x2965, 0x1904, 0x39e7, 0x31c7, 0x2145, 0x2145, 0x2125, 
	0x2966, 0x10c3, 0x10a2, 0x0882, 0x10c3, 0x10c3, 0x2986, 0x31c7, 0x2145, 0x31a7, 0x39e8, 0x31c8, 0x2966, 0x4aab, 0x2987, 0x2125, 
	0x31c7, 0x10c3, 0x10a3, 0x0861, 0x31a7, 0x52ab, 0x2986, 0x2125, 0x2145, 0x2124, 0x10c3, 0x1904, 0x2986, 0x1904, 0x18e4, 0x18e3, 
	0x1904, 0x2965, 0x2124, 0x1923, 0x2144, 0x31c6, 0x2103, 0x2965, 0x3165, 0x20e3, 0x2944, 0x3185, 0x2943, 0x2923, 0x2103, 0x2923, 
	0x18c2, 0x1081, 0x2103, 0x2923, 0x39a5, 0x39a5, 0x5268, 0xa4f1, 0xd657, 0xdeb8, 0xded9, 0xd698, 0xa986, 0xa986, 0xa986, 0xa986, 
	0xdeb8, 0xd698, 0xde98, 0xde98, 0xdeb8, 0xdeb8, 0xde98, 0xded9, 0xdeb8, 0xdeb8, 0xdeb8, 0xe6d9, 0xded9, 0xe6d9, 0xdeb8, 0xdef9, 
	0xef5b, 0xe6fa, 0xded9, 0xded9, 0xdef9, 0xdefa, 0xe73a, 0xe71a, 0xe73b, 0xded9, 0xe71a, 0xdf1a, 0xded9, 0xded9, 0xded9, 0xdef9, 
	0xa986, 0xa986, 0xa986, 0xa986, 0xef5b, 0xded9, 0xded9, 0xdef9, 0xe6fa, 0xded9, 0xded9, 0xdef9, 0xded8, 0xdef9, 0xe6f9, 0xe6fa, 
	0xe71a, 0xded9, 0xe73a, 0x9490, 0x8c6f, 0x2944, 0x3185, 0x4207, 0x39a5, 0x39a6, 0x3185, 0x3185, 0x31a6, 0x2103, 0x18e3, 0x1923, 
	0x2124, 0x2144, 0x2124, 0x2986, 0x10a2, 0x2965, 0x31c7, 0x31c7, 0x2145, 0x2986, 0x31a6, 0x2986, 0x2986, 0x31c7, 0x18e4, 0x2966, 
	0x4229, 0x18e4, 0x0861, 0x39e8, 0x4a8b, 0x31c8, 0x2966, 0x2966, 0x31a7, 0x1904, 0x39e8, 0x2986, 0x2125, 0x3a08, 0x2145, 0x2965, 
	0x0882, 0x18e3, 0x10a2, 0x0861, 0x0041, 0x2986, 0x2986, 0x2145, 0x2986, 0x31c7, 0x3a08, 0x2145, 0x18c4, 0x424a, 0x2966, 0x2125, 
	0x2125, 0x2124, 0x1904, 0x0882, 0x10c3, 0x4209, 0x2966, 0x2124, 0x2145, 0x2965, 0x1903, 0x18e3, 0x1904, 0x2125, 0x1903, 0x18e3, 
	0x10c2, 0x10a2, 0x2144, 0x31a6, 0x1903, 0x18c2, 0x2944, 0x2103, 0x2124, 0x1903, 0x2923, 0x2944, 0x3164, 0x2923, 0x39a5, 0x2103, 
	0x20e2, 0x20e2, 0x2102, 0x2923, 0x3164, 0x3184, 0x4206, 0x5268, 0x9c90, 0xd657, 0xd677, 0xce57, 0xa986, 0xa986, 0xa986, 0xa986, 
	0xded9, 0xdeb8, 0xded9, 0xd677, 0xdeb8, 0xdeb8, 0xdeb8, 0xde98, 0xdeb8, 0xd677, 0xdeb8, 0xdeb8, 0xded9, 0xe6d9, 0xdeb8, 0xded9, 
	0xe71a, 0xd6b8, 0xe6fa, 0xded9, 0xe6fa, 0xdef9, 0xe6fa, 0xdefa, 0xdefa, 0xded9, 0xdef9, 0xded9, 0xd698, 0xdefa, 0xded9, 0xe6fa, 
	0xdefa, 0xded9, 0xdef9, 0xded9, 0xded9, 0xded9, 0xd6b8, 0xd6b8, 0xded9, 0xe6fa, 0xe71a, 0xe71a, 0xdef9, 0xe6f9, 0xded9, 0xded9, 
	0xef3b, 0xce37, 0xce37, 0xb595, 0x3164, 0x39a5, 0x39a5, 0x4207, 0x4206, 0x3185, 0x3185, 0x2124, 0x10a2, 0x18e3, 0x18e3, 0x1903, 
	0x18e2, 0x18e2, 0x1903, 0x1904, 0x31a6, 0x31a6, 0x2145, 0x3a08, 0x2145, 0x39e8, 0x2986, 0x2986, 0x4229, 0x0882, 0x2125, 0x2125, 
	0x1904, 0x2145, 0x18e4, 0x4a8a, 0x4a6a, 0x31c8, 0x31a7, 0x39c8, 0x2966, 0x424a, 0x2986, 0x2145, 0x2966, 0x18e3, 0x2125, 0x0041, 
	0x10a2, 0x10a2, 0x0882, 0x10a2, 0x0861, 0x2986, 0x31a7, 0x31c7, 0x2965, 0x4aab, 0x2986, 0x18e3, 0x0041, 0x2145, 0x31a7, 0x18e3, 
	0x18e3, 0x1903, 0x10e3, 0x10c2, 0x18e3, 0x2986, 0x424a, 0x2124, 0x10c3, 0x2144, 0x2124, 0x18e3, 0x10a2, 0x2124, 0x1903, 0x18e3, 
	0x1903, 0x10a1, 0x2124, 0x1903, 0x2985, 0x18e2, 0x2124, 0x18e3, 0x2103, 0x18e3, 0x2123, 0x39a5, 0x3164, 0x2103, 0x2943, 0x39a5, 
	0x2103, 0x2103, 0x2103, 0x2103, 0x2923, 0x3185, 0x39a5, 0x41e6, 0x83ee, 0xd696, 0xd677, 0xdeb8, 0xde98, 0xdeb8, 0xe6d9, 0xe6d9, 
	0xded9, 0xdeb8, 0xdeb8, 0xe6f9, 0xe6d9, 0xe6d9, 0xe71a, 0xde98, 0xd677, 0xde97, 0xdeb8, 0xe6f9, 0xe6d9, 0xe6f9, 0xe6d9, 0xe73a, 
	0xd6b9, 0xef3b, 0xe71a, 0xdef9, 0xe71a, 0xded9, 0xded9, 0xe6fa, 0xded9, 0xdef9, 0xe71a, 0xded9, 0xe71a, 0xded9, 0xdeb9, 0xded9, 
	0xdeb9, 0xe73a, 0xe71a, 0xdefa, 0xe719, 0xdef9, 0xd6b8, 0xded8, 0xe6fa, 0xdefa, 0xe73a, 0xef3b, 0xe6fa, 0xe73a, 0xe71a, 0xe71a, 
	0xded9, 0xe71a, 0xd6b9, 0xbdf6, 0x5aea, 0x39c6, 0x2944, 0x39c6, 0x39a5, 0x3185, 0x2944, 0x10a2, 0x2124, 0x2123, 0x2123, 0x10e2, 
	0x2123, 0x2965, 0x1904, 0x2125, 0x3187, 0x39e8, 0x2966, 0x2986, 0x2145, 0x31a7, 0x2986, 0x2986, 0x2986, 0x2145, 0x2125, 0x10c3, 
	0x3a08, 0x2966, 0x39e8, 0x39c8, 0x39e8, 0x3187, 0x39c8, 0x39c8, 0x31a7, 0x31a7, 0x3a08, 0x1904, 0x2965, 0x2125, 0x0041, 0x0882, 
	0x10c3, 0x0020, 0x10a2, 0x18e3, 0x4a8a, 0x31a6, 0x31a6, 0x1904, 0x10a2, 0x3a28, 0x18e3, 0x18e3, 0x2104, 0x2104, 0x2124, 0x31c7, 
	0x10c2, 0x10e3, 0x1903, 0x10c2, 0x10a2, 0x2124, 0x39e7, 0x5aec, 0x2124, 0x2986, 0x2145, 0x2965, 0x2124, 0x18e3, 0x2124, 0x10c2, 
	0x10c2, 0x08a1, 0x2144, 0x0881, 0x2103, 0x2103, 0x2103, 0x2144, 0x18e3, 0x3185, 0x2964, 0x2923, 0x3164, 0x2923, 0x2923, 0x2923, 
	0x3164, 0x39a5, 0x2923, 0x2923, 0x2923, 0x2923, 0x3164, 0x4206, 0x41e6, 0xb574, 0xc615, 0xe6f9, 0xe6d9, 0xded9, 0xdeb8, 0xdeb8, 
	0xdeb8, 0xe6f9, 0xe6d9, 0xe6d9, 0xded9, 0xded9, 0xdeb8, 0xdeb8, 0xdeb8, 0xd698, 0xdeb8, 0xded9, 0xdeb8, 0xdeb8, 0xdeb8, 0xded9, 
	0xd698, 0xe6fa, 0xe71a, 0xdef9, 0xdef9, 0xe6fa, 0xded9, 0xdef9, 0xdefa, 0xdf1a, 0xdf1a, 0xdf1a, 0xe73b, 0xe6fa, 0xe71a, 0xe71a, 
	0xe71a, 0xe71a, 0xded9, 0xded9, 0xe71a, 0xe6f9, 0xdeb8, 0xe73a, 0xdef9, 0xded9, 0xded9, 0xe6fa, 0xe6fa, 0xdefa, 0xef5b, 0xe73a, 
	0xe73a, 0xef5b, 0xe71a, 0xb594, 0x9471, 0x39c6, 0x3185, 0x3165, 0x3185, 0x2924, 0x2103, 0x2124, 0x10c2, 0x2124, 0x2944, 0x2124, 
	0x2965, 0x2986, 0x2965, 0x31a7, 0x31a7, 0x3a08, 0x18e4, 0x2145, 0x2966, 0x2965, 0x31a7, 0x1904, 0x2986, 0x10a3, 0x31a7, 0x1904, 
	0x3a08, 0x2966, 0x52aa, 0x39e7, 0x2986, 0x3187, 0x31c8, 0x2946, 0x39e8, 0x2966, 0x2966, 0x2986, 0x1904, 0x10c3, 0x0881, 0x0861, 
	0x0020, 0x0882, 0x0041, 0x31a6, 0x3a07, 0x3186, 0x3186, 0x3186, 0x18c2, 0x3a28, 0x0881, 0x1081, 0x10a1, 0x10a2, 0x2145, 0x1904, 
	0x1903, 0x10c2, 0x2123, 0x10e2, 0x0861, 0x2123, 0x2965, 0x31a7, 0x31c7, 0x1904, 0x18e3, 0x2124, 0x1904, 0x10a2, 0x31e7, 0x10c2, 
	0x2123, 0x10a2, 0x0861, 0x10e2, 0x18e3, 0x18e3, 0x18c2, 0x2944, 0x18e2, 0x0860, 0x2944, 0x2103, 0x2103, 0x2923, 0x2102, 0x18c1, 
	0x2923, 0x3184, 0x2944, 0x3164, 0x3185, 0x39a5, 0x2944, 0x3985, 0x4a27, 0xbd94, 0xce16, 0xde98, 0xe6f9, 0xe6d9, 0xe6f9, 0xe6d9, 
	0xdeb8, 0xe6d9, 0xe6d9, 0xe6d9, 0xe6d9, 0xe6f9, 0xdeb8, 0xdeb8, 0xdeb8, 0xde98, 0xde98, 0xdeb8, 0xd657, 0xdeb8, 0xdeb8, 0xdef9, 
	0xded9, 0xdefa, 0xded9, 0xe71a, 0xd677, 0xd698, 0xded9, 0xded9, 0xdefa, 0xdf1a, 0xdf1a, 0xdf1a, 0xded9, 0xdefa, 0xe71a, 0xdef9, 
	0xdeb9, 0xdef9, 0xdeb9, 0xdef9, 0xded9, 0xe6fa, 0xded9, 0xe71a, 0xdeb9, 0xe6fa, 0xded9, 0xe71a, 0xe71a, 0xe71a, 0xe6fa, 0xe71a, 
	0xe73a, 0xef3b, 0xdefa, 0xe71a, 0x62eb, 0x3185, 0x20e3, 0x2924, 0x3185, 0x2103, 0x18c2, 0x2944, 0x2965, 0x31a6, 0x1903, 0x2965, 
	0x31a6, 0x2145, 0x31c7, 0x2966, 0x1904, 0x1904, 0x2986, 0x2966, 0x31a7, 0x31a6, 0x2145, 0x2124, 0x2145, 0x31a7, 0x2966, 0x2145, 
	0x2986, 0x39e8, 0x4228, 0x31c7, 0x2987, 0x31a7, 0x2105, 0x52ab, 0x10c3, 0x2986, 0x2965, 0x18e4, 0x10a2, 0x18e3, 0x10c2, 0x10a2, 
	0x0861, 0x0041, 0x0882, 0x4a6b, 0x2966, 0x3186, 0x3186, 0x2924, 0x18e4, 0x31c7, 0x1081, 0x1081, 0x18c2, 0x10a2, 0x2944, 0x2144, 
	0x1903, 0x18e2, 0x18c2, 0x18e3, 0x10c2, 0x18c2, 0x18e3, 0x0041, 0x4249, 0x31c7, 0x1904, 0x10c2, 0x2145, 0x2124, 0x1903, 0x1903, 
	0x10c2, 0x10c2, 0x10c2, 0x1903, 0x08a1, 0x10c2, 0x2123, 0x2123, 0x2144, 0x2103, 0x0861, 0x20e3, 0x2944, 0x2944, 0x3164, 0x1081, 
	0x2923, 0x3164, 0x3164, 0x3164, 0x3185, 0x41c6, 0x41e6, 0x41e6, 0x4a07, 0x9cb0, 0xb573, 0xd677, 0xdeb8, 0xdeb8, 0xe6d9, 0xe6d9, 
	0xe6d9, 0xe6d9, 0xe6d9, 0xdeb8, 0xdeb8, 0xdeb8, 0xe6d9, 0xded9, 0xe6f9, 0xe6f9, 0xdeb8, 0xdeb8, 0xde98, 0xde98, 0xdeb8, 0xdef9, 
	0xe71a, 0xded9, 0xe6fa, 0xded9, 0xdefa, 0xe6fa, 0xe71a, 0xd698, 0xd6d9, 0xdf1a, 0xe75b, 0xdf1a, 0xe73b, 0xe71a, 0xded9, 0xdefa, 
	0xdefa, 0xe6fa, 0xded9, 0xdefa, 0xe71a, 0xdeb9, 0xe71a, 0xdef9, 0xdefa, 0xe6fa, 0xe71a, 0xf79c, 0xe71a, 0xdefa, 0xe73a, 0xe71a, 
	0xef5b, 0xdefa, 0xe73b, 0xf7bc, 0x8c4f, 0x3165, 0x39c6, 0x41e7, 0x2945, 0x2103, 0x18e3, 0x18e3, 0x2965, 0x2965, 0x3185, 0x31a6, 
	0x31c7, 0x31a6, 0x31a7, 0x2966, 0x2125, 0x2986, 0x31a6, 0x31c7, 0x2145, 0x2986, 0x10c3, 0x2966, 0x2966, 0x2965, 0x2145, 0x31a7, 
	0x4a6a, 0x2986, 0x2986, 0x39e8, 0x2986, 0x31a7, 0x2946, 0x2965, 0x2145, 0x18e3, 0x10c3, 0x10a2, 0x10c3, 0x0040, 0x10a2, 0x0061, 
	0x0881, 0x2144, 0x4229, 0x39c7, 0x4208, 0x39a6, 0x3165, 0x41e7, 0x2104, 0x39e7, 0x1081, 0x1081, 0x18c3, 0x1061, 0x18a2, 0x2103, 
	0x2103, 0x18e3, 0x18e3, 0x18e2, 0x18e2, 0x2103, 0x2124, 0x2124, 0x10c2, 0x2965, 0x39e7, 0x2144, 0x10a2, 0x1904, 0x18e3, 0x1903, 
	0x2123, 0x10e2, 0x18e2, 0x0040, 0x10c2, 0x18c2, 0x10a2, 0x1903, 0x18e3, 0x2123, 0x20e3, 0x18c2, 0x2923, 0x2923, 0x3164, 0x5268, 
	0x20e2, 0x2944, 0x3164, 0x2943, 0x2923, 0x39a5, 0x41c6, 0x41c5, 0x49e6, 0xad12, 0xce36, 0xdeb8, 0xe6f9, 0xe6f9, 0xded9, 0xe6d9, 
	0xe6d9, 0xe6d9, 0xe6d9, 0xe6d9, 0xe6f9, 0xe6f9, 0xe6d9, 0xe6f9, 0xe6d9, 0xe6d9, 0xdeb8, 0xd698, 0xd677, 0xdeb8, 0xdeb8, 0xdef9, 
	0xe71a, 0xe71a, 0xe71a, 0xe6fa, 0xf79c, 0xe71a, 0xd6b9, 0xded9, 0xded9, 0xf79c, 0xe73a, 0xdefa, 0xe71a, 0xded9, 0xdefa, 0xe73a, 
	0xded9, 0xe6fa, 0xe6fa, 0xdefa, 0xef3b, 0xdefa, 0xded9, 0xe71a, 0xe6fa, 0xdefa, 0xded9, 0xe6fa, 0xe73b, 0xe71a, 0xe6fa, 0xdef9, 
	0xdefa, 0xded9, 0xe73b, 0xd6b9, 0x9cf2, 0x5268, 0x39e6, 0x39a6, 0x18e3, 0x2944, 0x1081, 0x3185, 0x31a6, 0x31a5, 0x31a6, 0x2985, 
	0x2965, 0x18e4, 0x2966, 0x4228, 0x31a7, 0x31c7, 0x2985, 0x2965, 0x1903, 0x2144, 0x4a8a, 0x4249, 0x39e8, 0x2145, 0x2145, 0x31a6, 
	0x2966, 0x31a6, 0x2986, 0x2986, 0x2986, 0x2125, 0x2966, 0x10a2, 0x10c3, 0x18e3, 0x10a2, 0x0861, 0x10a2, 0x0881, 0x0861, 0x0040, 
	0x1081, 0x39c6, 0x2945, 0x3165, 0x3986, 0x3985, 0x3965, 0x3986, 0x3185, 0x18c2, 0x20e3, 0x1061, 0x18a2, 0x18c2, 0x2103, 0x18c3, 
	0x20e3, 0x2103, 0x18c2, 0x18c2, 0x18c2, 0x1081, 0x18e3, 0x2965, 0x0861, 0x0881, 0x31a6, 0x39e7, 0x2965, 0x18e3, 0x2144, 0x0881, 
	0x18e3, 0x2123, 0x10c2, 0x10e2, 0x10e2, 0x1903, 0x0881, 0x18c2, 0x2103, 0x2103, 0x2924, 0x20e3, 0x18c2, 0x2103, 0x2944, 0x3185, 
	0x2103, 0x20e2, 0x3164, 0x3185, 0x3164, 0x3185, 0x4207, 0x4a27, 0x41e6, 0x946f, 0xde98, 0xd657, 0xef1a, 0xded9, 0xe6d9, 0xe6d9, 
	0xded9, 0xdeb8, 0xdeb8, 0xdeb8, 0xdeb8, 0xe6d9, 0xe6d9, 0xe6f9, 0xdeb8, 0xdeb8, 0xde98, 0xdeb8, 0xd677, 0xdeb8, 0xde98, 0xdef9, 
	0xffdd, 0xe73b, 0xef5b, 0xe71a, 0xdef9, 0xef3b, 0xe71a, 0xdef9, 0xded9, 0xdf1a, 0xe73b, 0xdf1a, 0xe75b, 0xe71a, 0xdef9, 0xe73b, 
	0xded9, 0xef5b, 0xdefa, 0xdef9, 0xdef9, 0xded9, 0xded9, 0xded9, 0xdefa, 0xe6fa, 0xe71a, 0xdf1a, 0xe71a, 0xe71a, 0xdef9, 0xdf1a, 
	0xdef9, 0xdefa, 0xf79c, 0xf79c, 0x5aeb, 0x2943, 0x39c6, 0x20e3, 0x2924, 0x39a6, 0x2103, 0x3145, 0x2965, 0x39c6, 0x2944, 0x2124, 
	0x2124, 0x2104, 0x2965, 0x10a3, 0x1904, 0x08a1, 0x10c2, 0x1903, 0x1903, 0x18e3, 0x18e3, 0x18e3, 0x2965, 0x2986, 0x2965, 0x39e7, 
	0x2144, 0x31a6, 0x2145, 0x2965, 0x18e4, 0x2145, 0x2966, 0x2965, 0x2145, 0x2144, 0x0881, 0x2164, 0x0861, 0x0040, 0x0060, 0x1081, 
	0x2945, 0x2944, 0x3145, 0x3985, 0x4185, 0x41a5, 0x41c6, 0x3986, 0x3144, 0x18a2, 0x1061, 0x1061, 0x1882, 0x20c3, 0x20e3, 0x1061, 
	0x18a2, 0x2103, 0x18c2, 0x20c3, 0x2904, 0x20e3, 0x1081, 0x18e3, 0x2124, 0x2965, 0x10c2, 0x2124, 0x31a6, 0x31c6, 0x10c3, 0x10c3, 
	0x1903, 0x10c2, 0x10c2, 0x1903, 0x0861, 0x10a1, 0x10c2, 0x2124, 0x2103, 0x2103, 0x18a2, 0x2103, 0x20e3, 0x20e3, 0x2923, 0x3164, 
	0x3164, 0x2103, 0x2923, 0x2923, 0x3164, 0x39a5, 0x3164, 0x4206, 0x5a89, 0x7bad, 0xce15, 0xc5f5, 0xde98, 0xded9, 0xd698, 0xded9, 
	0xde98, 0xdeb8, 0xded9, 0xdeb8, 0xe6d9, 0xdeb8, 0xe6d9, 0xdeb8, 0xe6f9, 0xe6d9, 0xdeb8, 0xde98, 0xdeb8, 0xdeb8, 0xdeb8, 0xded9, 
	0xded9, 0xe71a, 0xdef9, 0xded9, 0xe71a, 0xdef9, 0xded9, 0xe73b, 0xe73a, 0xd6b9, 0xd6d9, 0xdef9, 0xe73b, 0xdf1a, 0xe71a, 0xe75b, 
	0xe71a, 0xe71a, 0xe71a, 0xe6fa, 0xdeb9, 0xd6b9, 0xce77, 0xe71a, 0xe6fa, 0xdefa, 0xe71a, 0xe6fa, 0xef7b, 0xe6fa, 0xdefa, 0xe73a, 
	0xef5b, 0xe73b, 0xef5b, 0xef9d, 0x5269, 0x3164, 0x2944, 0x2923, 0x3985, 0x3185, 0x39c6, 0x3185, 0x3185, 0x2924, 0x3165, 0x2964, 
	0x18c2, 0x0861, 0x10a1, 0x0861, 0x10c2, 0x10c2, 0x1923, 0x2965, 0x2124, 0x2144, 0x1903, 0x2124, 0x1904, 0x1904, 0x2144, 0x2145, 
	0x1904, 0x2145, 0x2124, 0x18e3, 0x10a3, 0x2145, 0x10a2, 0x18e3, 0x18e3, 0x10a2, 0x10c2, 0x1081, 0x0861, 0x1082, 0x1081, 0x3185, 
	0x2924, 0x3145, 0x3124, 0x4185, 0x49a5, 0x51e6, 0x3965, 0x2903, 0x20a2, 0x20c3, 0x1040, 0x2903, 0x1061, 0x18a2, 0x18a2, 0x20e3, 
	0x18a2, 0x20e3, 0x20e3, 0x20e3, 0x18a2, 0x2924, 0x18e3, 0x18e3, 0x18c2, 0x1903, 0x3185, 0x2103, 0x2103, 0x2965, 0x39e7, 0x31a6, 
	0x1904, 0x10c2, 0x10a1, 0x10c2, 0x1903, 0x18e3, 0x18c2, 0x0861, 0x1081, 0x18e3, 0x2904, 0x18a2, 0x18c2, 0x20e3, 0x1041, 0x20c3, 
	0x3164, 0x2944, 0x2944, 0x3164, 0x3185, 0x3185, 0x39a5, 0x41e6, 0x5248, 0x7bac, 0xce36, 0xd677, 0xd698, 0xe6d9, 0xe6f9, 0xe6f9, 
	0xe6f9, 0xe6d9, 0xded9, 0xded9, 0xe6d9, 0xe6d9, 0xdeb8, 0xded9, 0xef3a, 0xe6f9, 0xdeb8, 0xdeb8, 0xe6d9, 0xde98, 0xd677, 0xd6b8, 
	0xdefa, 0xd698, 0xef3b, 0xe6fa, 0xe6fa, 0xdefa, 0xe6fa, 0xe6fa, 0xdefa, 0xdf1a, 0xe73a, 0xdef9, 0xe73b, 0xdf1a, 0xdefa, 0xdf1a, 
	0xdf1a, 0xd6b9, 0xef5b, 0xef9c, 0xded9, 0xe6fa, 0xe71a, 0xe6fa, 0xe71a, 0xdefa, 0xded9, 0xef5b, 0xdefa, 0xe71a, 0xe73b, 0xe71a, 
	0xe73b, 0xe73b, 0xded9, 0xd6d9, 0x6b6d, 0x3184, 0x3164, 0x39a5, 0x39c5, 0x4206, 0x3185, 0x2965, 0x2945, 0x2103, 0x10a1, 0x0861, 
	0x0040, 0x08a1, 0x0060, 0x0860, 0x0060, 0x1903, 0x2124, 0x2124, 0x1903, 0x1903, 0x10c2, 0x1903, 0x18e3, 0x2124, 0x31a6, 0x1903, 
	0x3a08, 0x0881, 0x10c2, 0x10a2, 0x18e3, 0x10c2, 0x1081, 0x10c2, 0x2124, 0x0020, 0x18e3, 0x0840, 0x10a2, 0x1081, 0x2103, 0x2924, 
	0x20e3, 0x3144, 0x49a5, 0x51e6, 0x49c5, 0x5207, 0x3123, 0x3164, 0x28e2, 0x41a5, 0x2903, 0x3123, 0x2903, 0x18a2, 0x20e3, 0x20c2, 
	0x20c2, 0x2924, 0x18c2, 0x20c3, 0x2103, 0x20e3, 0x18c2, 0x2103, 0x2944, 0x18c2, 0x2124, 0x18e3, 0x2123, 0x2944, 0x2103, 0x2965, 
	0x31a6, 0x528a, 0x31a6, 0x10a2, 0x1903, 0x2944, 0x10a2, 0x10a2, 0x18e3, 0x10a2, 0x18c2, 0x20e3, 0x1081, 0x18a2, 0x2944, 0x2944, 
	0x2924, 0x3165, 0x2944, 0x3164, 0x3164, 0x3185, 0x41e6, 0x4207, 0x62ea, 0xbdb4, 0xdeb8, 0xded9, 0xde98, 0xdeb8, 0xdeb8, 0xe6d9, 
	0xe6d9, 0xe6d9, 0xdeb8, 0xe6d9, 0xde98, 0xdeb8, 0xded9, 0xdeb8, 0xdeb8, 0xe6f9, 0xe6f9, 0xdeb8, 0xdeb8, 0xdeb8, 0xde98, 0xdeb8, 
	0xded9, 0xe73a, 0xd6b8, 0xdef9, 0xe71a, 0xe6fa, 0xe71a, 0xe71a, 0xe71a, 0xdef9, 0xe71a, 0xdef9, 0xdefa, 0xe71a, 0xe75b, 0xdefa, 
	0xdef9, 0xdf1a, 0xe73a, 0xdf1a, 0xded9, 0xe71a, 0xded9, 0xded9, 0xded9, 0xded9, 0xdefa, 0xe71a, 0xd698, 0xef5b, 0xded9, 0xe73a, 
	0xded9, 0xef5b, 0xef5b, 0xe75b, 0x94d1, 0x4206, 0x39a5, 0x3124, 0x5289, 0x3185, 0x3185, 0x2144, 0x18e2, 0x0861, 0x1081, 0x0861, 
	0x0881, 0x0861, 0x1081, 0x18c2, 0x18c2, 0x2103, 0x2964, 0x2124, 0x18e2, 0x18e3, 0x10a1, 0x18e2, 0x18c2, 0x2124, 0x6b8d, 0x10a2, 
	0x10c3, 0x1924, 0x10c2, 0x0881, 0x18e2, 0x0881, 0x2944, 0x18c2, 0x1081, 0x0881, 0x18c2, 0x0840, 0x0861, 0x18a2, 0x3124, 0x2924, 
	0x28e3, 0x41a4, 0x5a27, 0x5a27, 0x51c6, 0x3964, 0x5206, 0x2923, 0x49c5, 0x49c5, 0x2903, 0x1881, 0x3144, 0x20e2, 0x20c2, 0x20c2, 
	0x2903, 0x2904, 0x20e3, 0x1882, 0x1081, 0x18c2, 0x2944, 0x18c3, 0x2103, 0x2103, 0x2103, 0x18e3, 0x18e3, 0x2103, 0x18e3, 0x2103, 
	0x2103, 0x2944, 0x39c6, 0x4207, 0x31c6, 0x31a5, 0x2944, 0x18e3, 0x0861, 0x18c2, 0x1081, 0x18c2, 0x2924, 0x2103, 0x3145, 0x2103, 
	0x20e3, 0x20e3, 0x3164, 0x2923, 0x39c6, 0x3185, 0x3185, 0x4a27, 0x9c90, 0xc5d5, 0xef3a, 0xd677, 0xdeb8, 0xdeb8, 0xded9, 0xe6d9, 
	0xdeb8, 0xded9, 0xe6d9, 0xded9, 0xe71a, 0xe6d9, 0xde98, 0xe6d9, 0xded9, 0xe6d9, 0xe6d9, 0xe6d9, 0xe6d9, 0xde98, 0xde98, 0xde98, 
	0xe71a, 0xe71a, 0xded9, 0xe6fa, 0xe6fa, 0xe71a, 0xe6fa, 0xded9, 0xe71a, 0xd6d9, 0xef7c, 0xdef9, 0xe73a, 0xe73b, 0xdefa, 0xdefa, 
	0xe73a, 0xdf1a, 0xdefa, 0xdf1a, 0xded9, 0xdeb9, 0xd6b9, 0xe71a, 0xd6b9, 0xe6fa, 0xdef9, 0xef3b, 0xe71a, 0xe73a, 0xe71a, 0xe73b, 
	0xf79c, 0xef7c, 0xe75b, 0xef7b, 0xe75b, 0x5aca, 0x41c6, 0x3985, 0x3164, 0x3184, 0x2103, 0x18e3, 0x18e3, 0x1081, 0x10a2, 0x0040, 
	0x0881, 0x0881, 0x18c2, 0x2103, 0x2103, 0x2124, 0x18c2, 0x18e3, 0x0861, 0x10a1, 0x10a1, 0x18c2, 0x10a1, 0x0860, 0x0881, 0x0881, 
	0x10a2, 0x0881, 0x10c2, 0x2985, 0x2124, 0x10a1, 0x1081, 0x10a2, 0x1081, 0x0840, 0x0861, 0x1081, 0x20e3, 0x2904, 0x2924, 0x2903, 
	0x3964, 0x5a27, 0x6247, 0x5a47, 0x3103, 0x5a27, 0x5206, 0x3964, 0x5a06, 0x72a9, 0x59e6, 0x3123, 0x1881, 0x3144, 0x28e2, 0x20e2, 
	0x28e3, 0x20a2, 0x20c3, 0x20e3, 0x20e3, 0x18a2, 0x1882, 0x18c2, 0x20e3, 0x20e3, 0x18a2, 0x1081, 0x18c2, 0x2103, 0x2103, 0x18c2, 
	0x10a2, 0x10a2, 0x2103, 0x2124, 0x2965, 0x2965, 0x4207, 0x39e7, 0x31c6, 0x2944, 0x18e3, 0x18c2, 0x20e3, 0x20e3, 0x2944, 0x3185, 
	0x2924, 0x3165, 0x2923, 0x2923, 0x2923, 0x3164, 0x4a27, 0x4207, 0x6b4c, 0x9cb0, 0xd677, 0xe6d9, 0xde98, 0xde98, 0xdeb8, 0xe6f9, 
	0xe6d9, 0xe6d9, 0xded9, 0xe6d9, 0xe6d9, 0xdeb8, 0xe6d9, 0xdeb8, 0xde98, 0xded9, 0xde98, 0xe6d9, 0xde98, 0xdeb8, 0xd698, 0xd698, 
	0xf77c, 0xe6fa, 0xf79c, 0xef3b, 0xef5b, 0xe71a, 0xe71a, 0xdefa, 0xe73a, 0xe71a, 0xe73b, 0xe71a, 0xe73a, 0xe73b, 0xdf1a, 0xdef9, 
	0xe73b, 0xe73a, 0xdef9, 0xded9, 0xe71a, 0xded9, 0xe73b, 0xdefa, 0xdf1a, 0xd6d9, 0xdef9, 0xdf1a, 0xdefa, 0xef5b, 0xe73a, 0xe73b, 
	0xe73b, 0xd6d9, 0xe75b, 0xef7c, 0xef7c, 0x4207, 0x5228, 0x41e6, 0x41c6, 0x39a5, 0x2924, 0x2944, 0x2103, 0x10c2, 0x10c2, 0x0861, 
	0x10a2, 0x10a2, 0x2124, 0x2123, 0x1903, 0x18e3, 0x18e3, 0x18e2, 0x18e2, 0x1903, 0x18c2, 0x10a2, 0x0882, 0x2124, 0x2965, 0x2124, 
	0x31c7, 0x2986, 0x1903, 0x18c2, 0x1081, 0x1081, 0x1081, 0x0861, 0x0840, 0x0861, 0x1061, 0x1882, 0x2903, 0x2903, 0x2903, 0x3123, 
	0x5206, 0x51e5, 0x5a47, 0x5206, 0x49c5, 0x6247, 0x4984, 0x3963, 0x6a68, 0x82ea, 0x7ac9, 0x6a27, 0x4184, 0x3103, 0x3985, 0x3103, 
	0x2923, 0x20c2, 0x20e3, 0x28e3, 0x2924, 0x20e3, 0x18c2, 0x20e3, 0x18c2, 0x20e3, 0x3145, 0x1882, 0x20e3, 0x20e3, 0x18c2, 0x18c2, 
	0x20e3, 0x2103, 0x2103, 0x2944, 0x3165, 0x2944, 0x2103, 0x2103, 0x2104, 0x20e3, 0x2104, 0x2924, 0x18c2, 0x18c2, 0x18a2, 0x20e3, 
	0x2924, 0x2924, 0x2944, 0x2924, 0x2944, 0x3185, 0x39c5, 0x4206, 0x738c, 0xbd94, 0xc5f5, 0xce36, 0xdeb8, 0xdeb8, 0xe6f9, 0xe6f9, 
	0xdeb8, 0xe6d9, 0xded9, 0xded9, 0xdeb8, 0xe6d9, 0xe6d9, 0xe6d9, 0xdeb8, 0xe6f9, 0xdeb8, 0xdeb8, 0xdeb8, 0xe6d9, 0xdeb8, 0xded9, 
	0xdefa, 0xded9, 0xef5b, 0xe71a, 0xe73a, 0xded9, 0xef5b, 0xef5b, 0xded9, 0xe71a, 0xdf1a, 0xe73a, 0xe71a, 0xdefa, 0xdefa, 0xded9, 
	0xef7b, 0xdf1a, 0xded9, 0xe71a, 0xded9, 0xdf1a, 0xe73a, 0xe71a, 0xdf1a, 0xe75b, 0xe73a, 0xe71a, 0xe71a, 0xe75b, 0xe71a, 0xe73b, 
	0xded9, 0xe75b, 0xef5b, 0xe75b, 0xef7c, 0x39c6, 0x5248, 0x4a07, 0x39a5, 0x2964, 0x2103, 0x10a2, 0x0861, 0x0861, 0x2124, 0x10a2, 
	0x10a2, 0x10a2, 0x2103, 0x2123, 0x2103, 0x2124, 0x2124, 0x2103, 0x18c2, 0x2124, 0x2124, 0x31a6, 0x39e7, 0x2965, 0x2965, 0x2144, 
	0x2104, 0x10a2, 0x10a2, 0x0820, 0x0861, 0x0840, 0x0840, 0x2903, 0x1882, 0x1061, 0x0840, 0x28e3, 0x3124, 0x3144, 0x4185, 0x3943, 
	0x51c6, 0x5a06, 0x5a07, 0x4185, 0x6aa8, 0x72c9, 0x4184, 0x4164, 0x7aa9, 0x7ac9, 0x7288, 0x7288, 0x6248, 0x41a5, 0x3143, 0x2903, 
	0x3985, 0x2903, 0x20e3, 0x18a2, 0x20c3, 0x18a2, 0x18a2, 0x1061, 0x18a2, 0x1081, 0x18a2, 0x18a2, 0x20e3, 0x18a2, 0x18c2, 0x2904, 
	0x2944, 0x2965, 0x18e3, 0x18c2, 0x2103, 0x20e3, 0x2924, 0x2103, 0x3145, 0x2924, 0x2103, 0x20e3, 0x2924, 0x2103, 0x18c2, 0x18a2, 
	0x18a2, 0x2944, 0x3185, 0x3185, 0x3185, 0x39c6, 0x4a27, 0x4a27, 0x83ee, 0xa4f1, 0xce57, 0xdeb8, 0xdeb8, 0xd677, 0xd677, 0xdeb8, 
	0xe6d9, 0xdeb8, 0xe6d9, 0xdeb8, 0xe6d9, 0xe6d9, 0xe6d9, 0xe6f9, 0xe6f9, 0xef1a, 0xdeb8, 0xde98, 0xde98, 0xdeb8, 0xde98, 0xdeb8, 
	0xe71a, 0xef5b, 0xef3b, 0xef3b, 0xe71a, 0xef3b, 0xe71a, 0xf7bc, 0xe73a, 0xdefa, 0xe73b, 0xe73a, 0xef5b, 0xdf1a, 0xe73a, 0xe73a, 
	0xd6b9, 0xdf1a, 0xe73b, 0xdefa, 0xdf1a, 0xe71a, 0xdf1a, 0xe73a, 0xe73b, 0xdf1a, 0xdef9, 0xe73b, 0xe71a, 0xdf1a, 0xe71a, 0xe73b, 
	0xd6b9, 0xef5b, 0xf79c, 0xf7bd, 0xd6b9, 0x3184, 0x39a5, 0x41c6, 0x41c6, 0x2923, 0x2924, 0x2103, 0x2944, 0x1061, 0x18c2, 0x31a6, 
	0x1081, 0x10c2, 0x0861, 0x18c2, 0x18e3, 0x18e3, 0x31a6, 0x2966, 0x31a7, 0x4229, 0x2144, 0x1924, 0x31a6, 0x2124, 0x1903, 0x2104, 
	0x2104, 0x18c2, 0x18c2, 0x1041, 0x1040, 0x2923, 0x2923, 0x20e2, 0x1881, 0x20c2, 0x2924, 0x3144, 0x41a5, 0x3963, 0x49c5, 0x4984, 
	0x59e6, 0x5a06, 0x59e6, 0x51c5, 0x6247, 0x5a07, 0x49c5, 0x5a26, 0x82e9, 0x7288, 0x7288, 0x7288, 0x6a67, 0x6247, 0x4164, 0x49e6, 
	0x28c2, 0x2903, 0x28e3, 0x2903, 0x20c2, 0x1882, 0x20c3, 0x18a2, 0x20e3, 0x18a2, 0x18a2, 0x1081, 0x0840, 0x0840, 0x1081, 0x1081, 
	0x1081, 0x18a2, 0x1081, 0x1061, 0x20c3, 0x20c3, 0x18c2, 0x20c3, 0x2103, 0x3145, 0x2103, 0x2924, 0x18a2, 0x20c3, 0x20e3, 0x2103, 
	0x20e3, 0x2924, 0x2944, 0x39c5, 0x39c6, 0x4207, 0x4a27, 0x8c0f, 0xe6f9, 0xf75b, 0xe6d9, 0xe6d9, 0xd677, 0xce57, 0xdeb8, 0xdeb8, 
	0xdeb8, 0xded9, 0xe6d9, 0xe6d9, 0xdeb8, 0xded9, 0xdeb8, 0xe6d9, 0xe6d9, 0xde98, 0xde98, 0xe6d9, 0xd677, 0xdeb8, 0xdeb8, 0xdeb8, 
	0xd6b8, 0xef5b, 0xe71a, 0xe73b, 0xef7b, 0xe71a, 0xe71a, 0xe73a, 0xded9, 0xd698, 0xe73a, 0xe73b, 0xe73a, 0xe73b, 0xdef9, 0xdf1a, 
	0xdef9, 0xe73b, 0xdf1a, 0xef5b, 0xe73a, 0xdefa, 0xe73a, 0xe71a, 0xdefa, 0xe71a, 0xdf1a, 0xdef9, 0xe73a, 0xe71a, 0xdf3a, 0xef5b, 
	0xe71a, 0xdeb8, 0xbd94, 0xb533, 0xc5f6, 0x62c9, 0x3164, 0x31a4, 0x41e6, 0x3185, 0x39a5, 0x39a6, 0x3185, 0x18c2, 0x18c2, 0x2103, 
	0x18a2, 0x0820, 0x1081, 0x2964, 0x2123, 0x2123, 0x39e7, 0x2945, 0x2965, 0x2104, 0x2985, 0x2124, 0x2124, 0x2944, 0x2124, 0x20e3, 
	0x18c2, 0x1881, 0x2903, 0x20e2, 0x3144, 0x2903, 0x28e3, 0x3985, 0x3144, 0x4164, 0x49c6, 0x5a06, 0x51c5, 0x5a06, 0x5a06, 0x51a5, 
	0x5a06, 0x6226, 0x6206, 0x59e5, 0x6a68, 0x5a06, 0x49a5, 0x4185, 0x7aa8, 0x7ac9, 0x7ac9, 0x7288, 0x7aa8, 0x6a27, 0x6247, 0x6a88, 
	0x4184, 0x41e6, 0x3123, 0x3144, 0x3144, 0x41e6, 0x3985, 0x3144, 0x3144, 0x3144, 0x2903, 0x2923, 0x2923, 0x20e2, 0x0860, 0x0860, 
	0x1081, 0x1061, 0x1081, 0x1061, 0x1041, 0x1061, 0x18a2, 0x18c2, 0x18a2, 0x20e3, 0x2103, 0x3145, 0x2924, 0x2903, 0x2944, 0x2944, 
	0x2924, 0x2924, 0x3164, 0x3185, 0x39a5, 0x41e6, 0x5268, 0xded8, 0xe6fa, 0xe6d9, 0xe6f9, 0xe6f9, 0xe6f9, 0xef1a, 0xe6f9, 0xe6f9, 
	0xe6d9, 0xdeb8, 0xded9, 0xef1a, 0xded9, 0xe6d9, 0xe6d9, 0xdeb8, 0xe6f9, 0xded9, 0xe6d9, 0xe6d9, 0xe6d9, 0xe6d9, 0xdeb8, 0xded9, 
	0xef5b, 0xdefa, 0xd6b9, 0xded9, 0xe73b, 0xef3b, 0xe71a, 0xef5b, 0xded9, 0xe6fa, 0xef3b, 0xe73b, 0xe71a, 0xef5b, 0xe73a, 0xe73b, 
	0xdf1a, 0xdefa, 0xe75b, 0xe73a, 0xe71a, 0xdef9, 0xe73a, 0xef7b, 0xe73a, 0xef5b, 0xd6b8, 0xce14, 0xbd93, 0xc552, 0xbd31, 0xbd32, 
	0xc572, 0xbd31, 0xc552, 0xc552, 0xc551, 0xbcf0, 0xbcb0, 0xa44d, 0x7309, 0x4a28, 0x4a47, 0x3184, 0x2924, 0x20c3, 0x18a2, 0x18a2, 
	0x20c3, 0x20e3, 0x2924, 0x3165, 0x2924, 0x18c2, 0x18a2, 0x18c2, 0x2944, 0x2103, 0x2144, 0x3185, 0x3165, 0x39c6, 0x2944, 0x2904, 
	0x39a5, 0x41c6, 0x3164, 0x2923, 0x2903, 0x3123, 0x3964, 0x51c6, 0x49a5, 0x59e5, 0x4143, 0x51a4, 0x59c5, 0x6206, 0x6226, 0x6a26, 
	0x6a26, 0x6a47, 0x7288, 0x7288, 0x6a47, 0x6226, 0x51c5, 0x6a67, 0x7ac9, 0x7ac8, 0x72a8, 0x7aa8, 0x7267, 0x6a47, 0x6a47, 0x7287, 
	0x6a47, 0x6a67, 0x5205, 0x6267, 0x3943, 0x5206, 0x5226, 0x49e6, 0x49c5, 0x51e6, 0x51e6, 0x49c5, 0x49a5, 0x4184, 0x41a4, 0x41c4, 
	0x3143, 0x20e2, 0x1061, 0x1082, 0x18a2, 0x1081, 0x20c3, 0x20e3, 0x18a2, 0x18a2, 0x20e3, 0x18c2, 0x2944, 0x2944, 0x2943, 0x2923, 
	0x2944, 0x2944, 0x3185, 0x3185, 0x3185, 0x41e6, 0x4a27, 0x6b4b, 0xc636, 0xe6f9, 0xe6f9, 0xe6f9, 0xe6f9, 0xe71a, 0xe6d9, 0xe6d9, 
	0xded9, 0xe6d9, 0xe6f9, 0xe6f9, 0xef1a, 0xde98, 0xde98, 0xdeb8, 0xde98, 0xdeb8, 0xd698, 0xdeb8, 0xdeb8, 0xd698, 0xd698, 0xdeb8, 
	0xe71a, 0xef3b, 0xe73b, 0xef7b, 0xe71a, 0xef7b, 0xe6fa, 0xe71a, 0xe71a, 0xe71a, 0xe71a, 0xe6fa, 0xef3b, 0xdefa, 0xe71a, 0xe73b, 
	0xe71a, 0xe73b, 0xe75b, 0xe73b, 0xdf3a, 0xe71a, 0xce36, 0xbd72, 0xbd72, 0xc572, 0xc572, 0xbd51, 0xbd51, 0xbd31, 0xbd51, 0xbd51, 
	0xbd51, 0xc551, 0xbd11, 0xbcf0, 0xbcf0, 0xbcb0, 0xb48f, 0xac4d, 0x93aa, 0x5a46, 0x39c5, 0x41e6, 0x3164, 0x20e2, 0x20e3, 0x20c3, 
	0x2103, 0x2924, 0x2924, 0x2944, 0x3145, 0x39a6, 0x3165, 0x3985, 0x39a5, 0x3985, 0x4a27, 0x4a27, 0x3964, 0x3144, 0x3164, 0x2903, 
	0x3164, 0x2923, 0x28e3, 0x3144, 0x3985, 0x5a47, 0x5a06, 0x51e6, 0x5a06, 0x51c5, 0x6206, 0x61e5, 0x6206, 0x61e5, 0x6a26, 0x6a47, 
	0x6a47, 0x6a47, 0x7aa8, 0x7288, 0x6a47, 0x7288, 0x6a47, 0x7ac8, 0x7ac8, 0x7ae8, 0x7aa8, 0x72a7, 0x7267, 0x7267, 0x6a47, 0x6a26, 
	0x6a47, 0x6a46, 0x6206, 0x6226, 0x51c4, 0x6226, 0x6206, 0x59e5, 0x6247, 0x6226, 0x6247, 0x6247, 0x5a26, 0x5a26, 0x5a26, 0x6247, 
	0x5a47, 0x5a26, 0x49c5, 0x49c5, 0x3144, 0x18c2, 0x1081, 0x18c2, 0x20e3, 0x18c2, 0x20e3, 0x20e3, 0x20c3, 0x20e2, 0x2923, 0x2103, 
	0x2944, 0x3164, 0x3184, 0x39a5, 0x39c6, 0x39a5, 0x4a07, 0x734b, 0xd657, 0xef1a, 0xe6d9, 0xe71a, 0xe6d9, 0xe6f9, 0xdeb8, 0xded9, 
	0xe6d9, 0xde98, 0xdeb8, 0xdeb8, 0xe6f9, 0xe6d9, 0xe6d9, 0xdeb8, 0xded9, 0xe6f9, 0xe6f9, 0xe6f9, 0xde98, 0xded9, 0xde98, 0xdeb8, 
	0xfffd, 0xef5b, 0xef5b, 0xef3b, 0xdefa, 0xef7b, 0xe73b, 0xef7c, 0xe6fa, 0xe71a, 0xe71a, 0xe71a, 0xe71a, 0xe71a, 0xf77c, 0xef7c, 
	0xe75b, 0xef5b, 0xe6b9, 0xcd94, 0xc594, 0xc593, 0xc593, 0xc572, 0xbd51, 0xbd51, 0xbd51, 0xbd31, 0xbd31, 0xbd51, 0xbd51, 0xbd31, 
	0xbcf0, 0xbccf, 0xb4af, 0xb48e, 0xb46e, 0xb44e, 0xac2c, 0xa3eb, 0x9b8a, 0x8329, 0x3985, 0x39a5, 0x3985, 0x3144, 0x3143, 0x2903, 
	0x20e3, 0x1061, 0x1882, 0x1060, 0x3123, 0x49c5, 0x49e6, 0x41c5, 0x41c5, 0x49e6, 0x3923, 0x30e2, 0x28a1, 0x732b, 0x6b2b, 0x5248, 
	0x20c2, 0x18a2, 0x1861, 0x2903, 0x1040, 0x1040, 0x2081, 0x4184, 0x6206, 0x6206, 0x6206, 0x6206, 0x6206, 0x6206, 0x61e5, 0x6a47, 
	0x7267, 0x7267, 0x7287, 0x7aa8, 0x7aa8, 0x82e9, 0x7ac8, 0x82e8, 0x7ac8, 0x7ac8, 0x7287, 0x7287, 0x7267, 0x6a47, 0x6a47, 0x6a47, 
	0x6a47, 0x6a47, 0x7288, 0x7288, 0x7aa8, 0x7288, 0x7288, 0x6a47, 0x6a47, 0x6226, 0x6a46, 0x6a46, 0x6246, 0x6226, 0x6246, 0x6267, 
	0x6247, 0x6247, 0x6267, 0x6aa8, 0x6267, 0x5206, 0x18c2, 0x18a2, 0x18a2, 0x18c2, 0x18c2, 0x20e3, 0x20e3, 0x20e3, 0x2103, 0x18c2, 
	0x2944, 0x3164, 0x3184, 0x3185, 0x39c6, 0x41c6, 0x62c9, 0x734b, 0xc5f5, 0xe71a, 0xe6f9, 0xe6f9, 0xe6f9, 0xe6d9, 0xe6d9, 0xe6f9, 
	0xdeb8, 0xe6d9, 0xded9, 0xded9, 0xef1a, 0xe6f9, 0xde98, 0xded9, 0xe6d9, 0xded9, 0xe6d9, 0xd698, 0xe6d9, 0xdeb8, 0xde98, 0xde98, 
	0xef5b, 0xe71a, 0xe71a, 0xdef9, 0xf79c, 0xe73a, 0xe71a, 0xe71a, 0xef7c, 0xe71a, 0xef3b, 0xef5b, 0xf79c, 0xef7b, 0xe719, 0xd636, 
	0xcd94, 0xcdb4, 0xcdb4, 0xcd93, 0xcd93, 0xc593, 0xc572, 0xbd51, 0xbd51, 0xbd31, 0xbd31, 0xb511, 0xbd31, 0xaccf, 0xb48e, 0xac8e, 
	0xac8e, 0xa42c, 0xac4d, 0xac2c, 0xabec, 0xa3cc, 0xa3ab, 0x9b6a, 0x8b29, 0x72a7, 0x28e2, 0x2984, 0x39c5, 0x3985, 0x3144, 0x2923, 
	0x2923, 0x2903, 0x2902, 0x3963, 0x5a26, 0x5206, 0x5206, 0x5206, 0x49e5, 0x51e6, 0x51e6, 0x51c5, 0x3943, 0x3923, 0x7b6b, 0x7bad, 
	0x39a5, 0x20c3, 0x0840, 0x0840, 0x0840, 0x1061, 0x2903, 0x59e6, 0x4984, 0x6226, 0x6206, 0x6206, 0x6a26, 0x6a26, 0x6a47, 0x6a47, 
	0x7267, 0x6a47, 0x7aa7, 0x7ac8, 0x7aa7, 0x82e8, 0x82e9, 0x82c8, 0x82e8, 0x7ac8, 0x7ac8, 0x7287, 0x7267, 0x7267, 0x7267, 0x6a47, 
	0x7267, 0x7267, 0x7267, 0x7267, 0x7267, 0x7267, 0x7267, 0x7288, 0x7267, 0x6a47, 0x6a67, 0x6a47, 0x6a67, 0x6a46, 0x6226, 0x6266, 
	0x6247, 0x6287, 0x72e9, 0x72e9, 0x730a, 0x6aa8, 0x49e6, 0x2102, 0x18c2, 0x20e3, 0x2924, 0x18a2, 0x20e3, 0x2103, 0x2944, 0x2944, 
	0x2923, 0x3185, 0x39c6, 0x41c6, 0x4a07, 0x4a07, 0x736c, 0xb553, 0xdeb8, 0xded9, 0xef1a, 0xe6d9, 0xe6d9, 0xe6d9, 0xe6f9, 0xe6d9, 
	0xe6d9, 0xef1a, 0xe6d9, 0xde98, 0xef1a, 0xe6f9, 0xe6f9, 0xef1a, 0xe6f9, 0xdeb8, 0xe6f9, 0xe6f9, 0xdeb8, 0xde98, 0xdeb8, 0xe6d9, 
	0xef3b, 0xe71a, 0xef3b, 0xe71a, 0xe71a, 0xef5b, 0xf79c, 0xe6fa, 0xef5b, 0xef5b, 0xe75b, 0xe6fa, 0xd5f6, 0xd5f6, 0xd5f5, 0xd615, 
	0xcdd5, 0xcd73, 0xcd93, 0xbd31, 0xbd31, 0xc551, 0xbd51, 0xbd51, 0xbd51, 0xbd31, 0xb4d0, 0xb48f, 0xb46e, 0xa3ec, 0x9bcb, 0x9baa, 
	0x9b89, 0x9369, 0x9349, 0x9bcb, 0xbd10, 0xc592, 0xc5b3, 0xb511, 0xb510, 0xbcf0, 0xa42d, 0xb4af, 0xb4cf, 0xac8e, 0xac8e, 0xb4cf, 
	0x7329, 0x6287, 0x62a7, 0x7309, 0x72e9, 0x6a87, 0x6a87, 0x6a88, 0x6aa8, 0x6ac8, 0x6267, 0x6aa8, 0x6267, 0x5a06, 0x49a5, 0x3963, 
	0x49c5, 0x5207, 0x1881, 0x0820, 0x1881, 0x49c6, 0x6a88, 0x6207, 0x4985, 0x72c9, 0x6a46, 0x6205, 0x6a26, 0x6226, 0x6206, 0x7267, 
	0x7287, 0x7287, 0x7266, 0x7aa8, 0x82e9, 0x82e9, 0x82e9, 0x82c8, 0x82c8, 0x7aa8, 0x7287, 0x7287, 0x7267, 0x6a46, 0x6a46, 0x7267, 
	0x6a47, 0x7267, 0x6a67, 0x6a47, 0x6a68, 0x5227, 0x4184, 0x28e2, 0x1880, 0x1020, 0x28e2, 0x41c5, 0x3963, 0x4184, 0x51a4, 0x6aa8, 
	0x7309, 0x730a, 0x72e9, 0x730a, 0x730a, 0x72e9, 0x5206, 0x3964, 0x18c2, 0x18e2, 0x18c2, 0x2924, 0x20e3, 0x2944, 0x3164, 0x2944, 
	0x3985, 0x41e6, 0x5a88, 0x39a5, 0x8c0e, 0x62ea, 0x9cb0, 0xb553, 0xf75b, 0xe6f9, 0xe6f9, 0xd677, 0xe6d9, 0xdeb8, 0xdeb8, 0xe6f9, 
	0xe6d9, 0xde98, 0xe6f9, 0xe6d9, 0xdeb8, 0xe6d9, 0xe6d9, 0xded9, 0xde98, 0xe6f9, 0xe6d9, 0xe6d9, 0xe6d9, 0xe6f9, 0xdeb8, 0xdeb8, 
	0xe6fa, 0xf77c, 0xe71a, 0xef5b, 0xe73b, 0xe6fa, 0xf79c, 0xf77c, 0xe73a, 0xef5b, 0xde37, 0xde17, 0xde16, 0xd5f6, 0xde16, 0xd5f5, 
	0xcd73, 0xcd73, 0xc532, 0xc532, 0xc552, 0xbd52, 0xc552, 0xc592, 0xbd72, 0xbd31, 0xb4af, 0xd5d3, 0xde35, 0xd5d4, 0xd5b3, 0xbd51, 
	0xc531, 0xc511, 0xbd31, 0xc572, 0xbd31, 0xbd31, 0xbd10, 0xbcf0, 0xbcf0, 0xbccf, 0xb4af, 0xac6e, 0xb48e, 0xac6e, 0xac6e, 0xac2d, 
	0xac4d, 0xb48f, 0xb46e, 0x9bcc, 0x834a, 0x7b29, 0x7b29, 0x72e8, 0x72e8, 0x72e9, 0x7b09, 0x7b29, 0x72e9, 0x72a8, 0x7288, 0x7288, 
	0x6267, 0x5a27, 0x51e6, 0x51c5, 0x5a06, 0x59e6, 0x59c5, 0x59c5, 0x51a5, 0x4102, 0x6a46, 0x6a26, 0x7267, 0x6a26, 0x6a47, 0x7287, 
	0x7287, 0x7ac8, 0x7ae8, 0x8b09, 0x8b2a, 0x8ae9, 0x8b09, 0x8ae8, 0x82e8, 0x82e9, 0x7ac8, 0x72a7, 0x7287, 0x6a46, 0x6a66, 0x6a46, 
	0x7267, 0x7288, 0x49a5, 0x51e5, 0x1061, 0x0040, 0x0820, 0x0861, 0x0840, 0x10a2, 0x3145, 0x8bad, 0x93ce, 0x9c2f, 0x4143, 0x38c2, 
	0x30e2, 0x51e6, 0x6ac8, 0x6aa8, 0x730a, 0x72e9, 0x6268, 0x5226, 0x2923, 0x2103, 0x2103, 0x3144, 0x3165, 0x3185, 0x3164, 0x3985, 
	0x3164, 0x3144, 0xad33, 0xa512, 0x6b0a, 0xce16, 0xe6f9, 0xef3a, 0xef3a, 0xe6f9, 0xe6f9, 0xded9, 0xe6d9, 0xe6d9, 0xde98, 0xe6f9, 
	0xe6f9, 0xe6f9, 0xde98, 0xde98, 0xdeb8, 0xe6f9, 0xdeb8, 0xe6d9, 0xdeb8, 0xe6d9, 0xded9, 0xe6d9, 0xe6d9, 0xdef9, 0xe6d9, 0xde98, 
	0xdefa, 0xe73b, 0xef3b, 0xe71a, 0xef5b, 0xe73a, 0xef3b, 0xef5b, 0xd657, 0xd617, 0xde17, 0xde17, 0xd616, 0xd5f6, 0xd5d5, 0xcd94, 
	0xc552, 0xc532, 0xc532, 0xcd93, 0xcdb4, 0xd5f6, 0xd616, 0xd616, 0xde57, 0xe678, 0xde16, 0xd5f5, 0xd593, 0xc511, 0xbccf, 0xbcaf, 
	0xbccf, 0xbcd0, 0xbcf0, 0xc4f0, 0xbccf, 0xbccf, 0xbcaf, 0xb4af, 0xb48e, 0xac6e, 0xac4d, 0xb46e, 0xac6e, 0xac4d, 0xa42d, 0xac2d, 
	0xa40c, 0xa40c, 0xa40c, 0x9beb, 0x938b, 0x938b, 0x836a, 0x834a, 0x834a, 0x834a, 0x7b09, 0x7ae8, 0x7ae8, 0x7ae8, 0x7aa8, 0x7288, 
	0x6a67, 0x6a47, 0x6226, 0x59e5, 0x59e5, 0x59e5, 0x59e5, 0x6226, 0x6a26, 0x7267, 0x7267, 0x6a47, 0x6a47, 0x6a47, 0x7267, 0x72a7, 
	0x7aa8, 0x7ac8, 0x82e9, 0x8b09, 0x934a, 0x8b09, 0x8ac8, 0x8ae8, 0x8ae8, 0x82a8, 0x7aa7, 0x7287, 0x6a46, 0x7287, 0x7287, 0x7287, 
	0x6a46, 0x4102, 0x4984, 0x6248, 0x6aa9, 0x1881, 0x0860, 0x0840, 0x0820, 0x1081, 0x736c, 0x83ad, 0x7b2b, 0x4164, 0x4964, 0x51c5, 
	0x5a47, 0x5206, 0x5a26, 0x6267, 0x72e9, 0x6ac9, 0x72e9, 0x6aa8, 0x41a5, 0x2103, 0x2102, 0x2903, 0x3164, 0x3144, 0x39a5, 0x8c2e, 
	0xce36, 0xdeb7, 0xc5f4, 0xd656, 0xc615, 0xe6f9, 0xded9, 0xdef9, 0xe719, 0xe73a, 0xdef9, 0xe6d9, 0xdeb8, 0xe71a, 0xe6d9, 0xe6d9, 
	0xe6d9, 0xded9, 0xde98, 0xded9, 0xde98, 0xdeb8, 0xdeb8, 0xdeb8, 0xded9, 0xde98, 0xdeb8, 0xded9, 0xe6d9, 0xe719, 0xdeb8, 0xdeb8, 
	0xef7b, 0xe71a, 0xef5b, 0xef7c, 0xef5b, 0xef3b, 0xf79c, 0xd657, 0xd5f6, 0xde16, 0xde17, 0xde78, 0xde36, 0xd5b6, 0xcd94, 0xc553, 
	0xc573, 0xc573, 0xd5f5, 0xd616, 0xde57, 0xde57, 0xd637, 0xde78, 0xe678, 0xde37, 0xde16, 0xcd93, 0xcd51, 0xbccf, 0xc4f0, 0xbcaf, 
	0xb48e, 0xb48e, 0xb46e, 0xb46e, 0xb46e, 0xac4e, 0xb48e, 0xac6e, 0xac4e, 0xac4d, 0xac2d, 0xa42c, 0xac4d, 0xa42c, 0xa42c, 0xa40c, 
	0xa40c, 0xa40c, 0xa40c, 0xa3ec, 0x9bcb, 0x938b, 0x93ab, 0x93ab, 0x8b6a, 0x8b6a, 0x8329, 0x7ae8, 0x7ae8, 0x82e8, 0x82e9, 0x7ac9, 
	0x7aa8, 0x7267, 0x7267, 0x7267, 0x6a26, 0x6a26, 0x6a47, 0x6a47, 0x7288, 0x72a8, 0x7287, 0x7287, 0x7287, 0x72a7, 0x7aa8, 0x7ac8, 
	0x7ac8, 0x7ae8, 0x82e9, 0x82e9, 0x8b2a, 0x8b09, 0x82c8, 0x82c8, 0x82a8, 0x82a7, 0x7aa7, 0x7287, 0x7266, 0x7267, 0x72a7, 0x7267, 
	0x72a7, 0x6a26, 0x6a47, 0x6a47, 0x6247, 0x6a67, 0x59e6, 0x5184, 0x51a5, 0x59a5, 0x51a5, 0x51c5, 0x51c5, 0x5a26, 0x72a8, 0x72c8, 
	0x5a26, 0x72e9, 0x6aa8, 0x6ac8, 0x72e9, 0x72e9, 0x7b2a, 0x834b, 0x6aa8, 0x1903, 0x20e2, 0x2923, 0x3144, 0x4a06, 0xe719, 0xe6f9, 
	0xe6f9, 0xe71a, 0xe71a, 0xe71a, 0xe719, 0xe71a, 0xe719, 0xef3a, 0xe73a, 0xe719, 0xef5a, 0xded9, 0xde98, 0xe6f9, 0xe6d9, 0xded9, 
	0xe6d9, 0xe6f9, 0xded9, 0xded9, 0xdeb8, 0xdeb8, 0xded9, 0xe6d9, 0xe6f9, 0xe6f9, 0xdeb8, 0xde98, 0xe6d9, 0xe6f9, 0xe6d9, 0xe6f9, 
	0xf79c, 0xef3b, 0xef5b, 0xef5b, 0xef5b, 0xef7b, 0xe6d9, 0xd615, 0xcd94, 0xc552, 0xc573, 0xd5b5, 0xcd95, 0xd5b4, 0xcd94, 0xcdb4, 
	0xd5d5, 0xd5f6, 0xd5f6, 0xde37, 0xde37, 0xde37, 0xde37, 0xd636, 0xd5b4, 0xd5d5, 0xd5b4, 0xcd73, 0xbcaf, 0xbc6e, 0xbc6e, 0xb40c, 
	0xabeb, 0xabec, 0xabec, 0xabec, 0xac2c, 0xac4d, 0xac2d, 0xac2d, 0xa40c, 0xa3ec, 0xa40c, 0xa40b, 0xa40b, 0xa3eb, 0xa3eb, 0x9bcb, 
	0x9bab, 0x938a, 0x9bab, 0x9baa, 0x93ab, 0x9bab, 0xa44e, 0x93ab, 0x938b, 0x938b, 0x938b, 0x8b4a, 0x8329, 0x8309, 0x82e9, 0x82e9, 
	0x7ac8, 0x7287, 0x7288, 0x7aa8, 0x7267, 0x7267, 0x7287, 0x7aa8, 0x7ac8, 0x7ac8, 0x7ac8, 0x72a7, 0x7ac8, 0x7aa8, 0x7aa8, 0x82c8, 
	0x82e9, 0x8b09, 0x934a, 0x8b2a, 0x8b2a, 0x8b09, 0x8ac8, 0x82c8, 0x82c8, 0x82a7, 0x7aa7, 0x7aa7, 0x7aa8, 0x7267, 0x7a87, 0x7ac8, 
	0x7287, 0x72a7, 0x7267, 0x7267, 0x6a47, 0x6a26, 0x6a47, 0x7267, 0x7267, 0x7288, 0x7aa8, 0x7ac9, 0x7ac8, 0x7ac8, 0x7ae9, 0x7ae9, 
	0x7b09, 0x7ae9, 0x72c8, 0x7b09, 0x72a8, 0x7b09, 0x836b, 0x8bcc, 0x838b, 0x10a1, 0x2903, 0x2924, 0x49e5, 0x732b, 0xef5a, 0xef3a, 
	0xe719, 0xe6f9, 0xe71a, 0xe73a, 0xe73a, 0xe71a, 0xded8, 0xdef9, 0xded8, 0xded9, 0xdef9, 0xded9, 0xe6f9, 0xe6f9, 0xe6f9, 0xded9, 
	0xe6d9, 0xe6d9, 0xe6f9, 0xde98, 0xe6f9, 0xdeb8, 0xded9, 0xe6f9, 0xe6d9, 0xef1a, 0xde98, 0xdeb8, 0xe6f9, 0xdeb8, 0xded9, 0xdeb8, 
	0xef5b, 0xef5b, 0xe71a, 0xffbd, 0xf79c, 0xf79c, 0xcd93, 0xcd93, 0xc511, 0xbcaf, 0xbcaf, 0xbd11, 0xc552, 0xcd74, 0xcd94, 0xcdb4, 
	0xcdf5, 0xcdd5, 0xd615, 0xd616, 0xd616, 0xd5f5, 0xcdb3, 0xc511, 0xc511, 0xcd52, 0xcd52, 0xc511, 0xbc8e, 0xbc4e, 0xb42c, 0xa38a, 
	0x9b89, 0xa38a, 0xa3aa, 0xa3cb, 0xabeb, 0xac2d, 0xac8e, 0xb4cf, 0xbcd0, 0xbcd0, 0x9bcb, 0x9369, 0x9369, 0x8b29, 0x8b29, 0xa42d, 
	0xcdd4, 0xd614, 0xcdd3, 0xcdd3, 0xcd72, 0xbd11, 0xb4af, 0x9bec, 0x8b6a, 0x8b8b, 0x938b, 0x938b, 0x8b4a, 0x82e9, 0x82e9, 0x7ae8, 
	0x7287, 0x7aa8, 0x7aa7, 0x7287, 0x7ac8, 0x82e8, 0x82e9, 0x82e8, 0x82e8, 0x8309, 0x7ac8, 0x82e9, 0x8309, 0x8b09, 0x8b4a, 0x8b2a, 
	0x8b2a, 0x934a, 0x8b2a, 0x934a, 0x932a, 0x9309, 0x8ac8, 0x8ae8, 0x82c8, 0x82c8, 0x82c8, 0x82a7, 0x7aa7, 0x7a87, 0x7a87, 0x82c8, 
	0x82e9, 0x82a8, 0x7ac8, 0x7aa8, 0x7287, 0x7287, 0x7267, 0x7267, 0x72a7, 0x72a7, 0x7aa7, 0x72a7, 0x7ac8, 0x82e9, 0x8329, 0x8309, 
	0x8309, 0x7ae9, 0x7ae9, 0x7ae8, 0x8329, 0x8b6b, 0x8bab, 0x93ec, 0x9c2e, 0x1881, 0x28e2, 0x4184, 0x6288, 0xce36, 0xef1a, 0xe6f9, 
	0xe719, 0xdef9, 0xdef9, 0xe719, 0xef5b, 0xe71a, 0xe71a, 0xdeb8, 0xde98, 0xe6d9, 0xdeb8, 0xe6f9, 0xdeb8, 0xdeb8, 0xe6f9, 0xe6d9, 
	0xe6d9, 0xe6d9, 0xe6d9, 0xded9, 0xdeb8, 0xd677, 0xdeb8, 0xdeb8, 0xe6f9, 0xe6d9, 0xe6f9, 0xe6d9, 0xd698, 0xe6f9, 0xe6d9, 0xdeb8, 
	0xe73a, 0xef7c, 0xf7bd, 0xf77c, 0xe73b, 0xef3a, 0xcd51, 0xc4f0, 0xbcf0, 0xbcd0, 0xbcb0, 0xb48f, 0xbcd0, 0xc4f1, 0xbd11, 0xc552, 
	0xcdb4, 0xcdd4, 0xcdd4, 0xd5f5, 0xcdd4, 0xc572, 0xc4f0, 0xbc6e, 0xac0d, 0xbcaf, 0xc510, 0xc510, 0xc4cf, 0xbc8e, 0xb40c, 0xabcb, 
	0xa3aa, 0xa3aa, 0xabcb, 0xa3cb, 0xb44d, 0xb510, 0xb551, 0xb531, 0xc573, 0xcd94, 0xcdb4, 0xcdd4, 0xcdd4, 0xcdb3, 0xc572, 0xc592, 
	0xc592, 0xc572, 0xc551, 0xbd11, 0xb4af, 0xac8e, 0xac4e, 0xac2d, 0x9bcc, 0x93ac, 0x9bcc, 0x938b, 0x936b, 0x8b2a, 0x8b29, 0x8309, 
	0x8309, 0x82e9, 0x8309, 0x82e8, 0x82e8, 0x8309, 0x82c8, 0x82e8, 0x82c8, 0x8309, 0x8b09, 0x8b2a, 0x932a, 0x934a, 0x934a, 0x932a, 
	0x932a, 0x934a, 0x9b6b, 0x9b6a, 0x9329, 0x9309, 0x8b09, 0x8ae9, 0x8ae8, 0x8ae8, 0x9309, 0x82c8, 0x82c8, 0x82c8, 0x82a7, 0x82c8, 
	0x8ae9, 0x82c8, 0x8ae9, 0x8ae9, 0x7aa8, 0x7aa8, 0x7aa7, 0x7aa8, 0x7aa8, 0x7ac8, 0x7aa8, 0x7aa8, 0x7ac8, 0x8329, 0x8329, 0x8329, 
	0x8329, 0x8329, 0x8309, 0x8b29, 0x8b6a, 0x8b8b, 0x93ed, 0x9c4e, 0x7309, 0x2923, 0x4184, 0x6aa7, 0xdef9, 0xded9, 0xe6d9, 0xe71a, 
	0xe6f9, 0xdef9, 0xded9, 0xdef9, 0xef3a, 0xded9, 0xe719, 0xd6b8, 0xded9, 0xded9, 0xded9, 0xdeb8, 0xdef9, 0xe719, 0xded9, 0xded9, 
	0xe6d9, 0xe6d9, 0xe6f9, 0xde98, 0xe6d9, 0xd677, 0xde98, 0xdeb8, 0xe6d9, 0xdeb8, 0xe6d9, 0xdeb8, 0xde98, 0xdeb8, 0xde98, 0xdeb8, 
	0xef3b, 0xef5b, 0xef5b, 0xef3b, 0xef9c, 0xe6f9, 0xbcd0, 0xbcd0, 0xbcd0, 0xb48f, 0xbcaf, 0xb4af, 0xbcaf, 0xb4cf, 0xbcf1, 0xc552, 
	0xcdb4, 0xcdb3, 0xc592, 0xc593, 0xc552, 0xc510, 0xbc8f, 0xb42d, 0xac0c, 0xbc8e, 0xc4cf, 0xbccf, 0xc4f0, 0xb46e, 0xb40c, 0xa3aa, 
	0xa3aa, 0xa3cb, 0xb46e, 0xc531, 0xc532, 0xcdd4, 0xd616, 0xde16, 0xde77, 0xe698, 0xe697, 0xde35, 0xcdb3, 0xbcf0, 0xbccf, 0xb48f, 
	0xb4af, 0xb4af, 0xbcf0, 0xbcaf, 0xac6e, 0xb46e, 0xa40d, 0xa3ec, 0x9bec, 0x9bcb, 0x93ab, 0x938b, 0x936b, 0x8b2a, 0x8309, 0x82e9, 
	0x8309, 0x82e8, 0x7ae8, 0x7ac8, 0x82e8, 0x82e8, 0x82e9, 0x82e8, 0x82e9, 0x82c9, 0x932a, 0x932a, 0x9b4b, 0x9b6b, 0x9b6b, 0x9b6b, 
	0x934a, 0x9b8b, 0x9b6b, 0x9b6b, 0x9b4a, 0x9b4a, 0x9309, 0x8ae9, 0x9329, 0x9329, 0x8b09, 0x9329, 0x8b09, 0x8ae9, 0x8ae9, 0x82c8, 
	0x8ae9, 0x8ae9, 0x8b09, 0x8b09, 0x8ae9, 0x82c8, 0x7aa8, 0x7aa8, 0x82e9, 0x7ac8, 0x82e9, 0x82e8, 0x82e9, 0x8309, 0x8b2a, 0x8b29, 
	0x8b2a, 0x8309, 0x8b2a, 0x8b4a, 0x8b4a, 0x8b8b, 0x940c, 0xa48f, 0x3922, 0x49a4, 0x51c4, 0x8bad, 0xe6f9, 0xded9, 0xe71a, 0xe719, 
	0xef5a, 0xded8, 0xdef9, 0xded9, 0xded9, 0xdef9, 0xded9, 0xe71a, 0xe719, 0xe6f9, 0xdef9, 0xe71a, 0xdeb8, 0xdeb8, 0xe719, 0xdeb8, 
	0xded9, 0xded9, 0xdef9, 0xdef9, 0xdeb8, 0xe6f9, 0xde98, 0xdeb8, 0xe6d9, 0xd677, 0xde98, 0xe6d9, 0xe6f9, 0xe6d9, 0xdeb8, 0xded9, 
	0xef5b, 0xef3b, 0xef3b, 0xef5b, 0xef3b, 0xe71a, 0xb4b0, 0xbcb0, 0xbcaf, 0xbcaf, 0xbcaf, 0xbcaf, 0xb4af, 0xbd31, 0xbd51, 0xbd51, 
	0xc592, 0xc592, 0xcdb3, 0xc552, 0xbcf0, 0xbcaf, 0xbc6e, 0xb40d, 0xabed, 0xb44e, 0xbc6e, 0xbc8f, 0xbc8e, 0xabeb, 0xa3cb, 0xa3aa, 
	0xa3aa, 0xac2c, 0xb4af, 0xbd52, 0xd5f6, 0xde57, 0xe657, 0xeed9, 0xe678, 0xe698, 0xe677, 0xddf5, 0xcd92, 0xbccf, 0xc510, 0xcd31, 
	0xc511, 0xc511, 0xbcf0, 0xbcd0, 0xb4af, 0xb48e, 0xac4d, 0xa42c, 0xa40c, 0xac4d, 0xa3ec, 0x9bcb, 0x93ab, 0x93ab, 0x9bec, 0x936a, 
	0x8b4a, 0x8309, 0x7ac8, 0x82c8, 0x82e8, 0x82e8, 0x82c8, 0x8ac9, 0x82c8, 0x8ae9, 0x932a, 0x934a, 0x9b6b, 0x9b6b, 0x9b6b, 0x932a, 
	0x9b8b, 0xa3ac, 0xa3ac, 0xa38c, 0x932a, 0x932a, 0x9309, 0x9309, 0x930a, 0x8ae9, 0x8ae9, 0x930a, 0x8b09, 0x8b09, 0x8ae9, 0x8ae9, 
	0x8ae9, 0x8ae9, 0x8ae9, 0x932a, 0x9309, 0x9309, 0x8b09, 0x82e8, 0x82c8, 0x82e8, 0x82c8, 0x8ae9, 0x8b29, 0x8b09, 0x8b29, 0x8b09, 
	0x8b4a, 0x8b4a, 0x8b4a, 0x8b2a, 0x8b4a, 0x8bab, 0x9c2d, 0xacaf, 0x4983, 0x51a4, 0x7ac8, 0xdef9, 0xded8, 0xded8, 0xded9, 0xdef9, 
	0xdef9, 0xded9, 0xd6b8, 0xded8, 0xdeb8, 0xde98, 0xe6f9, 0xdef9, 0xdef9, 0xded8, 0xded8, 0xd6b8, 0xded9, 0xdeb8, 0xd6b8, 0xdeb8, 
	0xe6d9, 0xe6d9, 0xded9, 0xded9, 0xe6d9, 0xdeb8, 0xe6d9, 0xdeb8, 0xe6f9, 0xdeb8, 0xdeb8, 0xdeb8, 0xe6f9, 0xdeb8, 0xe6d9, 0xdeb8, 
	0xef7b, 0xef5b, 0xef7c, 0xef5b, 0xef7b, 0xf79c, 0xb4cf, 0xb4af, 0xbcaf, 0xbcaf, 0xb4af, 0xb4d0, 0xb4d0, 0xc551, 0xc572, 0xc552, 
	0xc551, 0xbd51, 0xbd11, 0xc511, 0xbcd0, 0xbcaf, 0xbc4e, 0xabec, 0xabec, 0xb44e, 0xb44e, 0xb44d, 0xb42d, 0xb40c, 0xa3aa, 0xa3ca, 
	0xa3eb, 0xbcaf, 0xcd73, 0xd5d5, 0xde36, 0xe657, 0xde77, 0xd616, 0xd616, 0xe657, 0xd5f5, 0xcdd4, 0xc531, 0xb42c, 0xbc8e, 0xb4ae, 
	0xbcaf, 0xc511, 0xc511, 0xc531, 0xc572, 0xbcf0, 0xb4af, 0xac4d, 0xac2c, 0xac4d, 0xac4d, 0xa3ec, 0x9bec, 0x9bcc, 0xa40d, 0xa3ec, 
	0x938b, 0x8b6a, 0x8b4a, 0x8b09, 0x82e9, 0x82e8, 0x82c8, 0x8ac9, 0x8ac9, 0x82c8, 0x8ae9, 0x936b, 0x936b, 0xa3ed, 0xa3cc, 0x9bac, 
	0xa3cc, 0xa38c, 0x9b6b, 0xa38c, 0x9309, 0x9329, 0x8ae9, 0x8ae8, 0x8ae9, 0x8b09, 0x932a, 0x8ae9, 0x8ae9, 0x8ae9, 0x8ae9, 0x8ae9, 
	0x8ae9, 0x9309, 0x8ae9, 0x8ae8, 0x9309, 0x9309, 0x934a, 0x8b09, 0x8ae8, 0x8ae9, 0x8b09, 0x8ae8, 0x8b09, 0x8b09, 0x8ae9, 0x9309, 
	0x8b2a, 0x8b4a, 0x8b4a, 0x8b6a, 0x93cc, 0x9bec, 0xa44d, 0x834a, 0x5983, 0x7287, 0x9c2e, 0xe719, 0xdef9, 0xded8, 0xd697, 0xded8, 
	0xdef9, 0xe71a, 0xd6b8, 0xded9, 0xe6f9, 0xdeb8, 0xe6f9, 0xded8, 0xded8, 0xd697, 0xe719, 0xdeb8, 0xd6b8, 0xded9, 0xded8, 0xdeb8, 
	0xde98, 0xe6f9, 0xded9, 0xe6f9, 0xded9, 0xdeb8, 0xd698, 0xe6f9, 0xded9, 0xde98, 0xd698, 0xdeb8, 0xe6f9, 0xe6d9, 0xe6d9, 0xdeb8, 
	0xf77c, 0xef3b, 0xef5b, 0xf79c, 0xf77c, 0xef7c, 0xbd31, 0xbcf0, 0xbcd0, 0xb4d0, 0xb4af, 0xb4af, 0xb4af, 0xbd11, 0xbd31, 0xbd11, 
	0xb4d0, 0xc511, 0xbcd0, 0xbcb0, 0xb48f, 0xb46e, 0xb42e, 0xac0d, 0xac0d, 0xb44e, 0xb42e, 0xabec, 0xac0c, 0xabec, 0xabec, 0xac2d, 
	0xb48f, 0xbcb0, 0xc532, 0xcdb4, 0xd5d5, 0xd5d5, 0xd5b4, 0xcd73, 0xd593, 0xd5d5, 0xddb4, 0xc551, 0xbcce, 0xb42c, 0xb40c, 0xb48e, 
	0xc531, 0xc531, 0xcd72, 0xd5f4, 0xd5f4, 0xde16, 0xde36, 0xde37, 0xd5f5, 0xd5d4, 0xb4af, 0x9bec, 0x938b, 0x936a, 0x9bcc, 0x936b, 
	0x938b, 0x936a, 0x8329, 0x934a, 0x82e9, 0x82e9, 0x7aa8, 0x7a87, 0x7a87, 0x7a67, 0x82e9, 0x8b4a, 0x938b, 0xa40d, 0xb48f, 0xa3ed, 
	0xa3ac, 0x9b4b, 0x9b4b, 0x9b6b, 0x9b4a, 0x9329, 0x8ae9, 0x8ac8, 0x8ac8, 0x8b09, 0x8b09, 0x930a, 0x930a, 0x82c8, 0x8ac9, 0x8ae9, 
	0x8ae9, 0x8ac8, 0x8ac8, 0x932a, 0x9309, 0x9309, 0x9329, 0x934a, 0x9329, 0x8b09, 0x8b09, 0x8ae9, 0x8ae8, 0x8b09, 0x8b09, 0x9309, 
	0x8b29, 0x8b2a, 0x936b, 0x938b, 0x93ab, 0x9c0d, 0xac8f, 0x82e8, 0x8b2a, 0xb531, 0xef7b, 0xe6f9, 0xe73a, 0xded9, 0xded8, 0xded8, 
	0xded9, 0xded8, 0xd6b8, 0xe719, 0xdeb8, 0xde98, 0xded9, 0xdef9, 0xe71a, 0xded8, 0xd698, 0xe719, 0xd697, 0xded8, 0xd6b8, 0xe6d9, 
	0xe6d9, 0xdeb8, 0xdeb8, 0xded9, 0xdeb8, 0xdeb8, 0xde98, 0xde98, 0xdeb8, 0xdeb8, 0xdeb8, 0xde98, 0xdeb8, 0xde98, 0xe6d9, 0xded8, 
	0xef5b, 0xf77c, 0xef5b, 0xf79c, 0xf79c, 0xf79c, 0xc573, 0xbd11, 0xb4af, 0xb4d0, 0xbcd0, 0xbcd0, 0xbcd0, 0xbcf0, 0xbcf0, 0xbcd0, 
	0xbcf0, 0xb4af, 0xbcd0, 0xb48f, 0xb46e, 0xb46e, 0xb42d, 0xac0d, 0xbc4e, 0xb42e, 0xb42e, 0xb42d, 0xb42d, 0xb40d, 0xabec, 0xac0c, 
	0xb48f, 0xb48f, 0xbcf0, 0xc511, 0xc511, 0xc511, 0xbcd0, 0xc4f0, 0xc4f0, 0xcd51, 0xcd71, 0xc50f, 0xb42c, 0xa3cb, 0xb44c, 0xc4ef, 
	0xc4f0, 0xd572, 0xd593, 0xddf5, 0xde15, 0xe657, 0xde57, 0xe657, 0xde57, 0xd615, 0xd5b4, 0xcd52, 0xcd52, 0xb48e, 0xbcd0, 0xac2d, 
	0x938b, 0x936b, 0x936a, 0x8b4a, 0x8309, 0x82a8, 0x82a8, 0x7a67, 0x7247, 0x6a46, 0x82e8, 0x8b4a, 0x938b, 0xac2e, 0xb46e, 0xbc8f, 
	0xb44e, 0xac0d, 0xb40d, 0xabcd, 0x9b4a, 0x932a, 0x932a, 0x932a, 0x9b4b, 0x932a, 0x8ae9, 0x82c8, 0x8ae9, 0x7a67, 0x82a8, 0x82c8, 
	0x8ae8, 0x8ae8, 0x8ae9, 0x9329, 0x9329, 0x9329, 0x9b49, 0x9329, 0x8ae9, 0x69e4, 0x9329, 0x9309, 0x8b09, 0x9329, 0x8b29, 0x8b29, 
	0x8b29, 0x8b4a, 0x936b, 0x938b, 0x93cc, 0xa44e, 0xa3ed, 0x8bab, 0x93ed, 0xef7b, 0xef7b, 0xe719, 0xe71a, 0xded9, 0xdef9, 0xded8, 
	0xded9, 0xe719, 0xe6f9, 0xd6b8, 0xdeb8, 0xd657, 0xde98, 0xdef9, 0xdef9, 0xded9, 0xded8, 0xe71a, 0xdef9, 0xd697, 0xe6f9, 0xdeb8, 
	0xde98, 0xde98, 0xdeb8, 0xde98, 0xde98, 0xdeb8, 0xdeb8, 0xdeb8, 0xdeb8, 0xde98, 0xded9, 0xde98, 0xe6d9, 0xdeb8, 0xe6f9, 0xded8, 
	0xf77c, 0xf77c, 0xf79c, 0xef3b, 0xf79c, 0xef7b, 0xd6b8, 0xbd31, 0xb4d0, 0xbcf0, 0xbcf0, 0xb4af, 0xac8f, 0xb4af, 0xbcd0, 0xbcf0, 
	0xb4d0, 0xbcd0, 0xbcd0, 0xbcd0, 0xbcd0, 0xb4af, 0xa40c, 0xac0d, 0xb44e, 0xb46e, 0xb46e, 0xac2d, 0xabec, 0xac0c, 0xb42d, 0xb46e, 
	0xb48e, 0xac4e, 0xb48f, 0xbcd0, 0xbcb0, 0xbc8f, 0xbcb0, 0xc4f0, 0xc510, 0xc510, 0xc4cf, 0xc4ce, 0xac0c, 0xb40c, 0xabeb, 0xb44d, 
	0xb46d, 0xc4cf, 0xc510, 0xcd52, 0xd5b3, 0xddd4, 0xe5f5, 0xe615, 0xddb4, 0xddd4, 0xd572, 0xcd51, 0xbcce, 0xac4c, 0xa3eb, 0xac4d, 
	0x9bec, 0x7ae8, 0x8b2a, 0x8b4a, 0x8309, 0x82a8, 0x7a67, 0x7246, 0x7246, 0x7287, 0x9bac, 0xbcd0, 0xac2e, 0xac2e, 0xbc90, 0xbc90, 
	0xabed, 0xb44e, 0xb40e, 0xb40e, 0xa38c, 0xa3ac, 0x932a, 0x932a, 0x9b4a, 0x934a, 0x7a87, 0x7a87, 0x7a67, 0x7a67, 0x7a67, 0x82a8, 
	0x8ac8, 0x9309, 0x9309, 0x932a, 0x9b4a, 0x9329, 0x9b4a, 0x932a, 0x9329, 0x9309, 0x9329, 0x8b09, 0x9329, 0x8b49, 0x934a, 0x8b29, 
	0x8b4a, 0x8b6a, 0x938b, 0x8b6a, 0x9c0d, 0xac8f, 0x9b8b, 0xacd0, 0xf77b, 0xef5b, 0xe73a, 0xdef9, 0xded9, 0xe6f9, 0xdef9, 0xdef9, 
	0xdeb8, 0xe6f9, 0xdeb8, 0xd698, 0xe719, 0xded9, 0xdeb8, 0xded8, 0xdef9, 0xdef9, 0xe719, 0xded8, 0xded9, 0xe719, 0xded9, 0xde98, 
	0xde98, 0xdeb8, 0xde98, 0xded9, 0xde98, 0xde98, 0xdeb8, 0xe6f9, 0xe6f9, 0xe6d9, 0xd698, 0xde98, 0xdeb8, 0xdeb8, 0xe6d9, 0xdef9, 
	0xef7b, 0xef7c, 0xef5b, 0xef3b, 0xef5b, 0xf77c, 0xef7b, 0xbd31, 0xbcf0, 0xbcd0, 0xb4d0, 0xb48f, 0xb4d0, 0xb4af, 0xb4d0, 0xb4af, 
	0xb4af, 0xb4af, 0xb4af, 0xbcaf, 0xb48f, 0xb48f, 0xb46f, 0xb44e, 0xb46e, 0xb46e, 0xb46e, 0xac4d, 0xac2d, 0xac2d, 0xac2d, 0xb48e, 
	0xb46e, 0xb48f, 0xb4af, 0xbcaf, 0xbc8f, 0xb46f, 0xc4d0, 0xc4f1, 0xbcd0, 0xc4b0, 0xc4af, 0xb42d, 0xb40c, 0xabeb, 0xac0c, 0xb40c, 
	0xac0b, 0xb46d, 0xbc8f, 0xc510, 0xcd72, 0xcd52, 0xcd51, 0xd593, 0xd593, 0xcd92, 0xd510, 0xbc8d, 0xbc6d, 0xac0c, 0xabeb, 0xabeb, 
	0xa3ec, 0x9bab, 0x7287, 0x8b09, 0x82c8, 0x7aa8, 0x7287, 0x7287, 0x7267, 0xa40e, 0xc512, 0xbcb0, 0xa40e, 0xbc90, 0xbc8f, 0xb42e, 
	0xa3ac, 0xabcd, 0xc46f, 0xabed, 0xabcd, 0x9b6b, 0x9309, 0x9309, 0x932a, 0x932a, 0x8b09, 0x930a, 0x8ac9, 0x6a05, 0x7a47, 0x82a8, 
	0x8ac8, 0x8ae9, 0x9329, 0x9329, 0x932a, 0x9329, 0x9b4a, 0x9b4a, 0x932a, 0x9b4a, 0x9b4a, 0x9329, 0x9b4a, 0x934a, 0x8b4a, 0x936b, 
	0x936b, 0x936b, 0x9bcc, 0x93ec, 0x9c4d, 0xc5f5, 0xef5b, 0xf79b, 0xef3a, 0xe6f9, 0xef5a, 0xdef9, 0xe6f9, 0xe719, 0xded9, 0xdef9, 
	0xdef9, 0xded8, 0xded9, 0xdef9, 0xded9, 0xe71a, 0xd6b8, 0xdeb8, 0xded8, 0xded8, 0xdeb8, 0xded9, 0xded9, 0xdef9, 0xded8, 0xd677, 
	0xde98, 0xdeb8, 0xdeb8, 0xde98, 0xdeb8, 0xdeb8, 0xdeb8, 0xdeb8, 0xe6d9, 0xdeb8, 0xdeb8, 0xdeb8, 0xdeb8, 0xdeb8, 0xded9, 0xded8, 
	0xef5b, 0xef5b, 0xf7bd, 0xef7c, 0xef5b, 0xf77c, 0xf79c, 0xc5b4, 0xbd10, 0xb4d0, 0xb4af, 0xb48f, 0xb48f, 0xb48f, 0xb4af, 0xb4af, 
	0xbcf0, 0xbcf0, 0xbcb0, 0xb48f, 0xbcaf, 0xb48f, 0xac4e, 0xb46e, 0xb48f, 0xb46e, 0xb46e, 0xac4d, 0xb44e, 0xb44e, 0xa40c, 0xb46e, 
	0xac2d, 0xac6e, 0xac6e, 0xb48f, 0xc4f0, 0xbcd0, 0xc511, 0xcd52, 0xc4d0, 0xb42d, 0xb44d, 0xb40c, 0xac0b, 0xac0b, 0xabeb, 0xabeb, 
	0xabeb, 0xbc4d, 0xbc6e, 0xbccf, 0xc4f0, 0xc511, 0xcd52, 0xcd31, 0xc4f0, 0xc4af, 0xc48e, 0xbc6d, 0xb42c, 0xb40c, 0xabeb, 0xac0b, 
	0xac2c, 0xa40c, 0x8b4a, 0x7266, 0x7a87, 0x7a87, 0x7ac8, 0x7aa8, 0x7aa8, 0xb46f, 0xb46f, 0xac2e, 0xa40d, 0x9bcc, 0xa40d, 0xabed, 
	0xa38b, 0x9b6b, 0xa3ac, 0xabcc, 0x932a, 0x8ac8, 0x8ae9, 0x9309, 0x932a, 0x934b, 0x934a, 0x9b8b, 0x932a, 0x7246, 0x7a67, 0x82c8, 
	0x82c8, 0x9309, 0x9309, 0x932a, 0x932a, 0x9329, 0x932a, 0x932a, 0x9329, 0x9329, 0x932a, 0x9b4a, 0x934a, 0x934a, 0x936b, 0x936b, 
	0x936b, 0x938b, 0x9bcc, 0x9c0d, 0xacb0, 0xef3a, 0xef7b, 0xef7b, 0xe71a, 0xdef9, 0xded8, 0xdef9, 0xded8, 0xded8, 0xded8, 0xe719, 
	0xe719, 0xded8, 0xded8, 0xded9, 0xded9, 0xd6b8, 0xded9, 0xdef9, 0xdef9, 0xdef9, 0xded8, 0xded9, 0xdeb8, 0xdef9, 0xd677, 0xded9, 
	0xdeb8, 0xdeb8, 0xdeb8, 0xe6d9, 0xded9, 0xde98, 0xe6f9, 0xdeb8, 0xdeb8, 0xdeb8, 0xdeb8, 0xdeb8, 0xdeb8, 0xdeb8, 0xe6d9, 0xdef9, 
	0xffdd, 0xe71a, 0xdeb9, 0xe73b, 0xef3b, 0xf79c, 0xf77c, 0xde97, 0xbcf0, 0xb4d0, 0xb4af, 0xbcaf, 0xb48f, 0xbcaf, 0xb48f, 0xb48f, 
	0xbcd0, 0xbcaf, 0xb48f, 0xb48f, 0xb48f, 0xb48f, 0xac4e, 0xac4e, 0xbcaf, 0xb48f, 0xb48f, 0xb46e, 0xb46e, 0xb48e, 0xb48f, 0xb48f, 
	0xb48f, 0xb48f, 0xb46f, 0xbcb0, 0xc4f1, 0xc4f0, 0xc511, 0xc4f0, 0xbcaf, 0xb42d, 0xb40c, 0xabcb, 0xabcb, 0xabeb, 0xabeb, 0xb40c, 
	0xac0b, 0xb40c, 0xb42d, 0xbc6e, 0xbccf, 0xbcaf, 0xc4f0, 0xc4f0, 0xc510, 0xbc8e, 0xbc6d, 0xac0b, 0xac0b, 0xabeb, 0xabeb, 0xb40c, 
	0xb44c, 0xac0c, 0x9bcc, 0x7ac8, 0x82e9, 0x936b, 0x9bac, 0x938c, 0x936b, 0x938c, 0x8b4b, 0x7ac8, 0x7267, 0x4942, 0x6a46, 0x8ae9, 
	0x8ae9, 0x8ae9, 0x930a, 0x8ac9, 0x82a8, 0x7a67, 0x7aa8, 0x7a67, 0x7aa8, 0x82a8, 0x82e9, 0x930a, 0x930a, 0x7a67, 0x82a8, 0x8288, 
	0x8ae9, 0x8ae9, 0x9309, 0x9309, 0x9329, 0x9329, 0x932a, 0x9b4a, 0x932a, 0x9b4a, 0x930a, 0x930a, 0x934a, 0x936a, 0x938b, 0x93ab, 
	0x938b, 0x9bcc, 0x93ec, 0xa44e, 0xe71a, 0xdef9, 0xe73a, 0xe71a, 0xef3a, 0xe71a, 0xe719, 0xdef9, 0xded9, 0xe6f9, 0xded8, 0xe71a, 
	0xdef9, 0xdef9, 0xded9, 0xdef9, 0xded8, 0xded9, 0xded8, 0xe719, 0xded9, 0xd697, 0xded8, 0xded9, 0xdef9, 0xe719, 0xdeb8, 0xdeb8, 
	0xdeb8, 0xde98, 0xdeb8, 0xded9, 0xdeb8, 0xdeb8, 0xdeb8, 0xded9, 0xde98, 0xded9, 0xdeb8, 0xde98, 0xe6d9, 0xded9, 0xd698, 0xded8, 
	0xffdd, 0xfffe, 0xf79c, 0xf79c, 0xf79c, 0xf77c, 0xef5b, 0xded9, 0xb4f0, 0xb4af, 0xb4af, 0xb48f, 0xb48f, 0xb46f, 0xb4af, 0xb48f, 
	0xb48f, 0xbcb0, 0xb48f, 0xb48f, 0xb46f, 0xb46f, 0xac4e, 0xbcaf, 0xbcb0, 0xbcb0, 0xb48f, 0xb48e, 0xb48e, 0xbcaf, 0xbcd0, 0xb4af, 
	0xac4e, 0xb48f, 0xbcd0, 0xc511, 0xc531, 0xcd31, 0xc4b0, 0xccd0, 0xbc4e, 0xb42c, 0xac0b, 0xabeb, 0xabeb, 0xabeb, 0xb42c, 0xabeb, 
	0xabeb, 0xac0b, 0xb44c, 0xc48f, 0xc4b0, 0xccd0, 0xc4f0, 0xc4f0, 0xccf0, 0xccf0, 0xbc6d, 0xac0c, 0xabeb, 0xabeb, 0xabeb, 0xb42c, 
	0xb42c, 0xa3eb, 0x9bec, 0x9bcc, 0x9bec, 0xa3ee, 0xac4f, 0xac0f, 0xac50, 0x93ad, 0x938c, 0x59e5, 0x5184, 0x5163, 0x59c5, 0x6205, 
	0x61e5, 0x6a46, 0x7266, 0x6a46, 0x7266, 0x6a46, 0x6205, 0x5184, 0x4943, 0x59e5, 0x7287, 0x8ae9, 0x8ae9, 0x7226, 0x82c8, 0x8ae8, 
	0x9329, 0x9309, 0x8ae9, 0x9309, 0x9b4a, 0x9309, 0x9329, 0x9329, 0x932a, 0x932a, 0x932a, 0x934a, 0x936b, 0x938b, 0x938b, 0x938b, 
	0x9bcc, 0x9bec, 0x9c2d, 0xb573, 0xe719, 0xef3a, 0xe73a, 0xe73a, 0xe73a, 0xdef9, 0xded9, 0xdef9, 0xdeb8, 0xe6f9, 0xe6d9, 0xded9, 
	0xdef9, 0xdef9, 0xded8, 0xd6b8, 0xd698, 0xd698, 0xdeb8, 0xe719, 0xd6b8, 0xdef9, 0xe71a, 0xe719, 0xe719, 0xded8, 0xe6d9, 0xdeb8, 
	0xe6d9, 0xde98, 0xdeb8, 0xdeb8, 0xde98, 0xe6d9, 0xdeb8, 0xdeb8, 0xded9, 0xdeb8, 0xde98, 0xdeb8, 0xde98, 0xded9, 0xded9, 0xded8, 
	0xffdd, 0xef3b, 0xef5b, 0xef5b, 0xef5b, 0xf79c, 0xef7c, 0xfffd, 0xbd31, 0xbcd0, 0xbcd0, 0xb4af, 0xb4af, 0xb4af, 0xbcaf, 0xbcb0, 
	0xbcaf, 0xbcaf, 0xbcd0, 0xb46f, 0xac2e, 0xb46f, 0xac6e, 0xac2e, 0xb48f, 0xb46e, 0xb48e, 0xb46e, 0xb48f, 0xb4af, 0xbcaf, 0xbcaf, 
	0xbcb0, 0xbcb0, 0xc4f1, 0xc4f0, 0xc4f1, 0xbcaf, 0xc48f, 0xb44d, 0xabec, 0xabeb, 0xb42c, 0xb42c, 0xb44c, 0xb42c, 0xabeb, 0xa3aa, 
	0xb40c, 0xb42d, 0xbc4d, 0xc48e, 0xbc6f, 0xc48f, 0xbc6e, 0xc48f, 0xc48f, 0xc48e, 0xbc6d, 0xb42c, 0xb40c, 0xb42c, 0xabeb, 0xb40c, 
	0xac0c, 0x9bcb, 0x9bec, 0xa40d, 0xa42e, 0xb470, 0xbcd2, 0xb491, 0xc533, 0xb491, 0xb4b1, 0xa450, 0x7288, 0x7267, 0x7aa7, 0x7ac8, 
	0x7267, 0x6a26, 0x6a25, 0x6205, 0x6a25, 0x6205, 0x6a46, 0x59c4, 0x5184, 0x59a4, 0x5183, 0x61c4, 0x6a05, 0x7a87, 0x82a8, 0x8ac8, 
	0x9309, 0x9308, 0x9329, 0x9309, 0x9309, 0x9309, 0x9309, 0x9329, 0x9329, 0x932a, 0x932a, 0x8b2a, 0x8b4a, 0x8b6a, 0x8b6b, 0x93cc, 
	0x93cc, 0x93ec, 0x9c2d, 0xef5b, 0xef5a, 0xe73a, 0xe73a, 0xef3a, 0xe71a, 0xe71a, 0xded9, 0xded9, 0xded9, 0xded9, 0xdeb8, 0xe6d9, 
	0xded9, 0xe6d9, 0xded9, 0xdeb8, 0xdeb8, 0xe6d9, 0xded9, 0xded8, 0xdeb8, 0xdef9, 0xded9, 0xded9, 0xdeb8, 0xdeb8, 0xde98, 0xdeb8, 
	0xdeb8, 0xde98, 0xde98, 0xd677, 0xd677, 0xded9, 0xdeb8, 0xd698, 0xdeb8, 0xdeb8, 0xdeb8, 0xdeb8, 0xdeb8, 0xde98, 0xdeb8, 0xded9, 
	0xef3b, 0xf7bc, 0xf7bc, 0xfffd, 0xef5b, 0xf7bc, 0xffdd, 0xffdd, 0xbd51, 0xbcf0, 0xbcd0, 0xbcd0, 0xb4af, 0xb48f, 0xb48f, 0xb48f, 
	0xbcaf, 0xb46f, 0xbcaf, 0xbcd0, 0xb48f, 0xac6e, 0x9bec, 0xac4e, 0xac4e, 0xb46e, 0xb4af, 0xb4af, 0xbcb0, 0xbcd0, 0xbcd0, 0xb4af, 
	0xbcaf, 0xb48f, 0xbcb0, 0xbcf0, 0xb4af, 0xbc8f, 0xbc6e, 0xbc4d, 0xb42c, 0xb40c, 0xb42c, 0xb42c, 0xabeb, 0xb40c, 0xbc4d, 0xb42c, 
	0xb42d, 0xbc4e, 0xbc4e, 0xbc6e, 0xbc6e, 0xc48f, 0xccd0, 0xbc6e, 0xc48f, 0xbc6e, 0xb3ec, 0xb3ec, 0xabcb, 0xb3cb, 0xac0c, 0xabec, 
	0x9bab, 0x93ab, 0xa40d, 0xac4e, 0xb490, 0xb491, 0xb4b1, 0xb491, 0xac91, 0xac70, 0xb491, 0xac70, 0xac50, 0xa44f, 0x936b, 0x82e8, 
	0x7a87, 0x7a87, 0x7287, 0x7266, 0x7267, 0x7287, 0x6a46, 0x6a25, 0x7266, 0x6a25, 0x7266, 0x7a87, 0x82a7, 0x82c8, 0x8ae8, 0x8ae9, 
	0x9309, 0x9309, 0x9308, 0x9309, 0x9309, 0x9309, 0x9309, 0x9309, 0x9309, 0x932a, 0x8b2a, 0x8b4a, 0x8b4a, 0x8b6a, 0x93ab, 0x938b, 
	0x93ab, 0x9c2d, 0xd698, 0xef3a, 0xe71a, 0xe73a, 0xef5a, 0xef3a, 0xe719, 0xdef9, 0xdef9, 0xe6f9, 0xe6d9, 0xe6d9, 0xdeb8, 0xdeb8, 
	0xdeb8, 0xe6d9, 0xded9, 0xded9, 0xe6f9, 0xdeb8, 0xded9, 0xdeb8, 0xd698, 0xdeb8, 0xe71a, 0xdeb8, 0xde98, 0xde98, 0xdeb8, 0xde98, 
	0xd677, 0xe6d9, 0xdeb8, 0xd677, 0xde98, 0xdeb8, 0xdeb8, 0xdeb8, 0xe6d9, 0xe6d9, 0xded9, 0xded9, 0xe6d9, 0xdeb8, 0xe6d9, 0xdef9, 
	0xe73b, 0xef5b, 0xef5b, 0xffbd, 0xffdd, 0xffdd, 0xef5b, 0xe71a, 0xc5b3, 0xbcf0, 0xbcb0, 0xbcb0, 0xbcaf, 0xb48f, 0xb4af, 0xb48f, 
	0xbcb0, 0xb4af, 0xb4af, 0xbcd0, 0xb48f, 0xb48f, 0xb48f, 0xa40d, 0xac2e, 0xb46f, 0xb48f, 0xbcb0, 0xbcd0, 0xbcb0, 0xbcd0, 0xbcb0, 
	0xbcaf, 0xbcd0, 0xbcd0, 0xc510, 0xbcaf, 0xc4d0, 0xb42d, 0xb44d, 0xb42c, 0xb42c, 0xbc8e, 0xabec, 0xb42c, 0xb44c, 0xb42d, 0xbc4d, 
	0xb42d, 0xbc6e, 0xc4af, 0xc4b0, 0xc4d0, 0xccf0, 0xccf0, 0xccd0, 0xc48f, 0xb3eb, 0xb40c, 0xb3eb, 0xb3ec, 0xb40c, 0xac0b, 0xa3cb, 
	0x93ab, 0x938b, 0x9bec, 0x9bcc, 0x9bed, 0xa42e, 0xa42e, 0xa42f, 0xac50, 0xa40f, 0xa42f, 0xac30, 0xac70, 0xac90, 0xac4f, 0x938b, 
	0x8309, 0x7aa7, 0x7a87, 0x7aa8, 0x7aa7, 0x7267, 0x7aa7, 0x7287, 0x7aa7, 0x7a87, 0x8287, 0x8ae8, 0x82c8, 0x8ae8, 0x9329, 0x932a, 
	0x932a, 0x9329, 0x9309, 0x9309, 0x9308, 0x9308, 0x8ae8, 0x8ae8, 0x9329, 0x932a, 0x8b2a, 0x8b4a, 0x8b4a, 0x936b, 0x93ab, 0x93ab, 
	0x93cc, 0x93ed, 0xffdc, 0xef3a, 0xe71a, 0xe719, 0xe73a, 0xe73a, 0xdeb8, 0xdeb8, 0xd677, 0xe6d9, 0xde98, 0xde97, 0xdeb8, 0xde97, 
	0xde98, 0xdeb8, 0xdeb8, 0xdeb8, 0xded9, 0xe6d9, 0xdeb8, 0xdeb8, 0xd677, 0xdeb8, 0xdeb8, 0xdeb8, 0xde98, 0xde98, 0xef1a, 0xe6f9, 
	0xdeb8, 0xe6f9, 0xde98, 0xdeb8, 0xde98, 0xde98, 0xe6d9, 0xde98, 0xdeb8, 0xdeb8, 0xded9, 0xdeb8, 0xdeb8, 0xe6d9, 0xde98, 0xdef9, 
	0xef5b, 0xef3b, 0xffdd, 0xf79d, 0xf79c, 0xef5b, 0xffdd, 0xfffe, 0xce14, 0xb4f0, 0xbcf0, 0xbcaf, 0xbcaf, 0xbcaf, 0xb4af, 0xb4af, 
	0xac6e, 0xb4af, 0xbccf, 0xbcd0, 0xbccf, 0xb4af, 0xb46f, 0xb46f, 0xac6e, 0xb48f, 0xb4af, 0xbcb0, 0xbcf0, 0xbcd0, 0xb48f, 0xbcd0, 
	0xc4f1, 0xc4f1, 0xbcf0, 0xbcaf, 0xc4af, 0xbc8e, 0xc48e, 0xbc6e, 0xbc6e, 0xbc6e, 0xb40c, 0xbc4e, 0xb44d, 0xbc6e, 0xbc6e, 0xbc6e, 
	0xbc8f, 0xc4af, 0xc4d0, 0xc4d0, 0xcd31, 0xcd31, 0xc511, 0xbcaf, 0xbc8e, 0xb40c, 0xb40c, 0xb40c, 0xabeb, 0xabeb, 0xa3cb, 0x9bca, 
	0x93ab, 0xa3ec, 0x938a, 0x93ab, 0x9bcc, 0xa42e, 0xac4f, 0xa40e, 0xac50, 0xac50, 0xac70, 0xa42f, 0xb491, 0xb4d1, 0xac0e, 0x8b2a, 
	0x7aa8, 0x82e8, 0x8b4a, 0x938c, 0x830a, 0x8ac8, 0x82a7, 0x8287, 0x82a8, 0x8ae8, 0x82c8, 0x8ae8, 0x8ac8, 0x8ae8, 0x8b09, 0x8ae8, 
	0x9309, 0x9309, 0x8b08, 0x9308, 0x8ae8, 0x8ae8, 0x8ae9, 0x8ae8, 0x8b09, 0x8b2a, 0x8b2a, 0x8b4a, 0x8b4a, 0x9bab, 0x93ab, 0x93cc, 
	0x9bec, 0xdef9, 0xd697, 0xef5a, 0xe719, 0xded8, 0xd6b7, 0xe6d7, 0xdeb7, 0xd676, 0xce14, 0xd654, 0xd634, 0xce34, 0xd695, 0xd676, 
	0xd676, 0xd676, 0xde97, 0xd697, 0xded8, 0xdeb8, 0xdeb8, 0xdeb8, 0xde98, 0xde98, 0xde98, 0xe6d9, 0xe6d9, 0xdeb8, 0xdeb8, 0xde98, 
	0xde98, 0xdeb8, 0xdeb8, 0xdeb8, 0xdeb8, 0xdeb8, 0xdeb8, 0xde98, 0xdeb8, 0xe6d9, 0xe6d9, 0xde98, 0xded9, 0xe6f9, 0xe6f9, 0xdef9, 
	0xf79c, 0xf79c, 0xef7c, 0xf77c, 0xf79d, 0xe6fa, 0xffde, 0xef9c, 0xdeb8, 0xbd31, 0xbcd0, 0xbcd0, 0xbcaf, 0xbcd0, 0xb48f, 0xac4e, 
	0xb46e, 0xb4af, 0xbccf, 0xbccf, 0xb48e, 0xb48e, 0xb48e, 0xb48e, 0xb48f, 0xb46f, 0xb48f, 0xbcb0, 0xb48f, 0xbcb0, 0xbcd0, 0xbcd0, 
	0xc4f1, 0xbcb0, 0xb48f, 0xbcaf, 0xc4cf, 0xc4af, 0xbc4d, 0xc4af, 0xbc6e, 0xbc8e, 0xb42d, 0xb44d, 0xbc6e, 0xc48f, 0xbc8e, 0xb44d, 
	0xc4af, 0xc4d0, 0xc4f0, 0xc4f0, 0xcd31, 0xcd51, 0xc4d0, 0xc4cf, 0xbc8d, 0xb40c, 0xac0c, 0xac0b, 0xa3aa, 0xa3ca, 0x9baa, 0x93aa, 
	0x9beb, 0xa42d, 0x936b, 0x8b2a, 0x9bec, 0x936b, 0x9bed, 0x9c0d, 0xa42f, 0xac70, 0xbd12, 0xb4d1, 0xac2f, 0x9bac, 0xa3cd, 0x934b, 
	0x7aa8, 0x82e9, 0xa3ee, 0xac50, 0xbcb1, 0xabed, 0x932a, 0x82a7, 0x82c8, 0x82c8, 0x8ae8, 0x8b09, 0x82c8, 0x8ae8, 0x8b09, 0x8b09, 
	0x8ac8, 0x82c8, 0x8ac8, 0x8ae8, 0x8ae8, 0x8ae8, 0x8ae8, 0x8309, 0x8309, 0x8309, 0x8b29, 0x8b29, 0x8b4a, 0x8b6b, 0x8b6a, 0x938b, 
	0xa4af, 0xcdf3, 0xcdf3, 0xd614, 0xd614, 0xcdf3, 0xce13, 0xce13, 0xcdd2, 0xc5b2, 0xc5b1, 0xc5d2, 0xcdf3, 0xc5b1, 0xc5d2, 0xce13, 
	0xc5b2, 0xcdf3, 0xc5d3, 0xce34, 0xc5b2, 0xde34, 0xd614, 0xd636, 0xd676, 0xd677, 0xded9, 0xde98, 0xde98, 0xdeb8, 0xdeb8, 0xded9, 
	0xdeb8, 0xde98, 0xde98, 0xdeb8, 0xdeb8, 0xdeb8, 0xe6f9, 0xde98, 0xded9, 0xded9, 0xded9, 0xe6d9, 0xded9, 0xded9, 0xded9, 0xdeb8, 
	0xef7c, 0xef7c, 0xf79c, 0xf77c, 0xe71b, 0xef5c, 0xffbd, 0xef5b, 0xef3b, 0xbd11, 0xbcf0, 0xbcd0, 0xbcaf, 0xb48f, 0xb4af, 0xb46f, 
	0xb4af, 0xb48f, 0xb48f, 0xb4af, 0xbcaf, 0xb4af, 0xb4af, 0xb46e, 0xb46f, 0xb48f, 0xb4af, 0xc4f0, 0xc4f0, 0xbcd0, 0xb48f, 0xb46e, 
	0xb48f, 0xbcf0, 0xbccf, 0xbcaf, 0xb42d, 0xc4af, 0xc48f, 0xbc8e, 0xc4af, 0xbc8e, 0xbc6e, 0xb44d, 0xc4cf, 0xc4af, 0xc4d0, 0xcd10, 
	0xccf0, 0xc4cf, 0xcd10, 0xcd51, 0xcd31, 0xc531, 0xc4ae, 0xbc8e, 0xbc6d, 0xac0b, 0xac0b, 0xabeb, 0xa3ca, 0xa3ca, 0x9bab, 0x9bcb, 
	0xa42c, 0xb46d, 0x8329, 0x59c5, 0x6206, 0x6a47, 0x832a, 0x8b4b, 0x7ac9, 0x6206, 0x59a5, 0x4143, 0x51a5, 0x59c6, 0x61e6, 0x7248, 
	0x930b, 0x9b4b, 0x932b, 0x8268, 0x69a5, 0x69e5, 0x61c5, 0x82a8, 0x8ae8, 0x8ae8, 0x8ae8, 0x8ae8, 0x8ac8, 0x82e8, 0x8ae8, 0x8b09, 
	0x82e8, 0x82e8, 0x82e8, 0x82c8, 0x8b09, 0x82e8, 0x82e8, 0x8309, 0x82e9, 0x7ac8, 0x8309, 0x8309, 0x8b4a, 0x8b6a, 0x8b8b, 0xac8f, 
	0xc5f2, 0xc5d2, 0xbd71, 0xcdd2, 0xcdf2, 0xc5b2, 0xcdf3, 0xc5d2, 0xc5b2, 0xcdf3, 0xc5d2, 0xc591, 0xcdd2, 0xc5b2, 0xc5d2, 0xcdd2, 
	0xcdd3, 0xcdf3, 0xcdf3, 0xcdf3, 0xc5d2, 0xcdd3, 0xcdf3, 0xc592, 0xc5d2, 0xcdf3, 0xce14, 0xd676, 0xd677, 0xd657, 0xde98, 0xde98, 
	0xde98, 0xde98, 0xdeb8, 0xdeb8, 0xdeb8, 0xdeb8, 0xdeb8, 0xded9, 0xde98, 0xdeb8, 0xdeb8, 0xe6d9, 0xe6d9, 0xe6d9, 0xded9, 0xded8, 
	0xf79d, 0xf79c, 0xffde, 0xdeb9, 0xef3b, 0xffdd, 0xffbd, 0xffdd, 0xffdd, 0xb511, 0xbcd0, 0xbcd0, 0xbcb0, 0xb48f, 0xb4af, 0xbcaf, 
	0xb48f, 0xb4af, 0xbccf, 0xb4af, 0xbcaf, 0xb48e, 0xbcaf, 0xbcaf, 0xbcaf, 0xbcd0, 0xbcd0, 0xbcb0, 0xc511, 0xbccf, 0xb48f, 0xbcaf, 
	0xc4f0, 0xc4f0, 0xc4af, 0xbc8f, 0xc4af, 0xc4af, 0xc4d0, 0xc4af, 0xc4cf, 0xbc6e, 0xbc8e, 0xc4f0, 0xbcd0, 0xbc6e, 0xbccf, 0xc4d0, 
	0xbcaf, 0xc531, 0xcd31, 0xcd51, 0xcd31, 0xc4cf, 0xc4ae, 0xbc8e, 0xb42c, 0xb42c, 0xa3ca, 0xabeb, 0xabcb, 0xa3aa, 0x9bcb, 0x9bcb, 
	0xac4d, 0xa40c, 0x59c4, 0x4943, 0x4123, 0x30a1, 0x38c2, 0x4964, 0x59c6, 0x61e7, 0x5185, 0x51a5, 0x61e7, 0x6a07, 0x7268, 0x7aca, 
	0x72a9, 0x6a28, 0x61a6, 0x61e7, 0x59a6, 0x59c6, 0x59a5, 0x59a5, 0x5986, 0x5985, 0x7247, 0x82e9, 0x7ac8, 0x82e9, 0x7287, 0x7287, 
	0x7aa8, 0x7aa8, 0x82c8, 0x82e9, 0x7ac8, 0x7aa8, 0x7ac8, 0x82e8, 0x7ae8, 0x82e9, 0x8329, 0x8b29, 0x8b29, 0x8b4a, 0x9c4d, 0xcdb2, 
	0xc591, 0xcdd2, 0xc5b2, 0xc5d2, 0xcdf3, 0xcdf3, 0xcdf2, 0xcdf2, 0xcdf3, 0xcdf2, 0xcdd2, 0xcdf3, 0xc5d2, 0xcdd2, 0xcdd2, 0xc5b2, 
	0xc5b2, 0xcdd3, 0xcdf3, 0xcdf2, 0xcdd2, 0xcdd3, 0xcdf3, 0xcdd3, 0xcdd3, 0xc5b2, 0xc5b2, 0xcdf3, 0xc5b2, 0xcdf3, 0xc5b3, 0xce36, 
	0xd677, 0xdeb7, 0xd676, 0xde98, 0xdeb8, 0xdeb8, 0xdeb8, 0xe6d9, 0xe6f9, 0xe6d9, 0xdeb8, 0xded9, 0xe6d9, 0xe6d9, 0xded9, 0xded8, 
	0xef3b, 0xe6fa, 0xf77c, 0xf79d, 0xfffe, 0xef7c, 0xf79d, 0xf79c, 0xf7bc, 0xbd52, 0xbcf0, 0xbcf0, 0xbcf0, 0xbcb0, 0xbcaf, 0xb48f, 
	0xb46f, 0xb48f, 0xb48f, 0xbcd0, 0xbcd0, 0xbcd0, 0xbcb0, 0xb48f, 0xbcd0, 0xbcf0, 0xbcd0, 0xbcd0, 0xb48f, 0xb4af, 0xc510, 0xbcf0, 
	0xbccf, 0xbcd0, 0xbccf, 0xc4cf, 0xbc6e, 0xc4cf, 0xc4cf, 0xbc8e, 0xbcaf, 0xbc6e, 0xbccf, 0xc4f0, 0xc510, 0xc4f0, 0xc4f0, 0xcd11, 
	0xc510, 0xc4f0, 0xcd51, 0xc531, 0xc4f0, 0xbc8e, 0xbc6d, 0xb42c, 0xb42c, 0xabeb, 0xac0c, 0xabeb, 0xa3ca, 0xa3aa, 0x9bab, 0xa3cb, 
	0xa40c, 0xac4d, 0x7287, 0x6206, 0x6a26, 0x7288, 0x6a47, 0x59c6, 0x6207, 0x59c6, 0x59c6, 0x59a6, 0x61c6, 0x6207, 0x61e7, 0x61e7, 
	0x7269, 0x6207, 0x61c6, 0x59a6, 0x59a6, 0x59c6, 0x59a6, 0x5185, 0x59a5, 0x5165, 0x59a6, 0x5985, 0x4944, 0x40e2, 0x4103, 0x4923, 
	0x51a4, 0x6226, 0x6a26, 0x7287, 0x72a7, 0x7aa8, 0x7ac8, 0x7ac8, 0x82e8, 0x7ac8, 0x8309, 0x82e9, 0x8309, 0xb510, 0xcdd2, 0xcdb1, 
	0xc5d1, 0xc5b1, 0xc5b1, 0xcdf3, 0xcdd2, 0xc591, 0xcdd2, 0xcdd2, 0xcdd2, 0xc5d2, 0xc5d2, 0xc5d2, 0xcdd3, 0xcdf3, 0xc5d2, 0xcdd2, 
	0xc5b2, 0xc5b2, 0xc5d2, 0xcdf2, 0xc5d2, 0xcdd2, 0xcdf3, 0xcdd3, 0xcdf3, 0xcdf3, 0xc5b2, 0xc5b2, 0xc5d2, 0xcdf3, 0xcdf3, 0xcdf3, 
	0xce13, 0xce13, 0xd634, 0xde76, 0xd677, 0xd677, 0xdeb8, 0xe6d9, 0xe6d9, 0xded9, 0xde98, 0xde98, 0xe6f9, 0xdeb8, 0xde98, 0xded8, 
	0xef3b, 0xdeda, 0xfffe, 0xe75b, 0xf7dd, 0xf79d, 0xf79d, 0xef5b, 0xfffe, 0xc5d4, 0xbcf0, 0xbcf0, 0xbcd0, 0xbcd0, 0xbcaf, 0xbcaf, 
	0xb4af, 0xb48f, 0xb48f, 0xbcaf, 0xb48f, 0xbcd0, 0xbcaf, 0xb4af, 0xb4af, 0xc4f1, 0xbcd0, 0xbcb0, 0xbcaf, 0xbcb0, 0xb4af, 0xbccf, 
	0xbcaf, 0xc4f0, 0xc4f0, 0xc4f0, 0xbcae, 0xbcaf, 0xc4f0, 0xbcaf, 0xb46e, 0xb48f, 0xc511, 0xc4f0, 0xc510, 0xbccf, 0xc4f0, 0xbcd0, 
	0xc531, 0xcd31, 0xc510, 0xc4f0, 0xbc8e, 0xbc6d, 0xbc6d, 0xac0c, 0xabeb, 0xabeb, 0xa3aa, 0xabcb, 0xa3ca, 0xa3eb, 0xa40c, 0xa40c, 
	0xa3ec, 0x93ab, 0x8309, 0x7ae9, 0x8b2a, 0x936b, 0x9bcd, 0x9bad, 0x938d, 0xa410, 0xabf0, 0xb472, 0xb432, 0x7228, 0x5103, 0x48c2, 
	0x5924, 0x5924, 0x48c3, 0x4082, 0x48c2, 0x48a2, 0x50e3, 0x5965, 0x5165, 0x5985, 0x5185, 0x59c6, 0x59a5, 0x5164, 0x51a5, 0x59e5, 
	0x5184, 0x59e4, 0x61e5, 0x72a7, 0x7267, 0x7287, 0x7ac8, 0x7ac8, 0x82e8, 0x7ae8, 0x7ac8, 0x834a, 0xbd92, 0xcdd2, 0xc591, 0xc5b1, 
	0xc5b1, 0xc5b1, 0xc5b1, 0xc5d2, 0xc5d2, 0xd634, 0xcdf3, 0xce13, 0xcdf2, 0xcdd2, 0xcdf2, 0xcdd2, 0xcdd2, 0xc5d2, 0xc5d2, 0xc5b2, 
	0xcdd2, 0xcdd2, 0xcdd2, 0xcdf2, 0xcdd2, 0xcdf2, 0xc5d2, 0xcdd2, 0xcdd2, 0xc5b2, 0xcdf3, 0xc5d2, 0xcdd2, 0xc5d2, 0xcdf3, 0xc5b2, 
	0xcdf3, 0xcdd3, 0xc5b2, 0xcdf3, 0xce13, 0xd676, 0xde97, 0xe6d8, 0xdeb8, 0xded9, 0xdeb8, 0xe6d9, 0xdeb8, 0xded9, 0xe6d9, 0xdeb8, 
	0xf79c, 0xf79d, 0xf79d, 0xffdd, 0xffde, 0xdefa, 0xe73b, 0xef3b, 0xf79c, 0xce15, 0xb4f0, 0xbcf0, 0xbcb0, 0xbcd0, 0xbcd0, 0xb4af, 
	0xbcaf, 0xbcaf, 0xbcaf, 0xbcaf, 0xb4af, 0xbcb0, 0xbcd0, 0xbcaf, 0xbcd0, 0xbcf0, 0xbcd0, 0xb4af, 0xbcb0, 0xbcb0, 0xbcd0, 0xbccf, 
	0xc4f0, 0xbcd0, 0xbcaf, 0xbcaf, 0xbccf, 0xbcaf, 0xbcaf, 0xbcd0, 0xc4f0, 0xc510, 0xbcf0, 0xbccf, 0xbccf, 0xc4cf, 0xc510, 0xc510, 
	0xc4f0, 0xcd30, 0xc4f0, 0xc4af, 0xc4ae, 0xc4ae, 0xb40c, 0xac0c, 0xac0c, 0xac0b, 0xabeb, 0xa3ca, 0xa3ca, 0x9bab, 0xa40c, 0xa40c, 
	0x9bcb, 0x7ae8, 0x7ae9, 0x7ae8, 0x8b2a, 0x8b4b, 0x8b4b, 0x938c, 0xa3ed, 0x832b, 0x8b0b, 0xa38d, 0x9b2c, 0xabae, 0xa38e, 0xb3af, 
	0xa32d, 0x8a69, 0x8229, 0x8249, 0x8229, 0x8249, 0x8208, 0x8a6a, 0x7a08, 0x8229, 0x8269, 0x69e6, 0x6a26, 0x72a8, 0x7287, 0x7267, 
	0x6a46, 0x6205, 0x6a26, 0x6a26, 0x6a66, 0x7287, 0x7287, 0x7287, 0x72a7, 0x7ac8, 0x8b8b, 0xb511, 0xc5b1, 0xcdd1, 0xc5d1, 0xc5b1, 
	0xc5d1, 0xc5b1, 0xc5b1, 0xc5b1, 0xcdd2, 0xcdf2, 0xc5b1, 0xc5b2, 0xd634, 0xcdf3, 0xc5b2, 0xc5b2, 0xcdd2, 0xcdf3, 0xc5b2, 0xcdd2, 
	0xc5d2, 0xcdd2, 0xcdf3, 0xc5b2, 0xcdd2, 0xcdd2, 0xc5b2, 0xcdd2, 0xcdd2, 0xcdd3, 0xc5d2, 0xc5b2, 0xc5d2, 0xcdd3, 0xc5b2, 0xcdf3, 
	0xcdd3, 0xcdd3, 0xcdf3, 0xcdf3, 0xcdd3, 0xcdd3, 0xcdf3, 0xd634, 0xce55, 0xd697, 0xdeb7, 0xd696, 0xdeb7, 0xdeb8, 0xe6d8, 0xe6d9, 
	0xf77c, 0xffde, 0xef5b, 0xef9c, 0xdefa, 0xef5b, 0xef3b, 0xef5b, 0xef5b, 0xe6b8, 0xbd31, 0xb4af, 0xb48f, 0xbcb0, 0xbcb0, 0xb48f, 
	0xb48f, 0xb48f, 0xb48f, 0xb4af, 0xb46f, 0xbcd0, 0xbcb0, 0xbcb0, 0xbcb0, 0xbcd0, 0xb46f, 0xbcd0, 0xbcd0, 0xbcd0, 0xc4f0, 0xc4f0, 
	0xbcaf, 0xc4d0, 0xbccf, 0xbcaf, 0xbc8e, 0xbcaf, 0xc4f0, 0xc4d0, 0xbcd0, 0xbcd0, 0xbccf, 0xbcef, 0xc4ef, 0xc4f0, 0xbccf, 0xbccf, 
	0xbccf, 0xc4f0, 0xc4cf, 0xc4ae, 0xbc6d, 0xb42c, 0xb44d, 0xb42c, 0xa3ca, 0xa3ca, 0xa3aa, 0xa3eb, 0xac0c, 0xac2d, 0x9bcb, 0xa3ec, 
	0x8329, 0x8329, 0x7ac8, 0x72a7, 0x7ac8, 0x8329, 0x8b2a, 0x830a, 0x82e9, 0x830a, 0x82ea, 0x7a89, 0x7a89, 0x8249, 0x7a28, 0x8a8a, 
	0x8a8a, 0x8a8a, 0x8a6a, 0x9aeb, 0x8249, 0x8a49, 0x8229, 0x71a7, 0x7a07, 0x6a07, 0x6a07, 0x7a88, 0x7aa8, 0x7287, 0x7287, 0x7287, 
	0x7287, 0x7267, 0x6205, 0x6a26, 0x6a46, 0x7266, 0x7287, 0x7287, 0x72a7, 0x7ae8, 0x8b6b, 0xcdd2, 0xc5b1, 0xc5d1, 0xc5b1, 0xc5d1, 
	0xc5d1, 0xc5b1, 0xcdd1, 0xc5b1, 0xc5d1, 0xcdd2, 0xc5d2, 0xcdd2, 0xc5d2, 0xcdd2, 0xce13, 0xc5b2, 0xcdf2, 0xcdd2, 0xcdd2, 0xcdf3, 
	0xcdd2, 0xcdd2, 0xc5d2, 0xc5d2, 0xbd91, 0xcdd2, 0xc5d2, 0xcdf2, 0xc5d2, 0xcdf3, 0xcdf3, 0xc5d2, 0xcdf3, 0xcdd3, 0xcdf3, 0xc5d2, 
	0xcdf3, 0xcdf3, 0xc5d2, 0xcdf3, 0xd614, 0xc5b2, 0xc5d2, 0xcdd3, 0xcdf3, 0xce14, 0xcdf3, 0xce14, 0xd635, 0xd655, 0xd676, 0xdeb7, 
	0xe71b, 0xffde, 0xffde, 0xffde, 0xe71b, 0xe73b, 0xef5b, 0xd6b9, 0xf79c, 0xe6d9, 0xbd10, 0xb4af, 0xb48f, 0xbcd0, 0xbcb0, 0xbcd0, 
	0xbcd0, 0xb4af, 0xbcf0, 0xb4af, 0xbcb0, 0xbcd0, 0xbcb0, 0xbcd0, 0xbcd0, 0xbcd0, 0xbcaf, 0xbcaf, 0xb48f, 0xbcf0, 0xbcf0, 0xc4f0, 
	0xbcd0, 0xbcaf, 0xbcaf, 0xbccf, 0xbcaf, 0xbc8f, 0xc4f0, 0xc4d0, 0xbcf0, 0xbcd0, 0xbcf0, 0xbcef, 0xc4f0, 0xbccf, 0xbcaf, 0xbcaf, 
	0xbcae, 0xbc6d, 0xbc6d, 0xbc6d, 0xbc6d, 0xb42c, 0xb42c, 0xb42c, 0xb40c, 0xabcb, 0xabcb, 0xac0c, 0xac0c, 0xac0c, 0xa42d, 0xa3ed, 
	0x8b8b, 0x834a, 0x834a, 0x7ae8, 0x7ac8, 0x72a8, 0x72a8, 0x7ac8, 0x72a8, 0x7288, 0x6a47, 0x6a47, 0x7288, 0x7247, 0x6207, 0x6207, 
	0x59c5, 0x61e6, 0x69e6, 0x61a5, 0x69e6, 0x61a6, 0x61a5, 0x59a5, 0x6206, 0x6a26, 0x7267, 0x6a46, 0x7266, 0x7266, 0x7267, 0x6a46, 
	0x6a46, 0x6a46, 0x6a46, 0x6a46, 0x6a66, 0x6a66, 0x6a66, 0x72a7, 0x72a7, 0x72c8, 0x93ab, 0xcdd2, 0xc5d1, 0xc5b1, 0xc5b1, 0xc5b1, 
	0xc5b1, 0xc5b1, 0xc5b1, 0xc590, 0xc5d1, 0xc591, 0xcdd2, 0xc591, 0xbd71, 0xc5d1, 0xc5b1, 0xc5d1, 0xc5d1, 0xbd90, 0xd612, 0xc5d1, 
	0xc5d1, 0xc5d1, 0xcdd2, 0xc5b2, 0xc5d2, 0xcdd2, 0xc5d2, 0xcdd2, 0xc5b2, 0xc5b2, 0xcdd2, 0xcdf2, 0xcdf2, 0xcdd2, 0xcdd2, 0xcdf2, 
	0xcdf3, 0xce13, 0xcdd3, 0xce13, 0xce13, 0xcdf3, 0xcdd3, 0xcdf3, 0xcdf3, 0xcdd3, 0xcdf3, 0xcdf3, 0xcdf3, 0xcdf3, 0xd635, 0xd675, 
	0xef7c, 0xe73b, 0xe75b, 0xef5b, 0xf79d, 0xf79c, 0xe75b, 0xe73b, 0xf7bd, 0xef5a, 0xb4f0, 0xbcd0, 0xb48f, 0xbcf0, 0xbcd0, 0xbcd0, 
	0xbcd0, 0xbcd0, 0xbcd0, 0xbcd0, 0xbcd0, 0xbcb0, 0xb4af, 0xbcd0, 0xbcb0, 0xb4af, 0xbcd0, 0xb46f, 0xbcaf, 0xb4af, 0xbcf0, 0xcd31, 
	0xbccf, 0xbccf, 0xbccf, 0xbccf, 0xbc8f, 0xb48e, 0xb46e, 0xc4f0, 0xbccf, 0xbcaf, 0xb46e, 0xb4ae, 0xbcef, 0xc530, 0xc510, 0xc4cf, 
	0xbc8e, 0xc4ae, 0xbc8d, 0xbc4d, 0xb44d, 0xb42c, 0xabeb, 0xabeb, 0xabeb, 0xa3cb, 0xb42d, 0xb44e, 0xac2d, 0xac2d, 0xa40c, 0x9c0d, 
	0x834a, 0x8b6a, 0x8b6a, 0x938b, 0x938b, 0x7b09, 0x7ae9, 0x7288, 0x7288, 0x7267, 0x6a47, 0x6206, 0x6206, 0x6206, 0x59c5, 0x59a5, 
	0x5164, 0x59a5, 0x5184, 0x4943, 0x59a5, 0x59c5, 0x61e6, 0x61e5, 0x61e5, 0x6a26, 0x6a66, 0x6a26, 0x6a26, 0x6205, 0x6a26, 0x6a26, 
	0x6205, 0x6a46, 0x6a25, 0x6a66, 0x7267, 0x7267, 0x6a46, 0x7287, 0x6a87, 0x7ae8, 0x9c0d, 0xbd91, 0xc590, 0xbd90, 0xc5b1, 0xc5b1, 
	0xc5b1, 0xc5b1, 0xc5b1, 0xc590, 0xc5b1, 0xc5d1, 0xc5b1, 0xc5b1, 0xc5b1, 0xc5d1, 0xc5d1, 0xc5b1, 0xc5d1, 0xc5d1, 0xc5d1, 0xc5b1, 
	0xc5d1, 0xc5b1, 0xc5d1, 0xc5d2, 0xc591, 0xbd91, 0xc5d2, 0xce13, 0xcdd2, 0xc5b2, 0xcdf2, 0xc5b2, 0xc5d2, 0xcdd2, 0xce13, 0xcdf2, 
	0xcdf3, 0xcdf3, 0xcdf2, 0xce13, 0xcdf3, 0xcdf3, 0xcdf3, 0xcdd3, 0xcdf3, 0xcdf3, 0xd614, 0xcdf3, 0xcdf3, 0xcdd3, 0xc5d2, 0xce13, 
	0xef7c, 0xef7c, 0xe71b, 0xe73b, 0xdf1a, 0xffde, 0xfffe, 0xef9c, 0xef7c, 0xf77b, 0xb4f0, 0xbcf0, 0xbcf0, 0xbcd0, 0xbcd0, 0xb4af, 
	0xb48f, 0xbcd0, 0xbcd0, 0xc4f0, 0xbcd0, 0xbcd0, 0xc4f0, 0xbcb0, 0xbcd0, 0xbcd0, 0xbcaf, 0xb48f, 0xbcaf, 0xbccf, 0xc4f0, 0xc4f0, 
	0xc4f0, 0xc4f0, 0xbccf, 0xb48f, 0xbcd0, 0xc4f0, 0xbccf, 0xb46e, 0xbccf, 0xbccf, 0xcd31, 0xc4f0, 0xbcf0, 0xc510, 0xc4f0, 0xbcaf, 
	0xbc6d, 0xbc8d, 0xbc6d, 0xac0b, 0xabeb, 0xb42c, 0xb42c, 0xb42c, 0xabeb, 0xabec, 0xabeb, 0xac2d, 0xb44d, 0xa42d, 0x9bcc, 0x8b8a, 
	0x7b29, 0x7b29, 0x8b8b, 0x8b8b, 0x93cc, 0x9bcc, 0x938b, 0x8b4a, 0x832a, 0x93ab, 0x832a, 0x8309, 0x82e9, 0x7287, 0x6a46, 0x6a46, 
	0x6a26, 0x6205, 0x6a26, 0x6205, 0x6205, 0x6205, 0x6205, 0x6205, 0x6a26, 0x6225, 0x6a25, 0x6a25, 0x6a26, 0x6225, 0x6205, 0x6a26, 
	0x6a46, 0x7267, 0x7266, 0x6a66, 0x6a26, 0x6225, 0x6205, 0x6a67, 0x7ac8, 0x8309, 0xbd10, 0xbd90, 0xbd90, 0xbd90, 0xc590, 0xbd90, 
	0xc5b1, 0xc5b1, 0xc5b1, 0xc5b1, 0xc590, 0xc5b1, 0xc5b1, 0xc5b1, 0xbd90, 0xc5b1, 0xc5d1, 0xcdf2, 0xc5b1, 0xc5d1, 0xcdf2, 0xc5d1, 
	0xc5d1, 0xc5d1, 0xcdd2, 0xc5b2, 0xc5d2, 0xc5b2, 0xc5b2, 0xc5b2, 0xcdd2, 0xcdf3, 0xc5d2, 0xc591, 0xc5d2, 0xc5d2, 0xc5d2, 0xcdf2, 
	0xcdf3, 0xcdf3, 0xcdd2, 0xcdf2, 0xcdf3, 0xcdf2, 0xcdf3, 0xce13, 0xcdf3, 0xcdd3, 0xcdf3, 0xcdf3, 0xcdf3, 0xcdf3, 0xcdf3, 0xcdf3, 
	0xef7c, 0xef7c, 0xe73b, 0xef5b, 0xe73b, 0xe75b, 0xf7bd, 0xf79d, 0xfffe, 0xfffc, 0xbd31, 0xbcf0, 0xbd11, 0xbd11, 0xb4af, 0xbcb0, 
	0xc4f1, 0xc4f0, 0xbcd0, 0xbcd0, 0xbcd0, 0xbcf0, 0xbcd0, 0xbcd0, 0xbcd0, 0xbcd0, 0xb48f, 0xbcaf, 0xbcaf, 0xb48e, 0xbcd0, 0xc4f0, 
	0xc4f0, 0xbccf, 0xbcaf, 0xbcd0, 0xbcf0, 0xc4f0, 0xc4d0, 0xc4d0, 0xbcaf, 0xc4f0, 0xbcf0, 0xc510, 0xc4f0, 0xbccf, 0xbccf, 0xc4af, 
	0xbc8d, 0xb42c, 0xb44c, 0xb42c, 0xbc8d, 0xac0c, 0xabcb, 0xabeb, 0xac0b, 0xabeb, 0xb42c, 0xb42d, 0xb42d, 0x9bec, 0x9bcc, 0x93ec, 
	0x7b09, 0x6ac8, 0x72c8, 0x836a, 0x8bab, 0x93ab, 0x9bec, 0x938b, 0x938c, 0x9bcc, 0x9bcc, 0x9bac, 0x938b, 0x93ab, 0x8309, 0x6a66, 
	0x6a46, 0x6a26, 0x6205, 0x7267, 0x6a66, 0x6a46, 0x6a46, 0x7287, 0x7287, 0x7267, 0x7287, 0x6a46, 0x7266, 0x7287, 0x7287, 0x7287, 
	0x7267, 0x7266, 0x6a66, 0x6205, 0x6205, 0x6a26, 0x7267, 0x7287, 0x7aa8, 0x8b29, 0xa46e, 0xbd70, 0xb54f, 0xb54f, 0xc5b1, 0xbd90, 
	0xc5b1, 0xbd70, 0xbd90, 0xbd90, 0xbd90, 0xbd70, 0xc590, 0xbd90, 0xbd90, 0xbd70, 0xbd70, 0xc5b1, 0xc5b1, 0xbd90, 0xcdd1, 0xc5b1, 
	0xc5b1, 0xbd70, 0xc591, 0xc5d2, 0xbd71, 0xce13, 0xc591, 0xc5d2, 0xc5d2, 0xcdf2, 0xc5d2, 0xc5d2, 0xc5d2, 0xcdd2, 0xcdd2, 0xcdd2, 
	0xce13, 0xcdf3, 0xc5d2, 0xcdd2, 0xc5d2, 0xcdd2, 0xcdf3, 0xcdf3, 0xcdf3, 0xcdf3, 0xcdf3, 0xcdf3, 0xcdf3, 0xcdf3, 0xcdf3, 0xcdf3, 
	0xe75b, 0xef9c, 0xef7c, 0xfffe, 0xffde, 0xef7c, 0xe73b, 0xef7c, 0xfffe, 0xef9b, 0xb531, 0xbcd0, 0xbd11, 0xbd11, 0xc531, 0xc511, 
	0xc4f1, 0xc4f1, 0xbcd0, 0xbcf0, 0xbcd0, 0xc4f0, 0xbcb0, 0xc4f1, 0xc4f0, 0xbcd0, 0xb48f, 0xbcaf, 0xb4af, 0xc4f0, 0xc510, 0xc510, 
	0xbccf, 0xb48e, 0xbcaf, 0xbcf0, 0xbccf, 0xbccf, 0xbcaf, 0xbccf, 0xbccf, 0xcd31, 0xbcef, 0xcd31, 0xbccf, 0xbccf, 0xbc8d, 0xc4ce, 
	0xb44d, 0xb44c, 0xac0c, 0xb44c, 0xb44d, 0xb42c, 0xbc4d, 0xb42c, 0xac0c, 0xb42c, 0xac2c, 0xac2c, 0xa40c, 0x93cc, 0xac4e, 0xac4e, 
	0x9c0d, 0x836b, 0x6267, 0x6aa7, 0x7b09, 0x834a, 0x8329, 0x938b, 0x938b, 0x9bac, 0x938b, 0x938b, 0x8b4a, 0x82e9, 0x7ae8, 0x7287, 
	0x7287, 0x6a26, 0x6a26, 0x6a66, 0x7287, 0x7287, 0x7267, 0x7aa7, 0x7ac8, 0x7ac8, 0x7aa7, 0x7ac8, 0x7287, 0x7287, 0x7267, 0x6a66, 
	0x6a66, 0x6205, 0x59c4, 0x6a25, 0x6a25, 0x7266, 0x7287, 0x7ac7, 0x7ae8, 0x8b49, 0x938a, 0x8b49, 0xa4ad, 0xc5b1, 0xc591, 0xcdd2, 
	0xcdf2, 0xbd70, 0xc5b1, 0xc5b1, 0xbd90, 0xbd70, 0xc5b1, 0xbd90, 0xbd90, 0xc5b1, 0xc5b1, 0xbd90, 0xbd90, 0xc5b1, 0xc5b1, 0xbd90, 
	0xc5b1, 0xc5b1, 0xc5b1, 0xc5b1, 0xcdd1, 0xc5d1, 0xc5b1, 0xc5b1, 0xc5d2, 0xc5d1, 0xcdf2, 0xcdd1, 0xc5d1, 0xc5d1, 0xc5d2, 0xcdf3, 
	0xcdf3, 0xce13, 0xcdf2, 0xc5d2, 0xc5d2, 0xcdf3, 0xc5b2, 0xcdf2, 0xcdf3, 0xcdf3, 0xcdf3, 0xcdf3, 0xcdf3, 0xce13, 0xd614, 0xcdf3, 
	0xef9c, 0xef7c, 0xf7bd, 0xf7bd, 0xf7bd, 0xf7bd, 0xffdd, 0xef7c, 0xef7c, 0xef3a, 0xbd10, 0xbcf0, 0xc511, 0xc531, 0xc531, 0xc531, 
	0xc511, 0xc4f1, 0xcd31, 0xc4f0, 0xb4af, 0xc510, 0xc510, 0xbcf0, 0xbcf0, 0xbccf, 0xc510, 0xbcf0, 0xbcf0, 0xc4f0, 0xc510, 0xb4af, 
	0xb4af, 0xb48e, 0xbcd0, 0xbcaf, 0xc510, 0xbcf0, 0xb4ae, 0xbcef, 0xbcf0, 0xc511, 0xc530, 0xc510, 0xbccf, 0xbc8e, 0xb46d, 0xb44d, 
	0xbc6d, 0xb44c, 0xb42c, 0xbc6d, 0xbc4d, 0xbc6d, 0xb44c, 0xb44c, 0xb44c, 0xb44c, 0xac2c, 0xa40c, 0x9bcc, 0xa44e, 0xbd11, 0xbcd0, 
	0xac6e, 0x9c0d, 0x9bec, 0x72e9, 0x5a04, 0x6246, 0x7ae9, 0x7ac9, 0x7b09, 0x834a, 0x8329, 0x8b2a, 0x8b2a, 0x82e9, 0x8329, 0x7ac8, 
	0x7287, 0x7287, 0x6a66, 0x6a66, 0x6a26, 0x6a66, 0x7287, 0x7aa8, 0x7ac8, 0x7287, 0x7287, 0x7287, 0x7287, 0x6a66, 0x6a45, 0x59e4, 
	0x59a3, 0x59e4, 0x6224, 0x6a65, 0x7286, 0x7286, 0x72a6, 0x7ac7, 0x7ae8, 0x8308, 0x8b49, 0x936a, 0x8b48, 0x8b69, 0x9beb, 0x6aa8, 
	0x1000, 0x5a89, 0x9c8e, 0xcdd2, 0xbd70, 0xc5b1, 0xbd90, 0xc5b1, 0xc5d1, 0xc5b1, 0xc590, 0xcdd1, 0xc5b1, 0xbd90, 0xbd90, 0xc5b1, 
	0xc5b1, 0xc5d1, 0xc5b1, 0xc5b1, 0xcdd1, 0xc5b1, 0xc5d1, 0xc5b1, 0xc5d2, 0xc5d2, 0xc5b2, 0xcdd2, 0xcdf2, 0xc5d1, 0xc5d2, 0xcdf3, 
	0xcdf2, 0xcdf2, 0xcdf2, 0xcdf3, 0xc5b2, 0xcdf3, 0xcdd2, 0xcdd2, 0xce13, 0xcdf3, 0xcdf3, 0xcdf3, 0xcdf3, 0xcdf3, 0xcdf3, 0xce13, 
	0xf79d, 0xef9c, 0xef7c, 0xe73b, 0xf7bd, 0xfffe, 0xfffe, 0xef7c, 0xe73b, 0xded8, 0xc531, 0xbd11, 0xc531, 0xc531, 0xc531, 0xbd10, 
	0xc4f0, 0xc531, 0xbccf, 0xbccf, 0xbccf, 0xc510, 0xbcf0, 0xbccf, 0xbcd0, 0xbcaf, 0xbccf, 0xc510, 0xc4f0, 0xc510, 0xc4f0, 0xbcaf, 
	0xb48f, 0xbcf0, 0xbcf0, 0xc511, 0xc510, 0xcd31, 0xc510, 0xbcef, 0xc4f0, 0xc4f0, 0xc510, 0xac6d, 0xc4cf, 0xbc8e, 0xc4ae, 0xbc6d, 
	0xbc6d, 0xbc6d, 0xbc6d, 0xbc4d, 0xb44d, 0xb42c, 0xac0b, 0xac2c, 0xb46d, 0xac4d, 0xa40d, 0xa3ed, 0x93ab, 0xb4f0, 0xbcf0, 0xbcd0, 
	0xb4af, 0xbcd0, 0xac4e, 0x93ab, 0x8309, 0x6a87, 0x6246, 0x5a05, 0x6a67, 0x6a87, 0x6a87, 0x7287, 0x6a66, 0x7287, 0x7267, 0x7267, 
	0x6a46, 0x7266, 0x72a7, 0x6a26, 0x6a46, 0x7267, 0x6a46, 0x6a66, 0x7266, 0x6a26, 0x6a26, 0x6a25, 0x61e4, 0x59c3, 0x61e4, 0x6204, 
	0x6a25, 0x6a45, 0x7266, 0x72a6, 0x72a6, 0x72a6, 0x7ac7, 0x7ac7, 0x7ac7, 0x8329, 0x8329, 0x8b29, 0x8328, 0x8328, 0x8b49, 0x8b48, 
	0x5a46, 0x5aa9, 0x734b, 0x6b4c, 0x7bcd, 0x7bad, 0x6b2a, 0x736c, 0x946e, 0xcdf2, 0xc5b1, 0xc590, 0xc5b1, 0xc5b1, 0xc5b1, 0xbd90, 
	0xc590, 0xc5d1, 0xc5b1, 0xc5b1, 0xc5d1, 0xc5b1, 0xc5d1, 0xc5d1, 0xbd90, 0xcdf2, 0xcdf2, 0xcdd1, 0xc590, 0xcdf2, 0xc5d1, 0xcdd2, 
	0xcdf3, 0xcdf2, 0xcdd2, 0xcdf3, 0xcdd2, 0xcdd2, 0xcdf3, 0xcdd2, 0xce13, 0xcdf3, 0xcdf3, 0xcdf3, 0xcdf3, 0xcdf3, 0xcdf3, 0xce12, 
	0xf7bd, 0xef5b, 0xef7c, 0xef5b, 0xef7c, 0xef9c, 0xef7c, 0xfffe, 0xfffe, 0xc5d3, 0xc592, 0xc572, 0xc552, 0xc531, 0xc552, 0xbcf0, 
	0xc510, 0xc531, 0xc531, 0xc510, 0xc4f0, 0xbcd0, 0xc511, 0xbcf0, 0xb48e, 0xac6e, 0xc510, 0xc4f0, 0xcd31, 0xc510, 0xbccf, 0xb48e, 
	0xbccf, 0xbcd0, 0xc531, 0xc510, 0xc4f0, 0xc4f0, 0xbccf, 0xc510, 0xbccf, 0xbccf, 0xbccf, 0xbc8f, 0xbc8e, 0xbc8e, 0xb42c, 0xb42c, 
	0xbc6d, 0xb42c, 0xb42c, 0xb44c, 0xb44d, 0xb44c, 0xb42d, 0xb44d, 0xac2d, 0xa42c, 0xa3ed, 0x9bcc, 0xa40d, 0xbd11, 0xbd11, 0xbd10, 
	0xb48f, 0xac8f, 0xac6e, 0xa44e, 0xac6e, 0x8b8b, 0x72a7, 0x7287, 0x6225, 0x5a05, 0x59e4, 0x6205, 0x6225, 0x6225, 0x6205, 0x5a05, 
	0x6205, 0x6205, 0x6205, 0x6205, 0x61e5, 0x61e5, 0x61e5, 0x59c4, 0x61e5, 0x59c4, 0x59c4, 0x59c3, 0x59c3, 0x6204, 0x6a45, 0x6a65, 
	0x6a45, 0x7286, 0x7aa6, 0x7aa6, 0x7aa7, 0x7ac7, 0x7ac7, 0x7ac7, 0x7aa7, 0x82e8, 0x82e8, 0x8308, 0x8308, 0x7ae7, 0x8308, 0x7ac7, 
	0x51e4, 0x5ac9, 0x62c9, 0x62c9, 0x62ca, 0x62ca, 0x62ca, 0x5228, 0x5aa9, 0x5a89, 0x7b6c, 0xbd92, 0xcdf3, 0xbd70, 0xc5b1, 0xc590, 
	0xbd90, 0xc5b1, 0xbd90, 0xbd90, 0xbd90, 0xc5b1, 0xc5b1, 0xc5b1, 0xc5b1, 0xc5d1, 0xc5d1, 0xc5b1, 0xc5d1, 0xc5b1, 0xcdf2, 0xcdf2, 
	0xc5d2, 0xc5b2, 0xc5d2, 0xc5d2, 0xc5b2, 0xcdf2, 0xc5b2, 0xcdf3, 0xcdf3, 0xcdf3, 0xc5d2, 0xcdf3, 0xce13, 0xcdf3, 0xce14, 0xd612, 
	0xef9c, 0xf7bd, 0xef9c, 0xf7bd, 0xad96, 0x8cd3, 0x8c93, 0x94d4, 0x94d4, 0xcdd3, 0xcd92, 0xc572, 0xcd72, 0xcd52, 0xcd52, 0xc531, 
	0xc531, 0xc531, 0xcd31, 0xc511, 0xc531, 0xc531, 0xc510, 0xcd31, 0xbcd0, 0xc4f0, 0xbccf, 0xbcd0, 0xbcd0, 0xbcaf, 0xbcd0, 0xbcf0, 
	0xbcd0, 0xbccf, 0xc510, 0xc4f0, 0xc4f0, 0xcd51, 0xc530, 0xbcef, 0xc530, 0xbccf, 0xc4cf, 0xbc8e, 0xbcae, 0xc4ae, 0xbc8d, 0xb44d, 
	0xbc4d, 0xb44c, 0xb40c, 0xb42c, 0xb44d, 0xac2d, 0xac4d, 0xac4d, 0xac2d, 0xa42d, 0xa3ec, 0x8bab, 0xc572, 0xbd31, 0xb510, 0xb4f0, 
	0xb4d0, 0xb4d0, 0xb4af, 0xac6e, 0xa40d, 0x9bec, 0x9c0d, 0x82e8, 0x7aa7, 0x6a66, 0x6225, 0x6225, 0x59e4, 0x59e5, 0x59c4, 0x59c4, 
	0x59c4, 0x59a4, 0x59a4, 0x51a3, 0x59a4, 0x59c4, 0x59c4, 0x59c4, 0x59e4, 0x61e4, 0x6a45, 0x6a45, 0x6204, 0x6224, 0x7266, 0x7265, 
	0x7265, 0x7286, 0x7aa6, 0x82e7, 0x7aa7, 0x7aa7, 0x7ac7, 0x7aa7, 0x7ae7, 0x7ae7, 0x7ae7, 0x7ac7, 0x7ac7, 0x7ac7, 0x7286, 0x59e4, 
	0x49c4, 0x62ea, 0x5a89, 0x5228, 0x5268, 0x5a89, 0x5248, 0x4a27, 0x41e6, 0x41e6, 0x62ca, 0x6b0b, 0x62ca, 0x62ea, 0x732c, 0x9caf, 
	0xc592, 0xcdd2, 0xc591, 0xc590, 0xc5b1, 0xc5b1, 0xbd70, 0xbd90, 0xc5b1, 0xc590, 0xc5b1, 0xc5b1, 0xc5b1, 0xc5b1, 0xc5b1, 0xc5d1, 
	0xc5d1, 0xcdd1, 0xcdd1, 0xcdf2, 0xc5d2, 0xc5d2, 0xc5d2, 0xcdf3, 0xce13, 0xcdf3, 0xcdf3, 0xcdf3, 0xcdf3, 0xcdf3, 0xcdf3, 0xcdf2, 
	0x9d35, 0x94f5, 0x8cb4, 0x84b4, 0x94d5, 0x8453, 0x8452, 0x7c31, 0x94b1, 0xd5f3, 0xcdb3, 0xcd92, 0xcd72, 0xcd51, 0xcd51, 0xcd72, 
	0xc531, 0xc531, 0xcd72, 0xcd31, 0xcd31, 0xc531, 0xcd31, 0xc510, 0xbcd0, 0xbcf0, 0xbccf, 0xbcaf, 0xbcaf, 0xb48e, 0xbccf, 0xc510, 
	0xc511, 0xc4f0, 0xc531, 0xc4f0, 0xc4f0, 0xcd71, 0xc530, 0xcd51, 0xcd50, 0xcd0f, 0xc4cf, 0xbc8e, 0xbc8d, 0xbc6d, 0xb44d, 0xb44d, 
	0xb44d, 0xb44c, 0xb44c, 0xb42c, 0xb44d, 0xac2c, 0xac2d, 0xa40d, 0xac2d, 0xa40d, 0x938b, 0xbd52, 0xbd52, 0xbd52, 0xbd31, 0xb4f0, 
	0xb4cf, 0xb4d0, 0xbcd0, 0xb4af, 0xb46e, 0xa3ed, 0x9bcc, 0x938b, 0x8309, 0x7aa7, 0x6a66, 0x6a66, 0x6a46, 0x6a25, 0x6a25, 0x6205, 
	0x6225, 0x6205, 0x6205, 0x6205, 0x6205, 0x6a25, 0x6205, 0x6a25, 0x6a25, 0x6225, 0x6a25, 0x6a65, 0x7265, 0x6a65, 0x7285, 0x7285, 
	0x7285, 0x7285, 0x7285, 0x7aa6, 0x7ac7, 0x7aa6, 0x7286, 0x7ae7, 0x7ac7, 0x7ac7, 0x7aa7, 0x7ac7, 0x7286, 0x6a45, 0x6225, 0x41a4, 
	0x5289, 0x5268, 0x5268, 0x5248, 0x5228, 0x5228, 0x4a27, 0x5aa9, 0x5268, 0x5a89, 0x62ca, 0x5aa9, 0x5a89, 0x5aca, 0x52a9, 0x52a9, 
	0x5aa9, 0x6b4c, 0x4a27, 0x736b, 0xa4f0, 0xc5d1, 0xbd90, 0xc590, 0xc5b1, 0xbd70, 0xc5d1, 0xc5d1, 0xc5b1, 0xc5b1, 0xc5d1, 0xc5b1, 
	0xcdd1, 0xc591, 0xcdd1, 0xcdd1, 0xcdf2, 0xcdd1, 0xcdd2, 0xcdf3, 0xcdf3, 0xcdd2, 0xcdd2, 0xcdd2, 0xcdf3, 0xcdf3, 0xcdf4, 0xcdf2, 
	0x9515, 0x8453, 0x73f2, 0x8494, 0x8cb4, 0x8494, 0x73b0, 0x73f0, 0xde55, 0xd614, 0xcdb3, 0xcd92, 0xc572, 0xc551, 0xcd51, 0xbcf0, 
	0xc551, 0xc551, 0xc531, 0xc531, 0xcd51, 0xc531, 0xbd10, 0xbcf0, 0xbcf0, 0xbcf0, 0xc531, 0xbccf, 0xbccf, 0xbccf, 0xbccf, 0xbccf, 
	0xc4f0, 0xc531, 0xc511, 0xc4f0, 0xc510, 0xcd72, 0xcd51, 0xcd51, 0xcd10, 0xc4ae, 0xc4ae, 0xc48e, 0xbc8d, 0xbc4d, 0xb42c, 0xb44c, 
	0xb44d, 0xb44c, 0xb44c, 0xb42c, 0xac4d, 0xa40c, 0xa40c, 0xa40d, 0xa3ed, 0x9bcc, 0xa42e, 0xbd72, 0xcd93, 0xbd32, 0xbd51, 0xb531, 
	0xb510, 0xb4d0, 0xb4af, 0xb48f, 0xac4e, 0xa3ed, 0x9bcc, 0xa3ec, 0x938b, 0x8b4a, 0x7aa7, 0x7287, 0x7267, 0x7267, 0x6a46, 0x6a46, 
	0x6a46, 0x6a66, 0x6a25, 0x6a25, 0x6205, 0x6a46, 0x6a45, 0x6a45, 0x6a45, 0x7266, 0x6a66, 0x7286, 0x7286, 0x6a65, 0x7aa6, 0x7265, 
	0x7285, 0x7285, 0x7ac6, 0x7aa6, 0x7aa6, 0x7aa6, 0x7aa7, 0x7ae7, 0x7ae7, 0x72a6, 0x7286, 0x6a66, 0x6245, 0x5a04, 0x5206, 0x5268, 
	0x5268, 0x5248, 0x5248, 0x4a48, 0x4a47, 0x4a27, 0x5289, 0x4a48, 0x4a48, 0x4a27, 0x5aa9, 0x5aa9, 0x5289, 0x5289, 0x5268, 0x5aa9, 
	0x5289, 0x4a27, 0x4a07, 0x2103, 0x5aca, 0x634b, 0x62ea, 0x5289, 0x62ea, 0x946e, 0xc5d2, 0xc5d2, 0xc5d1, 0xc5b1, 0xc5b1, 0xcdd1, 
	0xcdd1, 0xcdd2, 0xcdd1, 0xcdd2, 0xcdd1, 0xcdd1, 0xcdd2, 0xcdd2, 0xd634, 0xcdf3, 0xcdf3, 0xbd71, 0xcdf3, 0xcdf3, 0xce13, 0xce12, 
	0x7c73, 0x6bd1, 0x636f, 0x73f2, 0x8474, 0x84b4, 0x73d1, 0x9471, 0xde35, 0xd614, 0xd5f4, 0xcdb3, 0xcd92, 0xc531, 0xc531, 0xcd72, 
	0xcd72, 0xcd51, 0xcd72, 0xcd72, 0xc531, 0xcd51, 0xbcf0, 0xbcf0, 0xbcf0, 0xbcf0, 0xc531, 0xc510, 0xc4f0, 0xc4f0, 0xc510, 0xbcf0, 
	0xcd51, 0xc531, 0xcd51, 0xcd31, 0xcd51, 0xd572, 0xcd51, 0xcd30, 0xc4f0, 0xc4ce, 0xc4cf, 0xbc6d, 0xbc6d, 0xbc6d, 0xb44d, 0xb44c, 
	0xb44d, 0xb44c, 0xb42c, 0xac4c, 0xac4d, 0xac4d, 0xa40c, 0x9bec, 0x9bcc, 0x93ac, 0xacd0, 0xbd52, 0xc573, 0xbd52, 0xbd52, 0xbd52, 
	0xb531, 0xb4d0, 0xb46f, 0xac6e, 0xac2e, 0x9bcc, 0x9bcc, 0x9bab, 0x9bcc, 0x8b4a, 0x8329, 0x82e9, 0x7ac8, 0x7287, 0x6a66, 0x7266, 
	0x6a66, 0x7286, 0x6a66, 0x7286, 0x6a66, 0x6a66, 0x6a25, 0x6a66, 0x6a65, 0x6a45, 0x7286, 0x7286, 0x7286, 0x7aa6, 0x7285, 0x7285, 
	0x7aa6, 0x7285, 0x7285, 0x7aa6, 0x7aa6, 0x7ac6, 0x7aa7, 0x7aa7, 0x7286, 0x6a45, 0x6245, 0x5a05, 0x5205, 0x4a07, 0x4a27, 0x5268, 
	0x4a07, 0x4a27, 0x4a27, 0x4a27, 0x4207, 0x4207, 0x41e6, 0x4206, 0x4a27, 0x5268, 0x5289, 0x5aa9, 0x4a48, 0x5268, 0x5268, 0x5248, 
	0x5288, 0x5268, 0x4a28, 0x4207, 0x41e7, 0x3186, 0x2104, 0x2944, 0x39c6, 0x4227, 0x630b, 0x7bee, 0x8c2e, 0xad30, 0xbdb1, 0xce12, 
	0xcdd2, 0xcdd2, 0xcdb1, 0xcdd1, 0xcdf1, 0xd613, 0xd5f3, 0xd613, 0xd613, 0xcdd2, 0xd5f3, 0xcdf3, 0xcdf3, 0xcdd2, 0xcdf3, 0xce12, 
	0x8cd5, 0x7c33, 0x634f, 0x6bb1, 0x7c53, 0x8494, 0x7c53, 0xe676, 0xde35, 0xd5f4, 0xcdb3, 0xcd72, 0xcd72, 0xcd72, 0xcd92, 0xcd72, 
	0xcd51, 0xcd51, 0xcd72, 0xcd51, 0xc531, 0xc531, 0xc510, 0xbcf0, 0xc510, 0xcd51, 0xbcf0, 0xc531, 0xcd31, 0xc531, 0xc531, 0xc531, 
	0xc511, 0xcd31, 0xcd31, 0xcd51, 0xbcf0, 0xcd51, 0xcd31, 0xcd30, 0xc510, 0xc4ae, 0xbc6d, 0xb42c, 0xbc4d, 0xb44d, 0xb44c, 0xb42c, 
	0xb42c, 0xb42c, 0xb44d, 0xac2c, 0xac4d, 0xa40c, 0x9bcc, 0x9bcc, 0x93ab, 0x8bee, 0x6287, 0xc574, 0xc5b4, 0xcdd5, 0xc573, 0xc552, 
	0xbd52, 0xb4f0, 0xb4b0, 0xac6e, 0xb46f, 0xa3ed, 0x9bcc, 0x938b, 0x936a, 0x8b4a, 0x8b2a, 0x8b2a, 0x8309, 0x8309, 0x72a7, 0x7287, 
	0x7286, 0x7ac7, 0x7286, 0x7286, 0x6a45, 0x6a65, 0x7286, 0x7286, 0x7286, 0x72a6, 0x7286, 0x7286, 0x7286, 0x7285, 0x7285, 0x7285, 
	0x7265, 0x7285, 0x7aa6, 0x7aa6, 0x7ac6, 0x7ac6, 0x7aa6, 0x7285, 0x6a66, 0x5a24, 0x5a05, 0x4a27, 0x4a07, 0x4a27, 0x4a07, 0x5248, 
	0x4a27, 0x4a27, 0x4207, 0x4a27, 0x4a48, 0x4a48, 0x4207, 0x4207, 0x4207, 0x5289, 0x5aca, 0x5aa9, 0x5268, 0x4a27, 0x5269, 0x4a48, 
	0x4a27, 0x4a48, 0x4a27, 0x5268, 0x5288, 0x5aa9, 0x5289, 0x5268, 0x5289, 0x62ea, 0x62ea, 0x62ea, 0x5aa9, 0x5aa9, 0x5aea, 0x5b0b, 
	0x5289, 0x4a89, 0x31a5, 0x4207, 0x736c, 0xa4f0, 0xbd51, 0xd614, 0xd612, 0xd5f2, 0xcdd2, 0xd5f3, 0xd613, 0xcdd2, 0xd613, 0xd613, 
	0x8494, 0x7c32, 0x3a29, 0x634e, 0x7433, 0x7c73, 0xa513, 0xde55, 0xd5f4, 0xd5d3, 0xa986, 0xa986, 0xa986, 0xa986, 0xcd92, 0xc551, 
	0xcd72, 0xc551, 0xc531, 0xcd31, 0xcd31, 0xc531, 0xa986, 0xa986, 0xa986, 0xa986, 0xcd51, 0xc531, 0xcd32, 0xcd31, 0xcd52, 0xcd52, 
	0xd593, 0xd593, 0xd572, 0xddd3, 0xd592, 0xd572, 0xd572, 0xcd31, 0xc4cf, 0xc4ae, 0xbc6d, 0xbc4d, 0xb44c, 0xb44d, 0xb42d, 0xac4d, 
	0xac4d, 0xac4d, 0xac2c, 0xa42c, 0xa42d, 0xa40c, 0x9bcc, 0x8b8b, 0x7bce, 0x7412, 0x738f, 0x7329, 0xc5f5, 0xcdd5, 0xd5f6, 0xcd94, 
	0xc573, 0xbd52, 0xbd11, 0xbd11, 0xb48f, 0xb46f, 0xac2e, 0xac2d, 0x9bac, 0xa40d, 0x9bcc, 0x93ab, 0x938b, 0x8b4a, 0x8329, 0x8308, 
	0x7ae8, 0x7ae8, 0x7aa7, 0x7ac7, 0x7aa7, 0x7a87, 0x7286, 0x7286, 0x7aa7, 0x7aa7, 0x7aa7, 0x7aa7, 0x7aa6, 0x7aa6, 0x7285, 0x7265, 
	0x7aa6, 0x7aa6, 0x7ac6, 0x7ac6, 0x7285, 0x7ac6, 0x7285, 0x6a65, 0x51e4, 0x49e5, 0x4a07, 0x4a07, 0x4a27, 0x4207, 0x4a48, 0x41e6, 
	0x4207, 0x4207, 0x4206, 0x41e6, 0x4a27, 0x4207, 0x41e6, 0x41e7, 0x39c6, 0x5289, 0x5aca, 0x5aca, 0x5289, 0x5289, 0x5289, 0x5249, 
	0x5268, 0x4a48, 0x4a48, 0x5268, 0x5268, 0x4a48, 0xa986, 0xa986, 0xa986, 0xa986, 0x5289, 0x5aca, 0x5ac9, 0x62ea, 0x6b2b, 0x6b4c, 
	0x6b2b, 0x6b2c, 0xa986, 0xa986, 0xa986, 0xa986, 0x5aaa, 0x41e7, 0x4a48, 0x8c0f, 0x9cd0, 0xb572, 0xc5f3, 0xd654, 0xcdd3, 0xce12, 
	0x9d36, 0x7411, 0x29a7, 0x5aec, 0x7412, 0x7413, 0xde75, 0xd5d3, 0xd5f3, 0xcdb2, 0xa986, 0xa986, 0xa986, 0xa986, 0xcd72, 0xd5b3, 
	0xcd51, 0xc531, 0xc531, 0xc531, 0xc4f0, 0xcd51, 0xa986, 0xa986, 0xa986, 0xa986, 0xcd52, 0xc531, 0xcd93, 0xd5b3, 0xddd4, 0xd5d4, 
	0xddf4, 0xd5d4, 0xddf4, 0xddd4, 0xd5b3, 0xd572, 0xcd71, 0xcd30, 0xc4cf, 0xc4ae, 0xbc6d, 0xb46d, 0xb44d, 0xb44d, 0xb44e, 0xac2d, 
	0xac4d, 0xac2d, 0xac4d, 0xac2d, 0x9bcb, 0x9bec, 0x93cb, 0x7bad, 0x73f2, 0x73f2, 0x7c33, 0x6b0a, 0x83ac, 0xd657, 0xcdd5, 0xcdd5, 
	0xd5d5, 0xcd94, 0xc574, 0xc573, 0xbd11, 0xbd31, 0xbd31, 0xb4d0, 0xb4f0, 0xb4d0, 0xac8f, 0xac6f, 0xac6f, 0xb4b0, 0xac4f, 0xac4f, 
	0xa40d, 0x9369, 0x8b29, 0x8b29, 0x8b29, 0x8308, 0x82e8, 0x82e8, 0x82e8, 0x82e7, 0x82e7, 0x7ac6, 0x7ac6, 0x7ae6, 0x7ac6, 0x7ac6, 
	0x7ac6, 0x7aa6, 0x7ac6, 0x7ac7, 0x7ac7, 0x7286, 0x6a86, 0x5206, 0x4a07, 0x4a08, 0x4a28, 0x4a07, 0x4207, 0x4207, 0x4207, 0x41e7, 
	0x3185, 0x4a28, 0x41e7, 0x4207, 0x41c6, 0x41e7, 0x3985, 0x41e7, 0x4207, 0x5aaa, 0x62ca, 0x5289, 0x5289, 0x4a48, 0x5269, 0x4a28, 
	0x5269, 0x5269, 0x4a28, 0x5248, 0x4a48, 0x5268, 0xa986, 0xa986, 0xa986, 0xa986, 0x5289, 0x5aa9, 0x5aca, 0x5ac9, 0x5aca, 0x630b, 
	0x62eb, 0x5aaa, 0xa986, 0xa986, 0xa986, 0xa986, 0x5aca, 0x630b, 0x630c, 0x6b2c, 0x630c, 0x738d, 0x738d, 0x5289, 0x52a9, 0x7bad, 
	0x9516, 0x638f, 0x31a7, 0x4a6a, 0x6bf1, 0x9492, 0xde14, 0xd5d3, 0xa986, 0xa986, 0xa986, 0xa986, 0xa986, 0xa986, 0xa986, 0xa986, 
	0xcd51, 0xcd51, 0xc531, 0xcd51, 0xa986, 0xa986, 0xa986, 0xa986, 0xa986, 0xa986, 0xa986, 0xa986, 0xd593, 0xd5b3, 0xe615, 0xddf4, 
	0xe635, 0xe615, 0xddf4, 0xe635, 0xddd4, 0xddb3, 0xd571, 0xcd0f, 0xcccf, 0xc4ae, 0xbc8e, 0xbc6e, 0xb42d, 0xb44e, 0xb46e, 0xac4d, 
	0xb46d, 0xac4d, 0xac4d, 0xa40c, 0xa40c, 0x9bcc, 0x83ae, 0x73f1, 0x6bf2, 0x6bb1, 0x6b90, 0x7c32, 0x62cb, 0xa491, 0xcdf6, 0xcdd5, 
	0xcdb5, 0xd5f6, 0xcdd5, 0xcdb4, 0xbd52, 0xc573, 0xc573, 0xcdb4, 0xc573, 0xb511, 0xc573, 0xbd32, 0xc552, 0xc552, 0xbd32, 0xbd32, 
	0xbd52, 0xbd12, 0xac6e, 0x936a, 0x9369, 0x8b28, 0x8b29, 0x8308, 0x8308, 0x7ac7, 0x8308, 0x82e7, 0x7ae7, 0x8307, 0x8307, 0x7ae7, 
	0x8307, 0x7ae7, 0x82e7, 0x7ac7, 0x7286, 0x6aa8, 0x4a27, 0x4207, 0x4a28, 0x4a08, 0x4a08, 0x4207, 0x4a28, 0x41e7, 0x41e7, 0x4207, 
	0x4a28, 0x4a08, 0x41e7, 0x41e7, 0x39c6, 0x39c6, 0x39c6, 0x4a28, 0x5249, 0x5aaa, 0x5269, 0x5269, 0x5269, 0x5269, 0x4a48, 0x4a48, 
	0x4a48, 0x5269, 0x4a48, 0x5289, 0xa986, 0xa986, 0xa986, 0xa986, 0xa986, 0xa986, 0xa986, 0xa986, 0x62eb, 0x5aa9, 0x5269, 0x5289, 
	0xa986, 0xa986, 0xa986, 0xa986, 0xa986, 0xa986, 0xa986, 0xa986, 0x6b2c, 0x6b4c, 0x6b2c, 0x630b, 0x6b2c, 0x6b2c, 0x6b2c, 0x73ad, 
	0x8cd5, 0x638f, 0x2966, 0x4a69, 0x636f, 0xde34, 0xd5b3, 0xcd92, 0xa986, 0xa986, 0xa986, 0xa986, 0xa986, 0xa986, 0xa986, 0xa986, 
	0xc4f0, 0xcd51, 0xcd31, 0xd572, 0xa986, 0xa986, 0xa986, 0xa986, 0xa986, 0xa986, 0xa986, 0xa986, 0xddf4, 0xddf4, 0xe635, 0xde15, 
	0xe635, 0xe635, 0xe635, 0xddf4, 0xddb3, 0xcd51, 0xd551, 0xc4ce, 0xc4ae, 0xbc4d, 0xbc8e, 0xbc6e, 0xb44d, 0xb44d, 0xb42d, 0xb44d, 
	0xac6e, 0xa42d, 0xa40d, 0x9bec, 0x93cc, 0x7b4c, 0x5b2e, 0x63b1, 0x7412, 0x63b1, 0x634f, 0x6370, 0x7c33, 0x6aa9, 0x9c4f, 0xc594, 
	0xc594, 0xcdb5, 0xcdb5, 0xcd94, 0xcdb4, 0xbd53, 0xcdb5, 0xcdb5, 0xc594, 0xcdb5, 0xcdb5, 0xc594, 0xc573, 0xd5f5, 0xcdb4, 0xc594, 
	0xcdb4, 0xc533, 0xc532, 0xbcd1, 0xa40c, 0x9369, 0x9349, 0x8b49, 0x8b29, 0x8308, 0x8328, 0x8328, 0x8328, 0x8308, 0x8328, 0x8307, 
	0x8307, 0x8328, 0x7ac7, 0x5a67, 0x4a27, 0x41e7, 0x41e7, 0x41e7, 0x4207, 0x4a28, 0x41c7, 0x41e7, 0x41e7, 0x41e7, 0x4a08, 0x41e7, 
	0x4a48, 0x4207, 0x41c7, 0x4207, 0x39a6, 0x39a6, 0x41e7, 0x4a28, 0x5aaa, 0x5269, 0x5269, 0x4a48, 0x5269, 0x5249, 0x4a48, 0x5249, 
	0x4a28, 0x4a28, 0x4a08, 0x4a28, 0xa986, 0xa986, 0xa986, 0xa986, 0xa986, 0xa986, 0xa986, 0xa986, 0x4a48, 0x5269, 0x5249, 0x4a28, 
	0xa986, 0xa986, 0xa986, 0xa986, 0xa986, 0xa986, 0xa986, 0xa986, 0x5aeb, 0x6b4c, 0x632c, 0x632c, 0x630b, 0x6b4c, 0x6b4c, 0x6b8d, 
	0x94f6, 0x6bd0, 0x2125, 0x4248, 0xd635, 0xd614, 0xd5b3, 0xcd72, 0xa986, 0xa986, 0xa986, 0xa986, 0xa986, 0xa986, 0xa986, 0xa986, 
	0xcd72, 0xd592, 0xd592, 0xcd72, 0xa986, 0xa986, 0xa986, 0xa986, 0xa986, 0xa986, 0xa986, 0xa986, 0xde35, 0xde35, 0xe655, 0xe635, 
	0xee76, 0xe635, 0xe635, 0xd5b2, 0xcd31, 0xcd0f, 0xc4cf, 0xc48e, 0xbc6d, 0xbc6d, 0xb44d, 0xb44d, 0xb42d, 0xb42d, 0xb44d, 0xac2d, 
	0xa42d, 0xa40c, 0xa3ed, 0x9bab, 0x7b4c, 0x5b2e, 0x5b4f, 0x63b1, 0x6bf2, 0x7413, 0x6391, 0x6370, 0x5b4f, 0x7412, 0x630d, 0x942f, 
	0xbd34, 0xc595, 0xbd54, 0xbd53, 0xbd53, 0xd5f6, 0xd5f6, 0xd5f6, 0xd5f6, 0xd5f6, 0xcdd5, 0xcdb5, 0xcdb5, 0xc594, 0xd5d5, 0xcdd4, 
	0xc573, 0xbd32, 0xbcf2, 0xbcd1, 0xbcf1, 0xb4b0, 0x9b8a, 0x9369, 0x8b49, 0x8b29, 0x8b29, 0x8308, 0x8328, 0x7ac7, 0x7ae7, 0x7ae8, 
	0x7b28, 0x5a67, 0x4a28, 0x4207, 0x39c6, 0x41e7, 0x4207, 0x39c6, 0x41e7, 0x41e7, 0x41e7, 0x39a6, 0x41e7, 0x4207, 0x4a08, 0x4a28, 
	0x4207, 0x41e7, 0x41e7, 0x39a6, 0x39c6, 0x39a6, 0x41e7, 0x5269, 0x5aca, 0x5269, 0x5269, 0x5269, 0x5249, 0x4a48, 0x5269, 0x5249, 
	0x5249, 0x4a28, 0x4207, 0x4a28, 0xa986, 0xa986, 0xa986, 0xa986, 0xa986, 0xa986, 0xa986, 0xa986, 0x5269, 0x5269, 0x4a69, 0x5289, 
	0xa986, 0xa986, 0xa986, 0xa986, 0xa986, 0xa986, 0xa986, 0xa986, 0x632c, 0x630b, 0x5aeb, 0x5b0b, 0x5b0b, 0x632c, 0x630c, 0x6b6d, 
	0x8cd5, 0x7412, 0x5b0d, 0x7bed, 0xde36, 0xcdd3, 0xcd92, 0xcd92, 0xa986, 0xa986, 0xa986, 0xa986, 0xa986, 0xa986, 0xa986, 0xa986, 
	0xcd72, 0xd5b3, 0xd592, 0xcd92, 0xa986, 0xa986, 0xa986, 0xa986, 0xa986, 0xa986, 0xa986, 0xa986, 0xde15, 0xe635, 0xe656, 0xe635, 
	0xde14, 0xddf3, 0xd591, 0xd550, 0xccef, 0xc4ae, 0xbc6d, 0xbc4d, 0xbc4d, 0xbc4d, 0xb44c, 0xb42c, 0xac0c, 0xac2d, 0xac2c, 0xac0d, 
	0xa40c, 0xa3ec, 0x93cb, 0x734d, 0x2966, 0x6bb1, 0x8474, 0x5b4f, 0x5b4f, 0x73f2, 0x7433, 0x6bd2, 0x6370, 0x4aad, 0x5aee, 0x7c12, 
	0x9451, 0xbd74, 0xc595, 0xcdd6, 0xde37, 0xd637, 0xde57, 0xd637, 0xd5d6, 0xd5d6, 0xd5f6, 0xd5f6, 0xd5f6, 0xd5d6, 0xcdb4, 0xcd94, 
	0xc553, 0xc553, 0xbcd1, 0xbcd1, 0xbcd1, 0xbcd1, 0xb4b0, 0xa40d, 0x8b29, 0x8329, 0x7ac7, 0x7ac7, 0x7285, 0x72a7, 0x62a9, 0x5268, 
	0x41e7, 0x39c7, 0x4207, 0x39c6, 0x41e7, 0x39c6, 0x39c6, 0x41e7, 0x41e7, 0x41c7, 0x39c6, 0x41e7, 0x4207, 0x4a48, 0x4207, 0x41e7, 
	0x41c7, 0x39c6, 0x41c7, 0x41e7, 0x41e7, 0x4207, 0x4a28, 0x5269, 0x5a8a, 0x5269, 0x5289, 0x4a28, 0x5269, 0x4a08, 0x5269, 0x4a28, 
	0x4a28, 0x4a48, 0x4a28, 0x4a48, 0xa986, 0xa986, 0xa986, 0xa986, 0xa986, 0xa986, 0xa986, 0xa986, 0x5289, 0x4a48, 0x4a68, 0x4a69, 
	0xa986, 0xa986, 0xa986, 0xa986, 0xa986, 0xa986, 0xa986, 0xa986, 0x632c, 0x6b8e, 0x738f, 0x73af, 0x6b8e, 0x6b6e, 0x6b8d, 0x73ce, 
	0x94f5, 0x7c32, 0x6b6f, 0xde35, 0xa986, 0xa986, 0xa986, 0xa986, 0xa986, 0xa986, 0xa986, 0xa986, 0xa986, 0xa986, 0xa986, 0xa986, 
	0xa986, 0xa986, 0xa986, 0xa986, 0xa986, 0xa986, 0xa986, 0xa986, 0xa986, 0xa986, 0xa986, 0xa986, 0xa986, 0xa986, 0xa986, 0xa986, 
	0xd5b2, 0xd591, 0xc530, 0xc4ce, 0xbc8e, 0xbc8d, 0xb44c, 0xb44c, 0xb42c, 0xb44d, 0xac2c, 0xac0c, 0xac0c, 0xa40c, 0xa40c, 0xa3ec, 
	0x9bac, 0x8bad, 0x8c72, 0x6b6f, 0x2146, 0x8cf7, 0x8cd6, 0x7413, 0x8474, 0x42ad, 0x63b1, 0x6bd2, 0x6bf2, 0x5b4f, 0x4a8d, 0x52ce, 
	0x634f, 0x6b90, 0xcdf6, 0xce17, 0xcdf6, 0xc595, 0xd5f7, 0xd637, 0xd616, 0xd616, 0xd5f6, 0xd616, 0xd5f6, 0xc574, 0xcd94, 0xcdb4, 
	0xbd53, 0xbcf1, 0xbcd1, 0xbcb1, 0xb4b1, 0xb4b0, 0xb4d0, 0xac8f, 0x940d, 0x72e9, 0x732b, 0x738e, 0x5aec, 0x5289, 0x31c6, 0x39a6, 
	0x39a6, 0x39a6, 0x39a6, 0x39c6, 0x39c6, 0x41e7, 0x41e7, 0x39c6, 0x39c6, 0x41e7, 0x41e7, 0x4207, 0x4a28, 0x41e7, 0x41e7, 0x41e7, 
	0x39c6, 0x39c6, 0x41e7, 0x39c6, 0x4207, 0x4a48, 0x4a28, 0x5269, 0x5a8a, 0x5269, 0x5249, 0x4a28, 0x4207, 0x4a28, 0x4a48, 0x4a08, 
	0xa986, 0xa986, 0xa986, 0xa986, 0xa986, 0xa986, 0xa986, 0xa986, 0xa986, 0xa986, 0xa986, 0xa986, 0xa986, 0xa986, 0xa986, 0xa986, 
	0xa986, 0xa986, 0xa986, 0xa986, 0xa986, 0xa986, 0xa986, 0xa986, 0xa986, 0xa986, 0xa986, 0xa986, 0x73b1, 0x73d1, 0x73f1, 0x7c11, 
	0x8cd5, 0x7412, 0xd5f5, 0xd5f4, 0xa986, 0xa986, 0xa986, 0xa986, 0xa986, 0xa986, 0xa986, 0xa986, 0xa986, 0xa986, 0xa986, 0xa986, 
	0xa986, 0xa986, 0xa986, 0xa986, 0xa986, 0xa986, 0xa986, 0xa986, 0xa986, 0xa986, 0xa986, 0xa986, 0xa986, 0xa986, 0xa986, 0xa986, 
	0xcd30, 0xccef, 0xc4ae, 0xbc6d, 0xbc6d, 0xb42c, 0xb42c, 0xb42c, 0xb44c, 0xb42c, 0xb42c, 0xac0c, 0xac0b, 0xa40c, 0xa3cc, 0x93cc, 
	0x738e, 0x7c32, 0x7c73, 0x52ed, 0x428b, 0x6bf2, 0x7434, 0x8cd6, 0x6bd2, 0x6bf2, 0x7412, 0x5b50, 0x5b70, 0x6390, 0x5b2f, 0x4acd, 
	0x4a8d, 0x424b, 0x4aac, 0x6b6f, 0x83f1, 0xa513, 0xd616, 0xd616, 0xd5f6, 0xd616, 0xd5d6, 0xcdd5, 0xd5d6, 0xcdb5, 0xc554, 0xc553, 
	0xbd32, 0xbd11, 0xc512, 0xbcf2, 0xacb1, 0x9450, 0x7b6d, 0x6b4d, 0x52cb, 0x4269, 0x39c7, 0x31a7, 0x3186, 0x39c6, 0x39c6, 0x39c6, 
	0x31c6, 0x39a6, 0x41c7, 0x41e7, 0x39c6, 0x39a6, 0x39a6, 0x4a48, 0x41e7, 0x41c7, 0x4a08, 0x4207, 0x4207, 0x41c7, 0x41c7, 0x39a6, 
	0x39c6, 0x39a6, 0x39c6, 0x39c6, 0x4a48, 0x52aa, 0x52aa, 0x4208, 0x4a28, 0x4a48, 0x4a48, 0x4a48, 0x41c7, 0x4a28, 0x5249, 0x4a28, 
	0xa986, 0xa986, 0xa986, 0xa986, 0xa986, 0xa986, 0xa986, 0xa986, 0xa986, 0xa986, 0xa986, 0xa986, 0xa986, 0xa986, 0xa986, 0xa986, 
	0xa986, 0xa986, 0xa986, 0xa986, 0xa986, 0xa986, 0xa986, 0xa986, 0xa986, 0xa986, 0xa986, 0xa986, 0x73d1, 0x73d1, 0x6bb1, 0x73d0, 
	0x8493, 0xcdd5, 0xde15, 0xd5d3, 0xa986, 0xa986, 0xa986, 0xa986, 0xa986, 0xa986, 0xa986, 0xa986, 0xa986, 0xa986, 0xa986, 0xa986, 
	0xa986, 0xa986, 0xa986, 0xa986, 0xa986, 0xa986, 0xa986, 0xa986, 0xa986, 0xa986, 0xa986, 0xa986, 0xa986, 0xa986, 0xa986, 0xa986, 
	0xccef, 0xc4ae, 0xbc4c, 0xbc4d, 0xb42c, 0xb40c, 0xb42c, 0xb42c, 0xb42c, 0xb42c, 0xb42c, 0xabeb, 0xa40c, 0x9bcb, 0x7bce, 0x5b4f, 
	0x6bf2, 0x84b5, 0x6bf2, 0x634f, 0x4aad, 0x6bb1, 0x6bf2, 0x7c54, 0x7c75, 0x6391, 0x6bb1, 0x422a, 0x73d1, 0x52ee, 0x5b2f, 0x5b0e, 
	0x52cd, 0x424b, 0x3a09, 0x3a09, 0x3a09, 0x31a8, 0x3a09, 0x52cc, 0x4a8b, 0x5acd, 0x5b2d, 0x634e, 0x632e, 0x6b6f, 0x6b4f, 0x634e, 
	0x5acb, 0x4a49, 0x4a6a, 0x3a08, 0x3a09, 0x31c7, 0x31c7, 0x39e7, 0x2986, 0x31a6, 0x31a6, 0x39e7, 0x3186, 0x39c7, 0x39e7, 0x4229, 
	0x4208, 0x4a6a, 0x3a08, 0x31a7, 0x424a, 0x52cc, 0x52aa, 0x52aa, 0x52aa, 0x4a69, 0x39e7, 0x4228, 0x41e7, 0x41e7, 0x39a6, 0x39c6, 
	0x3185, 0x39e7, 0x4208, 0x632d, 0x6b6e, 0x5b0d, 0x632c, 0x5aec, 0x5aec, 0x5acc, 0x528a, 0x4a48, 0x4208, 0x5269, 0x4a48, 0x4a28, 
	0xa986, 0xa986, 0xa986, 0xa986, 0xa986, 0xa986, 0xa986, 0xa986, 0xa986, 0xa986, 0xa986, 0xa986, 0xa986, 0xa986, 0xa986, 0xa986, 
	0xa986, 0xa986, 0xa986, 0xa986, 0xa986, 0xa986, 0xa986, 0xa986, 0xa986, 0xa986, 0xa986, 0xa986, 0x73f2, 0x6b91, 0x73b1, 0x6bf1, 
	0xad34, 0xde56, 0xde14, 0xcd92, 0xa986, 0xa986, 0xa986, 0xa986, 0xa986, 0xa986, 0xa986, 0xa986, 0xa986, 0xa986, 0xa986, 0xa986, 
	0xa986, 0xa986, 0xa986, 0xa986, 0xa986, 0xa986, 0xa986, 0xa986, 0xa986, 0xa986, 0xa986, 0xa986, 0xa986, 0xa986, 0xa986, 0xa986, 
	0xc4ae, 0xbc8d, 0xbc8d, 0xb42c, 0xb44c, 0xb44c, 0xb42c, 0xb44d, 0xbc6d, 0xabeb, 0xac0b, 0x9bec, 0x93cb, 0x7b6d, 0x6370, 0x6bd2, 
	0x7433, 0x7c33, 0x6bf2, 0x5b4f, 0x530e, 0x5b50, 0x6bd1, 0x7c34, 0x94f7, 0x6391, 0x4a8b, 0x31a8, 0x6bd2, 0x7c14, 0x6bd2, 0x52ee, 
	0x52ee, 0x6370, 0x52cd, 0x4a8c, 0x422a, 0x39e9, 0x39e8, 0x31a8, 0x31a8, 0x31a7, 0x31c8, 0x31a7, 0x31a7, 0x31a6, 0x31a6, 0x31a6, 
	0x2986, 0x2946, 0x3186, 0x31a7, 0x2986, 0x31a6, 0x31a6, 0x31a7, 0x39e7, 0x31c7, 0x39e7, 0x4229, 0x4229, 0x4229, 0x424a, 0x528b, 
	0x4a6b, 0x52ac, 0x6390, 0x634f, 0x634f, 0x634f, 0x634f, 0x6b70, 0x634e, 0x632d, 0x4a8a, 0x4228, 0x4207, 0x39a6, 0x39e7, 0x39c6, 
	0x4228, 0x4a8a, 0x636f, 0x5b0e, 0x6b4e, 0x632e, 0x634e, 0x5b0d, 0x632d, 0x634e, 0x634d, 0x5b0b, 0x5289, 0x52a9, 0x52ca, 0x52ca, 
	0xa986, 0xa986, 0xa986, 0xa986, 0xa986, 0xa986, 0xa986, 0xa986, 0xa986, 0xa986, 0xa986, 0xa986, 0xa986, 0xa986, 0xa986, 0xa986, 
	0xa986, 0xa986, 0xa986, 0xa986, 0xa986, 0xa986, 0xa986, 0xa986, 0xa986, 0xa986, 0xa986, 0xa986, 0x6bd1, 0x6bb1, 0x73b1, 0x63b1, 
	0xa986, 0xa986, 0xa986, 0xa986, 0xa986, 0xa986, 0xa986, 0xa986, 0xa986, 0xa986, 0xa986, 0xa986, 0xa986, 0xa986, 0xa986, 0xa986, 
	0xa986, 0xa986, 0xa986, 0xa986, 0xa986, 0xa986, 0xa986, 0xa986, 0xa986, 0xa986, 0xa986, 0xa986, 0xa986, 0xa986, 0xa986, 0xa986, 
	0xa986, 0xa986, 0xa986, 0xa986, 0xb44c, 0xb42c, 0xac2c, 0xabeb, 0xac0c, 0xa3eb, 0xa3ec, 0x9bac, 0x734d, 0x52ee, 0x532f, 0x63b1, 
	0x6bf2, 0x6bf2, 0x6bd1, 0x6390, 0x530e, 0x5b70, 0x5b70, 0x7433, 0x9538, 0x6370, 0x4a6a, 0x6391, 0x7c75, 0x7c34, 0x532f, 0x63b1, 
	0x5b6f, 0x6bb1, 0x52ce, 0x4aad, 0x52cd, 0x52cd, 0x4a8c, 0x4a8b, 0x39e9, 0x39e8, 0x2987, 0x39e8, 0x2966, 0x2125, 0x2966, 0x2986, 
	0x2986, 0x31a7, 0x2986, 0x31a7, 0x39e8, 0x39e8, 0x4229, 0x39e8, 0x3a09, 0x4209, 0x424a, 0x4a6a, 0x4a6b, 0x634e, 0x634f, 0x634f, 
	0x6370, 0x634f, 0x6370, 0x5b0e, 0x636f, 0x636f, 0x6b70, 0x634f, 0x52cb, 0x4a8a, 0x4249, 0x4249, 0x4a69, 0x52aa, 0x4a8a, 0x5aec, 
	0x634e, 0x636f, 0x6b90, 0x6b90, 0x634e, 0x5aed, 0x632e, 0x632d, 0x632d, 0x634e, 0x630d, 0x6b8f, 0xa986, 0xa986, 0xa986, 0xa986, 
	0xa986, 0xa986, 0xa986, 0xa986, 0xa986, 0xa986, 0xa986, 0xa986, 0xa986, 0xa986, 0xa986, 0xa986, 0xa986, 0xa986, 0xa986, 0xa986, 
	0xa986, 0xa986, 0xa986, 0xa986, 0xa986, 0xa986, 0xa986, 0xa986, 0xa986, 0xa986, 0xa986, 0xa986, 0xa986, 0xa986, 0xa986, 0xa986, 
	0xa986, 0xa986, 0xa986, 0xa986, 0xa986, 0xa986, 0xa986, 0xa986, 0xa986, 0xa986, 0xa986, 0xa986, 0xa986, 0xa986, 0xa986, 0xa986, 
	0xa986, 0xa986, 0xa986, 0xa986, 0xa986, 0xa986, 0xa986, 0xa986, 0xa986, 0xa986, 0xa986, 0xa986, 0xa986, 0xa986, 0xa986, 0xa986, 
	0xa986, 0xa986, 0xa986, 0xa986, 0xb42c, 0xb44c, 0xac0c, 0xac0c, 0xa3ec, 0xa3eb, 0x9bcb, 0x7b4c, 0x5aee, 0x52cd, 0x634f, 0x6390, 
	0x6bd1, 0x63b1, 0x63b1, 0x63b0, 0x6370, 0x5b70, 0x5b6f, 0x6bb2, 0x8cd6, 0x6bb1, 0x5b4f, 0x73f3, 0x7c34, 0x6bf2, 0x5b4f, 0x4aad, 
	0x634f, 0x7c53, 0x7c13, 0x634f, 0x5b4f, 0x6370, 0x4aad, 0x4a8c, 0x426b, 0x4a8b, 0x4a4a, 0x424a, 0x424a, 0x31c8, 0x4a6a, 0x39e8, 
	0x3a09, 0x39e8, 0x4229, 0x4229, 0x424a, 0x39e8, 0x4229, 0x4a8b, 0x634f, 0x634f, 0x6350, 0x632f, 0x73d1, 0x6b90, 0x6370, 0x636f, 
	0x5b2f, 0x634f, 0x5b0e, 0x636f, 0x636f, 0x6370, 0x632e, 0x52ab, 0x4a4a, 0x4229, 0x4249, 0x4249, 0x52ab, 0x52cc, 0x52ac, 0x632e, 
	0x6b90, 0x634f, 0x6370, 0x634f, 0x634e, 0x630e, 0x630d, 0x632e, 0x632e, 0x634e, 0x6b6f, 0x6b6f, 0xa986, 0xa986, 0xa986, 0xa986, 
	0xa986, 0xa986, 0xa986, 0xa986, 0xa986, 0xa986, 0xa986, 0xa986, 0xa986, 0xa986, 0xa986, 0xa986, 0xa986, 0xa986, 0xa986, 0xa986, 
	0xa986, 0xa986, 0xa986, 0xa986, 0xa986, 0xa986, 0xa986, 0xa986, 0xa986, 0xa986, 0xa986, 0xa986, 0xa986, 0xa986, 0xa986, 0xa986, 
	0xa986, 0xa986, 0xa986, 0xa986, 0xa986, 0xa986, 0xa986, 0xa986, 0xa986, 0xa986, 0xa986, 0xa986, 0xa986, 0xa986, 0xa986, 0xa986, 
	0xa986, 0xa986, 0xa986, 0xa986, 0xa986, 0xa986, 0xa986, 0xa986, 0xa986, 0xa986, 0xa986, 0xa986, 0xa986, 0xa986, 0xa986, 0xa986, 
	0xa986, 0xa986, 0xa986, 0xa986, 0xb44c, 0xb42c, 0xabec, 0xa3cc, 0x9bcc, 0x93ab, 0x8b8b, 0x52ac, 0x52ee, 0x5b2f, 0x5b2f, 0x6390, 
	0x6bf2, 0x63b1, 0x6bd1, 0x6390, 0x5b70, 0x530e, 0x532f, 0x6bf2, 0x84b5, 0x7c75, 0x7413, 0x8495, 0x7413, 0x530e, 0x52ee, 0x52ad, 
	0x6bb1, 0x7c54, 0x7412, 0x7c53, 0x6bd1, 0x6bb1, 0x6bb1, 0x6370, 0x6b90, 0x6bb1, 0x73f2, 0x5b4f, 0x6390, 0x5b2e, 0x634f, 0x6350, 
	0x6370, 0x634f, 0x6350, 0x634f, 0x634f, 0x632f, 0x6b90, 0x6b70, 0x73d2, 0x6bb1, 0x6b90, 0x6370, 0x6370, 0x5b0e, 0x5b2e, 0x52ed, 
	0x52cd, 0x6b90, 0x6370, 0x636f, 0x634f, 0x5b0d, 0x52ab, 0x4a49, 0x4228, 0x3a08, 0x4a69, 0x52ac, 0x5b0e, 0x632f, 0x5b2f, 0x6b70, 
	0x6b90, 0x6b90, 0x634f, 0x634f, 0x632e, 0x632e, 0x6b4e, 0x6b4f, 0x634e, 0x6b4f, 0x6b4e, 0x6b4f, 0xa986, 0xa986, 0xa986, 0xa986, 
	0xa986, 0xa986, 0xa986, 0xa986, 0xa986, 0xa986, 0xa986, 0xa986, 0xa986, 0xa986, 0xa986, 0xa986, 0xa986, 0xa986, 0xa986, 0xa986, 
	0xa986, 0xa986, 0xa986, 0xa986, 0xa986, 0xa986, 0xa986, 0xa986, 0xa986, 0xa986, 0xa986, 0xa986, 0xa986, 0xa986, 0xa986, 0xa986, 
	0xa986, 0xa986, 0xa986, 0xa986, 0xa986, 0xa986, 0xa986, 0xa986, 0xa986, 0xa986, 0xa986, 0xa986, 0xa986, 0xa986, 0xa986, 0xa986, 
	0xa986, 0xa986, 0xa986, 0xa986, 0xa986, 0xa986, 0xa986, 0xa986, 0xa986, 0xa986, 0xa986, 0xa986, 0xa986, 0xa986, 0xa986, 0xa986, 
	0xa986, 0xa986, 0xa986, 0xa986, 0xac0d, 0xabec, 0xabcc, 0xa3cc, 0x9bcb, 0x8b6a, 0x5a89, 0x4a8c, 0x5b0f, 0x5b0e, 0x5b2f, 0x63b0, 
	0x63b1, 0x6bf1, 0x6390, 0x5b6f, 0x6390, 0x5b2f, 0x5b70, 0x63b1, 0x8cd6, 0x8495, 0x7c34, 0x7c54, 0x6bf2, 0x6b90, 0x52ee, 0x5b2f, 
	0x5b6f, 0x7c53, 0x7412, 0x7c33, 0x6bd1, 0x6390, 0x6b90, 0x6bb1, 0x6bb1, 0x6370, 0x6bb1, 0x6b90, 0x6b90, 0x73d1, 0x6bb1, 0x73d1, 
	0x73d1, 0x6bb1, 0x6bb1, 0x6b91, 0x6350, 0x6b90, 0x6b90, 0x636f, 0x5b2f, 0x5b2e, 0x5aee, 0x5b2e, 0x636f, 0x636f, 0x634f, 0x634f, 
	0x6b90, 0x636f, 0x73b0, 0x5b0d, 0x5acc, 0x4249, 0x3a08, 0x4249, 0x4228, 0x4a6a, 0x52cd, 0x5b0e, 0x5b2e, 0x634f, 0x6b90, 0x6370, 
	0x6b70, 0x6b70, 0x6b90, 0x636f, 0x632e, 0x6b4f, 0x6b4e, 0x634e, 0x6b4e, 0x632e, 0x6b6f, 0x634e, 0xa986, 0xa986, 0xa986, 0xa986, 
	0xa986, 0xa986, 0xa986, 0xa986, 0xa986, 0xa986, 0xa986, 0xa986, 0xa986, 0xa986, 0xa986, 0xa986, 0xa986, 0xa986, 0xa986, 0xa986, 
	0xa986, 0xa986, 0xa986, 0xa986, 0xa986, 0xa986, 0xa986, 0xa986, 0xa986, 0xa986, 0xa986, 0xa986, 0xa986, 0xa986, 0xa986, 0xa986, 
	0xa986, 0xa986, 0xa986, 0xa986, 0xa986, 0xa986, 0xa986, 0xa986, 0xa986, 0xa986, 0xa986, 0xa986, 0xa986, 0xa986, 0xa986, 0xa986, 
	0xa986, 0xa986, 0xa986, 0xa986, 0xa986, 0xa986, 0xa986, 0xa986, 0xa986, 0xa986, 0xa986, 0xa986, 0xa986, 0xa986, 0xa986, 0xa986, 
	0xa986, 0xa986, 0xa986, 0xa986, 0xac0d, 0xabec, 0xa3ec, 0x9bcb, 0x8b8a, 0x838c, 0x3a08, 0x426a, 0x5b2f, 0x5b0e, 0x5b4f, 0x63b1, 
	0x6390, 0x63b1, 0x6bf2, 0x5b70, 0x5b70, 0x530e, 0x5b4f, 0x7412, 0x8cb6, 0x7c34, 0x73f3, 0x7412, 0x7433, 0x6bb1, 0x6370, 0x52ee, 
	0x634f, 0x6bb1, 0x6bd1, 0x6bb1, 0x6370, 0x6390, 0x6370, 0x6390, 0x6370, 0x6370, 0x634f, 0x6390, 0x6bb1, 0x6bb1, 0x73b1, 0x6b91, 
	0x6b91, 0x6b70, 0x6b91, 0x6b90, 0x632f, 0x5b2f, 0x5b0e, 0x632f, 0x5b0e, 0x52ed, 0x5b0e, 0x5b0e, 0x5b0e, 0x636f, 0x634f, 0x5b2f, 
	0x632f, 0x5b0d, 0x5acc, 0x52ac, 0x4208, 0x3a08, 0x4228, 0x4229, 0x528b, 0x52cc, 0x5b0e, 0x634f, 0x634f, 0x634f, 0x6370, 0x6370, 
	0x73f2, 0x6b90, 0x634f, 0x6bb0, 0x6b6f, 0x634e, 0x6b4f, 0x6b6f, 0x6b4f, 0x6b8f, 0x738f, 0x6b6f, 0xa986, 0xa986, 0xa986, 0xa986, 
	0xa986, 0xa986, 0xa986, 0xa986, 0xa986, 0xa986, 0xa986, 0xa986, 0xa986, 0xa986, 0xa986, 0xa986, 0xa986, 0xa986, 0xa986, 0xa986, 
	0xa986, 0xa986, 0xa986, 0xa986, 0xa986, 0xa986, 0xa986, 0xa986, 0xa986, 0xa986, 0xa986, 0xa986, 0xa986, 0xa986, 0xa986, 0xa986, 
	0xa986, 0xa986, 0xa986, 0xa986, 0xa986, 0xa986, 0xa986, 0xa986, 0xa986, 0xa986, 0xa986, 0xa986, 0xa986, 0xa986, 0xa986, 0xa986, 
	0xa986, 0xa986, 0xa986, 0xa986, 0xa986, 0xa986, 0xa986, 0xa986, 0xa986, 0xa986, 0xa986, 0xa986, 0xa986, 0xa986, 0xa986, 0xa986, 
	0xa986, 0xa986, 0xa986, 0xa986, 0xabec, 0xa3cc, 0x9bcb, 0x9bab, 0x8b8b, 0x4a69, 0x3a09, 0x428a, 0x530e, 0x634f, 0x5b4f, 0x5b4f, 
	0x6390, 0x6bb1, 0x6bb1, 0x6390, 0x532f, 0x532f, 0x6390, 0x63b1, 0x8495, 0x7c74, 0x7413, 0x7433, 0x7413, 0x73f2, 0x6bb1, 0x5b4f, 
	0x5b4f, 0x6b90, 0x6390, 0x6390, 0x6390, 0x634f, 0x6390, 0x6370, 0x634f, 0x6b90, 0x6b90, 0x6b91, 0x6b70, 0x5b0f, 0x5b0f, 0x52cd, 
	0x426b, 0x4a8c, 0x4a8c, 0x4aac, 0x52cd, 0x6b70, 0x5b2e, 0x6370, 0x5b2f, 0x5aee, 0x5b2e, 0x5b2e, 0x5b0e, 0x5b2e, 0x5b2e, 0x52cd, 
	0x5b0d, 0x52cc, 0x4a6a, 0x39e8, 0x3a08, 0x3a08, 0x4229, 0x52cc, 0x5b0d, 0x5b2e, 0x634f, 0x5b2e, 0x634f, 0x6b90, 0x6bb1, 0x6bb1, 
	0x6b90, 0x5aed, 0x5aec, 0x52ac, 0x5acc, 0x5aec, 0x5b0d, 0x634e, 0x6b8f, 0x634e, 0x738f, 0x6b6f, 0xa986, 0xa986, 0xa986, 0xa986, 
	0xa986, 0xa986, 0xa986, 0xa986, 0xa986, 0xa986, 0xa986, 0xa986, 0xa986, 0xa986, 0xa986, 0xa986, 0xa986, 0xa986, 0xa986, 0xa986, 
	0xa986, 0xa986, 0xa986, 0xa986, 0xa986, 0xa986, 0xa986, 0xa986, 0xa986, 0xa986, 0xa986, 0xa986, 0xa986, 0xa986, 0xa986, 0xa986, 
	0xa986, 0xa986, 0xa986, 0xa986, 0xa986, 0xa986, 0xa986, 0xa986, 0xa986, 0xa986, 0xa986, 0xa986, 0xa986, 0xa986, 0xa986, 0xa986, 
	0xa986, 0xa986, 0xa986, 0xa986, 0xa986, 0xa986, 0xa986, 0xa986, 0xa986, 0xa986, 0xa986, 0xa986, 0xa986, 0xa986, 0xa986, 0xa986, 
	0xa986, 0xa986, 0xa986, 0xa986, 0xa3eb, 0x9bcb, 0x938b, 0x93ab, 0x7b6c, 0x31c8, 0x52cc, 0x4a8c, 0x52ee, 0x6370, 0x6370, 0x6390, 
	0x5b2f, 0x63b1, 0x6391, 0x63b1, 0x6bb1, 0x6391, 0x63b1, 0x6bd2, 0x7c34, 0x8495, 0x6bd2, 0x7413, 0x6bd2, 0x73f2, 0x6bb1, 0x63b0, 
	0x6b91, 0x6b90, 0x73f2, 0x6b70, 0x6b70, 0x6b91, 0x6b90, 0x6bb1, 0x6b90, 0x6b90, 0x6b70, 0x6370, 0x5b2f, 0x52ed, 0x4a6b, 0x52cd, 
	0x52ee, 0x5b2e, 0x6b90, 0x636f, 0x5b0e, 0x5b0e, 0x5b0e, 0x5b2f, 0x52ee, 0x52ee, 0x5b2f, 0x5b2f, 0x634f, 0x634f, 0x632e, 0x5acd, 
	0x528b, 0x3a08, 0x39c8, 0x4208, 0x39e8, 0x4a6a, 0x52cc, 0x5aed, 0x5b2e, 0x52cc, 0x5aed, 0x5b2e, 0x634f, 0x634f, 0x5b2e, 0x5aec, 
	0x52ab, 0x52aa, 0x52aa, 0x52aa, 0x52aa, 0x52aa, 0x4a8a, 0x4a8a, 0x52cb, 0x5aec, 0x6b6f, 0x6b8f, 0xa986, 0xa986, 0xa986, 0xa986, 
	0xa986, 0xa986, 0xa986, 0xa986, 0xa986, 0xa986, 0xa986, 0xa986, 0xa986, 0xa986, 0xa986, 0xa986, 0xa986, 0xa986, 0xa986, 0xa986, 
	0xa986, 0xa986, 0xa986, 0xa986, 0xa986, 0xa986, 0xa986, 0xa986, 0xa986, 0xa986, 0xa986, 0xa986, 0xa986, 0xa986, 0xa986, 0xa986, 
	0xa986, 0xa986, 0xa986, 0xa986, 0xa986, 0xa986, 0xa986, 0xa986, 0xa986, 0xa986, 0xa986, 0xa986, 0xa986, 0xa986, 0xa986, 0xa986, 
	0xa986, 0xa986, 0xa986, 0xa986, 0xa986, 0xa986, 0xa986, 0xa986, 0xa986, 0xa986, 0xa986, 0xa986, 0xa986, 0xa986, 0xa986, 0xa986, 
	0xa986, 0xa986, 0xa986, 0xa986, 0x9bcc, 0x9bcb, 0x938a, 0x838c, 0x426a, 0x3209, 0x5b0e, 0x4a8c, 0x52ed, 0x6370, 0x5b4f, 0x5b6f, 
	0x6bd1, 0x6bf2, 0x6bb1, 0x6391, 0x6bd2, 0x6bd2, 0x6bf2, 0x7413, 0x7414, 0x8496, 0x73f3, 0x7412, 0x6bd2, 0x73d1, 0x6bd1, 0x6bd1, 
	0x6370, 0x6bb1, 0x6b70, 0x6bb0, 0x634f, 0x634f, 0x5b0e, 0x634f, 0x7bf2, 0x6bb1, 0x6370, 0x6370, 0x6370, 0x73d1, 0x6bb0, 0x632f, 
	0x636f, 0x5b2e, 0x5b0e, 0x5b2f, 0x5b2e, 0x5b0e, 0x5b0e, 0x52ee, 0x632f, 0x5b2e, 0x634f, 0x634e, 0x5b2e, 0x52cc, 0x528b, 0x4249, 
	0x39e8, 0x3a08, 0x4a49, 0x4249, 0x5aec, 0x5b0d, 0x52cc, 0x4a4b, 0x52ac, 0x4a6a, 0x4a6a, 0x4a69, 0x4aaa, 0x52ab, 0x4a8a, 0x52cb, 
	0x52aa, 0x4a8a, 0x4a8a, 0x5289, 0x5289, 0x5289, 0x4a48, 0x52ca, 0x52aa, 0x52cb, 0x632e, 0x6b6f, 0xa986, 0xa986, 0xa986, 0xa986, 
	0xa986, 0xa986, 0xa986, 0xa986, 0xa986, 0xa986, 0xa986, 0xa986, 0xa986, 0xa986, 0xa986, 0xa986, 0xa986, 0xa986, 0xa986, 0xa986, 
	0xa986, 0xa986, 0xa986, 0xa986, 0xa986, 0xa986, 0xa986, 0xa986, 0xa986, 0xa986, 0xa986, 0xa986, 0xa986, 0xa986, 0xa986, 0xa986, 
	0xcdb3, 0xd5d3, 0xcdb2, 0xcd92, 0xa986, 0xa986, 0xa986, 0xa986, 0xa986, 0xa986, 0xa986, 0xa986, 0xa986, 0xa986, 0xa986, 0xa986, 
	0xa986, 0xa986, 0xa986, 0xa986, 0xa986, 0xa986, 0xa986, 0xa986, 0xa986, 0xa986, 0xa986, 0xa986, 0xa986, 0xa986, 0xa986, 0xa986, 
	0xac2c, 0xabeb, 0xabeb, 0xa3eb, 0x9bcb, 0x9bcb, 0x8b4a, 0x5aeb, 0x3a0a, 0x52cc, 0x4a8c, 0x426b, 0x5b2e, 0x634f, 0x6390, 0x5b70, 
	0x6bd1, 0x6391, 0x63b1, 0x6bd1, 0x6bd1, 0x63b1, 0x6bd2, 0x63b2, 0x73f3, 0x7c34, 0x7c74, 0x7433, 0x6bf2, 0x73d1, 0x6bb1, 0x6bd1, 
	0x634f, 0x6350, 0x634f, 0x634f, 0x5b2f, 0x636f, 0x6370, 0x6b70, 0x634f, 0x6bb1, 0x73f2, 0x6370, 0x6b90, 0x6370, 0x5b2f, 0x5b0e, 
	0x634f, 0x632f, 0x5b0e, 0x6370, 0x5b2e, 0x5b2f, 0x5b0e, 0x52ed, 0x52cd, 0x634f, 0x632e, 0x52cc, 0x52cc, 0x4a8b, 0x4a4a, 0x4229, 
	0x3a08, 0x3a08, 0x4a6a, 0x5b0d, 0x5b0d, 0x630d, 0x528b, 0x4249, 0x4a69, 0x4249, 0x4a69, 0x4a69, 0x3a08, 0x52aa, 0x52cb, 0x52cb, 
	0x52aa, 0x52ca, 0x52cb, 0x52a9, 0x4a89, 0x5aca, 0x52a9, 0x5aca, 0x528a, 0x5aeb, 0x5b0c, 0x6b6f, 0x632e, 0x634e, 0x52cc, 0x4a8b, 
	0xa986, 0xa986, 0xa986, 0xa986, 0xa986, 0xa986, 0xa986, 0xa986, 0xa986, 0xa986, 0xa986, 0xa986, 0xa986, 0xa986, 0xa986, 0xa986, 
	0xa986, 0xa986, 0xa986, 0xa986, 0xa986, 0xa986, 0xa986, 0xa986, 0xa986, 0xa986, 0xa986, 0xa986, 0x6bd1, 0x6bf2, 0x6bf1, 0x6390, 
	0xcd92, 0xd5d3, 0xd5f3, 0xcdb2, 0xa986, 0xa986, 0xa986, 0xa986, 0xa986, 0xa986, 0xa986, 0xa986, 0xa986, 0xa986, 0xa986, 0xa986, 
	0xa986, 0xa986, 0xa986, 0xa986, 0xa986, 0xa986, 0xa986, 0xa986, 0xa986, 0xa986, 0xa986, 0xa986, 0xa986, 0xa986, 0xa986, 0xa986, 
	0xb42c, 0xac2c, 0xa3eb, 0x9bcb, 0x9bab, 0x8b6a, 0x732b, 0x4a8b, 0x4aad, 0x52cd, 0x426a, 0x426b, 0x634f, 0x5b4f, 0x5b2f, 0x6bd1, 
	0x6391, 0x7413, 0x6391, 0x6bb1, 0x63b1, 0x6bd2, 0x6bd1, 0x6bd2, 0x73f3, 0x73f3, 0x7434, 0x8475, 0x6bf2, 0x7c12, 0x73d1, 0x6370, 
	0x5b2f, 0x632f, 0x5b0e, 0x6b90, 0x73d1, 0x6b90, 0x6bb1, 0x634f, 0x634e, 0x5b0d, 0x4aac, 0x52cc, 0x4aac, 0x4aac, 0x5b0e, 0x634f, 
	0x5b2e, 0x52cd, 0x5b2e, 0x5b0e, 0x5aee, 0x5b2e, 0x5b0e, 0x634e, 0x5b0d, 0x634e, 0x5b0d, 0x5acc, 0x52ab, 0x4249, 0x39e8, 0x4249, 
	0x4a6a, 0x52ab, 0x634e, 0x630d, 0x630d, 0x4a6a, 0x4249, 0x4a8a, 0x4a69, 0x4a69, 0x4a69, 0x4249, 0x4a8a, 0x52cb, 0x52cb, 0x5aeb, 
	0x52cb, 0x5aeb, 0x4a69, 0x5289, 0x5289, 0x4a69, 0x52a9, 0x52aa, 0x4a49, 0x528a, 0x52aa, 0x52ab, 0x52cb, 0x5aec, 0x52ab, 0x52cc, 
	0xa986, 0xa986, 0xa986, 0xa986, 0xa986, 0xa986, 0xa986, 0xa986, 0xa986, 0xa986, 0xa986, 0xa986, 0xa986, 0xa986, 0xa986, 0xa986, 
	0xa986, 0xa986, 0xa986, 0xa986, 0xa986, 0xa986, 0xa986, 0xa986, 0xa986, 0xa986, 0xa986, 0xa986, 0x6bf2, 0x7412, 0x6bf1, 0x6390, 
	0xd592, 0xd5d3, 0xddd3, 0xd5b3, 0xa986, 0xa986, 0xa986, 0xa986, 0xa986, 0xa986, 0xa986, 0xa986, 0xa986, 0xa986, 0xa986, 0xa986, 
	0xa986, 0xa986, 0xa986, 0xa986, 0xa986, 0xa986, 0xa986, 0xa986, 0xa986, 0xa986, 0xa986, 0xa986, 0xa986, 0xa986, 0xa986, 0xa986, 
	0xac0c, 0xa3ec, 0x9bcb, 0x9bab, 0x938a, 0x8b8b, 0x52cb, 0x52cc, 0x52cd, 0x52ad, 0x4aad, 0x4a8c, 0x52ee, 0x530e, 0x6370, 0x6390, 
	0x6bf2, 0x7413, 0x6370, 0x6391, 0x6bd2, 0x6391, 0x63b1, 0x7413, 0x7413, 0x7434, 0x6bd2, 0x7434, 0x7413, 0x6bd1, 0x6bb1, 0x6bd1, 
	0x6bd1, 0x6bb1, 0x6bd1, 0x6bb0, 0x6b90, 0x634e, 0x5b0d, 0x5b2e, 0x5b0d, 0x52ec, 0x4aac, 0x4aac, 0x4aac, 0x52cc, 0x5b0e, 0x5b2e, 
	0x5b0e, 0x5b0e, 0x52ee, 0x52cd, 0x5b0e, 0x634f, 0x52ed, 0x5b0d, 0x4aac, 0x52cc, 0x52ed, 0x4a6a, 0x424a, 0x3a09, 0x4229, 0x4a6a, 
	0x52cc, 0x5aed, 0x632e, 0x52cc, 0x4a6a, 0x4a8a, 0x4a69, 0x4249, 0x4a69, 0x4a69, 0x4a8a, 0x4a69, 0x4a8a, 0x52ab, 0x52cb, 0x5aec, 
	0x52cb, 0x52aa, 0x528a, 0x52a9, 0x5aea, 0x5289, 0x52a9, 0x4a89, 0x4a68, 0x52aa, 0x528a, 0x4a69, 0x4249, 0x4a8a, 0x4a8a, 0x630d, 
	0xa986, 0xa986, 0xa986, 0xa986, 0xa986, 0xa986, 0xa986, 0xa986, 0xa986, 0xa986, 0xa986, 0xa986, 0xa986, 0xa986, 0xa986, 0xa986, 
	0xa986, 0xa986, 0xa986, 0xa986, 0xa986, 0xa986, 0xa986, 0xa986, 0xa986, 0xa986, 0xa986, 0xa986, 0x6bf2, 0x6bf1, 0x63b0, 0x5b4f, 
	0xd592, 0xd592, 0xd592, 0xcd92, 0xa986, 0xa986, 0xa986, 0xa986, 0xa986, 0xa986, 0xa986, 0xa986, 0xa986, 0xa986, 0xa986, 0xa986, 
	0xa986, 0xa986, 0xa986, 0xa986, 0xa986, 0xa986, 0xa986, 0xa986, 0xa986, 0xa986, 0xa986, 0xa986, 0xa986, 0xa986, 0xa986, 0xa986, 
	0xac0c, 0xa3eb, 0x938a, 0x938b, 0x8b49, 0x6b0a, 0x428b, 0x4a8b, 0x52cd, 0x4aac, 0x426b, 0x4aad, 0x530e, 0x634f, 0x6bb1, 0x6bd1, 
	0x5b4f, 0x6bd2, 0x6bd2, 0x6391, 0x63b1, 0x6391, 0x63b1, 0x6bd2, 0x7412, 0x7413, 0x7c54, 0x73f3, 0x6370, 0x7433, 0x73f2, 0x6b90, 
	0x6370, 0x6bd1, 0x6bb0, 0x5b2e, 0x5b2e, 0x52ed, 0x52ed, 0x4aab, 0x4a8b, 0x4a8b, 0x52cc, 0x52ec, 0x5b0d, 0x5b0d, 0x5b2e, 0x426b, 
	0x52cc, 0x52cd, 0x4a8b, 0x634e, 0x5b0d, 0x52cc, 0x52ed, 0x632e, 0x52ab, 0x5aec, 0x52ab, 0x4a4a, 0x4229, 0x4229, 0x528b, 0x5aed, 
	0x5b2e, 0x5b0d, 0x4a8b, 0x4a8a, 0x4a69, 0x4249, 0x4a8a, 0x4a69, 0x4a8a, 0x4249, 0x4a89, 0x4a8a, 0x4a8a, 0x52cb, 0x52ab, 0x5b0c, 
	0x5acb, 0x5aeb, 0x5acb, 0x5289, 0x52a9, 0x4a68, 0x4a68, 0x4a69, 0x4a69, 0x4a69, 0x4a69, 0x4a69, 0x4a69, 0x4a6a, 0x528a, 0x52ab, 
	0xa986, 0xa986, 0xa986, 0xa986, 0xa986, 0xa986, 0xa986, 0xa986, 0xa986, 0xa986, 0xa986, 0xa986, 0xa986, 0xa986, 0xa986, 0xa986, 
	0xa986, 0xa986, 0xa986, 0xa986, 0xa986, 0xa986, 0xa986, 0xa986, 0xa986, 0xa986, 0xa986, 0xa986, 0x7412, 0x6bd1, 0x6390, 0x6390, 
	0xd592, 0xd592, 0xd5b3, 0xd592, 0xd592, 0xd592, 0xd5b3, 0xd5b3, 0xa986, 0xa986, 0xa986, 0xa986, 0xa986, 0xa986, 0xa986, 0xa986, 
	0xa986, 0xa986, 0xa986, 0xa986, 0xa986, 0xa986, 0xa986, 0xa986, 0xa986, 0xa986, 0xa986, 0xa986, 0xb42c, 0xb42c, 0xac0c, 0xac0c, 
	0xabec, 0x9bcb, 0x936a, 0x8b6a, 0x7b4a, 0x4a6a, 0x4a6b, 0x4aac, 0x4aac, 0x426b, 0x4a8c, 0x52ce, 0x6370, 0x6bb1, 0x6bf1, 0x63b1, 
	0x5b70, 0x6390, 0x6bd2, 0x63b1, 0x63b1, 0x63b1, 0x6bf2, 0x6bd1, 0x7413, 0x6bf2, 0x6391, 0x5b70, 0x8cf6, 0x7c33, 0x7412, 0x6bd1, 
	0x6390, 0x6bd1, 0x6390, 0x5b2e, 0x5b0d, 0x4aac, 0x4aac, 0x52cc, 0x52cc, 0x52ec, 0x52ec, 0x5b2e, 0x636f, 0x52ed, 0x52ec, 0x52cc, 
	0x5b0d, 0x5b0d, 0x5b0d, 0x5b0d, 0x5b0d, 0x5b0d, 0x52cc, 0x4a8b, 0x4a8b, 0x4a4a, 0x4229, 0x4a8b, 0x4a8b, 0x52ac, 0x5aed, 0x6b8f, 
	0x5b0d, 0x52cc, 0x52ab, 0x4a6a, 0x4249, 0x4a69, 0x4a8a, 0x4a69, 0x5aeb, 0x52aa, 0x4a8a, 0x4a8a, 0x52ab, 0x5aeb, 0x5aeb, 0x52cb, 
	0x5aec, 0x5acb, 0x5acb, 0x528a, 0x4a69, 0x4a69, 0x4a69, 0x4a48, 0x52aa, 0x4248, 0x4a48, 0x4a89, 0x4a48, 0x52aa, 0x4228, 0x4a49, 
	0x4a8a, 0x4a8b, 0x632d, 0x6b6f, 0xa986, 0xa986, 0xa986, 0xa986, 0xa986, 0xa986, 0xa986, 0xa986, 0xa986, 0xa986, 0xa986, 0xa986, 
	0xa986, 0xa986, 0xa986, 0xa986, 0xa986, 0xa986, 0xa986, 0xa986, 0x73f2, 0x7413, 0x7433, 0x7413, 0x6bf1, 0x6bf2, 0x6390, 0x6390, 
	0xcd72, 0xc551, 0xcd51, 0xc531, 0xc531, 0xc551, 0xcd92, 0xcd51, 0xa986, 0xa986, 0xa986, 0xa986, 0xa986, 0xa986, 0xa986, 0xa986, 
	0xa986, 0xa986, 0xa986, 0xa986, 0xa986, 0xa986, 0xa986, 0xa986, 0xa986, 0xa986, 0xa986, 0xa986, 0xb42c, 0xb42c, 0xabeb, 0xa3cb, 
	0x9bcb, 0x938b, 0x93ab, 0x8b4a, 0x62ca, 0x426a, 0x4a4a, 0x4a8b, 0x52ac, 0x4a8c, 0x52ee, 0x634f, 0x6bd1, 0x6390, 0x6bb1, 0x5b70, 
	0x6370, 0x6390, 0x6bd1, 0x6390, 0x5b70, 0x63b0, 0x6390, 0x6390, 0x5b70, 0x6bf2, 0x7413, 0x7412, 0x6bd2, 0x63b1, 0x6bd1, 0x73d1, 
	0x6370, 0x6bb0, 0x5b2e, 0x5b4f, 0x5b0e, 0x634e, 0x4aac, 0x5b2e, 0x52ed, 0x5b0d, 0x52ec, 0x634e, 0x5b0d, 0x5b0d, 0x52ec, 0x52cc, 
	0x5b0d, 0x4aac, 0x4aac, 0x52ed, 0x52cc, 0x52cc, 0x426a, 0x52ab, 0x52ab, 0x52cc, 0x5aec, 0x5b0d, 0x4a8b, 0x52ac, 0x630d, 0x5aed, 
	0x52ab, 0x52ab, 0x4a8a, 0x4a8a, 0x4a8a, 0x52ab, 0x4a8a, 0x4a69, 0x4a89, 0x4a69, 0x52aa, 0x52cb, 0x52ab, 0x5aec, 0x5b0c, 0x5aec, 
	0x52cb, 0x52cb, 0x52aa, 0x4a69, 0x5289, 0x5289, 0x4a69, 0x4a69, 0x4a48, 0x4a48, 0x4a68, 0x4a69, 0x4228, 0x4228, 0x5289, 0x4a69, 
	0x528a, 0x52ab, 0x52ab, 0x5b0d, 0xa986, 0xa986, 0xa986, 0xa986, 0xa986, 0xa986, 0xa986, 0xa986, 0xa986, 0xa986, 0xa986, 0xa986, 
	0xa986, 0xa986, 0xa986, 0xa986, 0xa986, 0xa986, 0xa986, 0xa986, 0x6bf2, 0x7413, 0x7413, 0x6bd2, 0x7412, 0x5b4f, 0x6390, 0x6390, 
	0xcd51, 0xcd72, 0xcd72, 0xcd51, 0xcd51, 0xd592, 0xcd72, 0xd572, 0xa986, 0xa986, 0xa986, 0xa986, 0xa986, 0xa986, 0xa986, 0xa986, 
	0xa986, 0xa986, 0xa986, 0xa986, 0xa986, 0xa986, 0xa986, 0xa986, 0xa986, 0xa986, 0xa986, 0xa986, 0xac0c, 0xa3cb, 0xa3cc, 0x9bcb, 
	0x9bab, 0x938a, 0x8b4a, 0x834a, 0x4a6a, 0x4a6a, 0x4a8b, 0x4a8c, 0x4a8c, 0x4aac, 0x530e, 0x5b6f, 0x73f2, 0x6bb1, 0x6390, 0x6370, 
	0x5b4f, 0x6390, 0x5b70, 0x5b4f, 0x5b6f, 0x6bb1, 0x63b1, 0x7413, 0x63b1, 0x7413, 0x6bf2, 0x63b1, 0x7c54, 0x6bd2, 0x6bd1, 0x73f2, 
	0x6bf1, 0x73d1, 0x6390, 0x530e, 0x634f, 0x5b0d, 0x52ed, 0x52ed, 0x52cc, 0x5b2e, 0x4a8b, 0x4aac, 0x4aab, 0x5b0d, 0x4aac, 0x5b0d, 
	0x52cc, 0x52ed, 0x52ed, 0x52ed, 0x52ed, 0x4aac, 0x5aed, 0x632e, 0x5aec, 0x5aec, 0x424a, 0x4a4a, 0x52ab, 0x6b4e, 0x634e, 0x5aec, 
	0x4a8b, 0x4a8a, 0x4a8a, 0x4a8a, 0x4a6a, 0x4249, 0x4a69, 0x4a69, 0x4a8a, 0x52aa, 0x5aeb, 0x52ab, 0x52cb, 0x5aec, 0x52cb, 0x52cb, 
	0x52aa, 0x5acb, 0x528a, 0x528a, 0x528a, 0x4a48, 0x4a68, 0x4a68, 0x4a69, 0x4a48, 0x4a48, 0x4a69, 0x4a69, 0x4a69, 0x5289, 0x52a9, 
	0x52aa, 0x528a, 0x52aa, 0x52ab, 0xa986, 0xa986, 0xa986, 0xa986, 0xa986, 0xa986, 0xa986, 0xa986, 0xa986, 0xa986, 0xa986, 0xa986, 
	0xa986, 0xa986, 0xa986, 0xa986, 0xa986, 0xa986, 0xa986, 0xa986, 0x7413, 0x7413, 0x7412, 0x7413, 0x6bf1, 0x63b1, 0x5b6f, 0x5b70, 
	0xcd51, 0xcd51, 0xc531, 0xc510, 0xcd51, 0xcd72, 0xcd72, 0xcd51, 0xa986, 0xa986, 0xa986, 0xa986, 0xa986, 0xa986, 0xa986, 0xa986, 
	0xa986, 0xa986, 0xa986, 0xa986, 0xa986, 0xa986, 0xa986, 0xa986, 0xa986, 0xa986, 0xa986, 0xa986, 0xac0b, 0xa3cb, 0xa3cb, 0x9b8a, 
	0x938a, 0x8b6b, 0x8b49, 0x6b2b, 0x52ab, 0x39e9, 0x4a8b, 0x52cd, 0x52cd, 0x52cd, 0x532e, 0x6bd1, 0x6bf1, 0x6370, 0x6370, 0x6bd1, 
	0x6390, 0x63b1, 0x6bd1, 0x6390, 0x6bd1, 0x6bf2, 0x63b1, 0x63b1, 0x63b0, 0x6bb1, 0x6390, 0x7412, 0x7413, 0x6bf2, 0x6bf2, 0x6bf2, 
	0x7412, 0x636f, 0x636f, 0x6390, 0x5b0e, 0x52ed, 0x52cd, 0x52cd, 0x52cd, 0x52ed, 0x52ed, 0x5b0d, 0x5b0d, 0x4aac, 0x52ec, 0x52ed, 
	0x52ed, 0x5b2e, 0x5b0d, 0x5b0d, 0x634e, 0x634e, 0x5aed, 0x5acc, 0x52cc, 0x4a4a, 0x4a8b, 0x52cc, 0x5aed, 0x5acc, 0x4a6a, 0x4a8a, 
	0x52aa, 0x4a8a, 0x4a8a, 0x4a69, 0x4a69, 0x52cb, 0x4a89, 0x4a8a, 0x52aa, 0x4a89, 0x4a8a, 0x4a8a, 0x52cb, 0x632c, 0x5aec, 0x52cb, 
	0x6b4d, 0x52aa, 0x52aa, 0x52a9, 0x5289, 0x4a68, 0x4a68, 0x52aa, 0x4a48, 0x4a48, 0x4a48, 0x5289, 0x5289, 0x4a68, 0x5289, 0x4a69, 
	0x52ca, 0x52aa, 0x528a, 0x5acb, 0xa986, 0xa986, 0xa986, 0xa986, 0xa986, 0xa986, 0xa986, 0xa986, 0xa986, 0xa986, 0xa986, 0xa986, 
	0xa986, 0xa986, 0xa986, 0xa986, 0xa986, 0xa986, 0xa986, 0xa986, 0x7413, 0x7433, 0x7413, 0x6bf2, 0x6bd1, 0x6390, 0x5b4f, 0x5b70, 
	0xc551, 0xcd31, 0xc510, 0xcd51, 0xcd31, 0xcd51, 0xc531, 0xcd72, 0xcd51, 0xcd52, 0xcd52, 0xcd51, 0xa986, 0xa986, 0xa986, 0xa986, 
	0xa986, 0xa986, 0xa986, 0xa986, 0xa986, 0xa986, 0xa986, 0xa986, 0xb44d, 0xac0c, 0xb42c, 0xac0c, 0xabeb, 0xa3cb, 0xa3cb, 0x938a, 
	0x8b4a, 0x8b2a, 0x836a, 0x5aeb, 0x4229, 0x3a09, 0x4a8c, 0x52ed, 0x530e, 0x5b0e, 0x6390, 0x5b4f, 0x7412, 0x6bf1, 0x6bf1, 0x6bd1, 
	0x63b1, 0x6bb1, 0x5b70, 0x532f, 0x63b1, 0x6bd1, 0x63b1, 0x6390, 0x5b70, 0x6bd1, 0x7412, 0x63b1, 0x63b0, 0x6bd1, 0x63b1, 0x6bf1, 
	0x6bd1, 0x6390, 0x6390, 0x52ed, 0x634f, 0x5b0e, 0x5b0e, 0x634f, 0x5b0e, 0x5b2f, 0x5b0e, 0x52ed, 0x5b0d, 0x52ed, 0x52ed, 0x52cd, 
	0x5aee, 0x5b0e, 0x634e, 0x634e, 0x4a4a, 0x4a4a, 0x4a8b, 0x4a6a, 0x4a6a, 0x4a8b, 0x52cc, 0x634e, 0x632e, 0x52ab, 0x4a69, 0x4a8a, 
	0x4a8a, 0x52aa, 0x52aa, 0x52aa, 0x4a69, 0x4a69, 0x52aa, 0x4a89, 0x52aa, 0x52cb, 0x4a8a, 0x52ab, 0x5b0c, 0x52cb, 0x5aec, 0x5aeb, 
	0x5aeb, 0x4a69, 0x4a69, 0x4a69, 0x5289, 0x4a68, 0x4a69, 0x4a48, 0x4207, 0x4a48, 0x4a48, 0x5289, 0x52a9, 0x5289, 0x5289, 0x52aa, 
	0x5289, 0x52aa, 0x52a9, 0x4a49, 0x5aca, 0x4a49, 0x52cb, 0x52cb, 0xa986, 0xa986, 0xa986, 0xa986, 0xa986, 0xa986, 0xa986, 0xa986, 
	0xa986, 0xa986, 0xa986, 0xa986, 0x6370, 0x63b1, 0x63b1, 0x6bd1, 0x6bf2, 0x6bd2, 0x7433, 0x6bf2, 0x5b70, 0x5b4f, 0x5b4f, 0x5b4f, 
	0xc510, 0xcd31, 0xc510, 0xcd51, 0xcd51, 0xc530, 0xd572, 0xcd72, 0xcd31, 0xcd51, 0xcd31, 0xc530, 0xa986, 0xa986, 0xa986, 0xa986, 
	0xa986, 0xa986, 0xa986, 0xa986, 0xa986, 0xa986, 0xa986, 0xa986, 0xb44d, 0xb42c, 0xac0c, 0xac0c, 0xabeb, 0xa3cb, 0x9bab, 0x8b6a, 
	0x8b49, 0x8349, 0x62c9, 0x4a8a, 0x4209, 0x424a, 0x4acd, 0x530e, 0x6370, 0x6390, 0x63b1, 0x63b0, 0x6bd1, 0x6390, 0x63b1, 0x63b1, 
	0x7412, 0x6bf2, 0x6390, 0x5b4f, 0x5b6f, 0x5b4f, 0x5b70, 0x6390, 0x5b70, 0x5b6f, 0x6390, 0x6390, 0x6bb1, 0x73f2, 0x6bf2, 0x7412, 
	0x6bb1, 0x6bb0, 0x73d1, 0x6b90, 0x5b0e, 0x5b0e, 0x5aee, 0x5b0e, 0x5b0e, 0x5b2e, 0x52ed, 0x632f, 0x5b0e, 0x5b0d, 0x634e, 0x5b2e, 
	0x52cc, 0x4aab, 0x424a, 0x422a, 0x4a8b, 0x52ab, 0x528b, 0x52ab, 0x528b, 0x52ac, 0x5b2e, 0x6bb0, 0x52cb, 0x4249, 0x4a8a, 0x52ab, 
	0x4249, 0x4a8a, 0x52cb, 0x4a69, 0x52aa, 0x4a8a, 0x5aeb, 0x52aa, 0x52aa, 0x52aa, 0x52aa, 0x5aeb, 0x5aeb, 0x5b0c, 0x52cb, 0x52cb, 
	0x52aa, 0x52aa, 0x4a69, 0x5289, 0x52aa, 0x4a69, 0x4a89, 0x4248, 0x4a48, 0x4a48, 0x4a68, 0x4a89, 0x4a89, 0x5289, 0x4a89, 0x52aa, 
	0x4a69, 0x5aca, 0x4a68, 0x52a9, 0x5289, 0x528a, 0x4a8a, 0x4a89, 0xa986, 0xa986, 0xa986, 0xa986, 0xa986, 0xa986, 0xa986, 0xa986, 
	0xa986, 0xa986, 0xa986, 0xa986, 0x6390, 0x6bf1, 0x63b1, 0x6bd1, 0x6bd1, 0x63b0, 0x73f2, 0x63b1, 0x5b70, 0x6390, 0x6390, 0x6390, 
	0xc551, 0xc551, 0xc510, 0xc530, 0xcd31, 0xc510, 0xc510, 0xcd51, 0xcd51, 0xc510, 0xbcef, 0xc4f0, 0xa986, 0xa986, 0xa986, 0xa986, 
	0xa986, 0xa986, 0xa986, 0xa986, 0xa986, 0xa986, 0xa986, 0xa986, 0xb40c, 0xac0c, 0xabeb, 0xa3cb, 0xa3aa, 0x9bca, 0x9389, 0x8b69, 
	0x8b49, 0x7b09, 0x4a69, 0x3a09, 0x39e9, 0x52cd, 0x5b2f, 0x5b4f, 0x5b70, 0x6390, 0x6bd1, 0x63b1, 0x5b70, 0x6390, 0x6390, 0x63b0, 
	0x6bd1, 0x6bf1, 0x5b70, 0x5b70, 0x6390, 0x6390, 0x6390, 0x6390, 0x63b1, 0x6390, 0x63b0, 0x63b0, 0x6bd1, 0x6bd1, 0x7412, 0x6bf2, 
	0x63b0, 0x6390, 0x636f, 0x6b70, 0x5b0e, 0x5b0e, 0x52cd, 0x52ed, 0x634f, 0x5b0e, 0x636f, 0x634f, 0x52ed, 0x4a8b, 0x426a, 0x52cc, 
	0x52ec, 0x5b0d, 0x5b2d, 0x5aed, 0x52cc, 0x52cc, 0x5aed, 0x5aed, 0x634e, 0x6b6f, 0x6bb0, 0x6bb0, 0x5aeb, 0x4249, 0x4a8a, 0x52cb, 
	0x4a8a, 0x4a8a, 0x4a8a, 0x4a8a, 0x52aa, 0x52aa, 0x5aeb, 0x5b0c, 0x52aa, 0x4a8a, 0x4a8a, 0x5aeb, 0x5b0c, 0x5b0c, 0x52ab, 0x5aeb, 
	0x528a, 0x5289, 0x52a9, 0x52aa, 0x5289, 0x4a69, 0x4a69, 0x4a48, 0x4a69, 0x4a69, 0x5289, 0x5289, 0x5aeb, 0x4a48, 0x4a48, 0x5289, 
	0x5289, 0x5289, 0x52aa, 0x52aa, 0x4a89, 0x528a, 0x4a69, 0x4a8a, 0xa986, 0xa986, 0xa986, 0xa986, 0xa986, 0xa986, 0xa986, 0xa986, 
	0xa986, 0xa986, 0xa986, 0xa986, 0x5b70, 0x6390, 0x63b1, 0x7413, 0x7412, 0x6bf2, 0x6bd1, 0x6bf1, 0x6390, 0x6390, 0x5b6f, 0x532f, 
	0xc530, 0xc530, 0xc551, 0xb4cf, 0xc510, 0xcd31, 0xcd51, 0xcd31, 0xbccf, 0xc510, 0xc50f, 0xc510, 0xa986, 0xa986, 0xa986, 0xa986, 
	0xa986, 0xa986, 0xa986, 0xa986, 0xa986, 0xa986, 0xa986, 0xa986, 0xac0b, 0xabeb, 0xabeb, 0xa3aa, 0x9389, 0x93aa, 0x9389, 0x8b69, 
	0x8b49, 0x72e9, 0x4a4a, 0x4a6a, 0x4a6a, 0x5b2e, 0x634f, 0x6370, 0x5b4f, 0x6390, 0x6390, 0x6370, 0x5b6f, 0x63b0, 0x5b6f, 0x6390, 
	0x63b1, 0x63b1, 0x6390, 0x5b70, 0x5b4f, 0x6bd1, 0x6390, 0x5b70, 0x6390, 0x5b70, 0x6390, 0x6bd1, 0x63b1, 0x63b1, 0x7412, 0x6bd1, 
	0x63b0, 0x6370, 0x6390, 0x6b90, 0x5b0e, 0x5b0e, 0x634f, 0x5b0e, 0x634f, 0x52ed, 0x4aac, 0x4aac, 0x52ec, 0x52ed, 0x52cc, 0x5b2e, 
	0x5b0e, 0x5b0e, 0x5b2e, 0x634f, 0x52ed, 0x5b0e, 0x5b0e, 0x52ed, 0x634f, 0x6b90, 0x6b90, 0x634f, 0x52cb, 0x4a6a, 0x4a8a, 0x4a89, 
	0x52aa, 0x52aa, 0x52cb, 0x52cb, 0x5aeb, 0x52aa, 0x5aeb, 0x5aeb, 0x4a8a, 0x4a8a, 0x5aeb, 0x5aec, 0x632d, 0x5b0c, 0x5aeb, 0x5aeb, 
	0x5acb, 0x5289, 0x4a68, 0x5289, 0x5289, 0x52a9, 0x4a48, 0x4a48, 0x52a9, 0x4a69, 0x5289, 0x4a89, 0x5289, 0x4a69, 0x4a68, 0x5289, 
	0x5289, 0x5aca, 0x5aca, 0x52a9, 0x52aa, 0x5289, 0x528a, 0x4a8a, 0xa986, 0xa986, 0xa986, 0xa986, 0xa986, 0xa986, 0xa986, 0xa986, 
	0xa986, 0xa986, 0xa986, 0xa986, 0x5b4f, 0x5b70, 0x63b1, 0x6bb2, 0x6bd2, 0x7412, 0x6bf2, 0x6390, 0x5b4f, 0x5b4f, 0x63b1, 0x5b70, 
	0xc550, 0xbd10, 0xcd51, 0xcd71, 0xcd31, 0xcd51, 0xcd71, 0xcd51, 0xcd51, 0xcd51, 0xbcef, 0xbcce, 0xb4ad, 0xb4ae, 0xbcce, 0xbcae, 
	0xa986, 0xa986, 0xa986, 0xa986, 0xb44c, 0xb44c, 0xb42c, 0xb40b, 0xabeb, 0xabeb, 0xa3aa, 0x9baa, 0x9389, 0x8b69, 0x938a, 0x8b69, 
	0x836a, 0x62cb, 0x4a6b, 0x424a, 0x4a8b, 0x52ee, 0x5b4f, 0x5b4f, 0x6390, 0x6390, 0x6390, 0x5b70, 0x6370, 0x5b70, 0x6bb1, 0x6bf2, 
	0x5b70, 0x6390, 0x6390, 0x530e, 0x5b6f, 0x5b6f, 0x6390, 0x532f, 0x6370, 0x6390, 0x63b0, 0x63b1, 0x530e, 0x5b70, 0x6bf2, 0x6bb1, 
	0x5b4f, 0x6370, 0x6bd1, 0x6390, 0x634f, 0x52cd, 0x5b2e, 0x52cd, 0x4aac, 0x52ed, 0x52ed, 0x52cc, 0x5b0d, 0x5b2e, 0x634f, 0x636f, 
	0x5b2e, 0x636f, 0x5b0e, 0x52ed, 0x5b0e, 0x632f, 0x52ee, 0x634f, 0x6b90, 0x6b90, 0x6bb0, 0x634f, 0x52cb, 0x4a8a, 0x4a8a, 0x4a8a, 
	0x4a8a, 0x52aa, 0x52aa, 0x5aeb, 0x52aa, 0x4a89, 0x632c, 0x52aa, 0x4a89, 0x4a89, 0x52cb, 0x634d, 0x5aeb, 0x632c, 0x52aa, 0x4a8a, 
	0x5aeb, 0x5289, 0x4a89, 0x5289, 0x52aa, 0x4a68, 0x4a48, 0x4227, 0x5289, 0x4a69, 0x4a89, 0x5289, 0x5289, 0x4a69, 0x4a89, 0x5289, 
	0x52aa, 0x52aa, 0x4a89, 0x52a9, 0x5aca, 0x4a89, 0x4a48, 0x4228, 0x52ca, 0x52aa, 0x52ca, 0x5b0c, 0xa986, 0xa986, 0xa986, 0xa986, 
	0x5b0d, 0x4209, 0x4249, 0x5b4e, 0x5b50, 0x6390, 0x6bb1, 0x6391, 0x6bd2, 0x6bf2, 0x6bd1, 0x6390, 0x5b4f, 0x5b70, 0x63b1, 0x5b4f, 
	0xc551, 0xc551, 0xbd0f, 0xc550, 0xc550, 0xc510, 0xcd51, 0xc510, 0xbcef, 0xbcef, 0xb4ae, 0xb4ae, 0xb4ad, 0xb48d, 0xb48d, 0xb48d, 
	0xa986, 0xa986, 0xa986, 0xa986, 0xb42c, 0xac0b, 0xac0b, 0xabca, 0xa3ca, 0xa3aa, 0xa3aa, 0x9baa, 0x938a, 0x938a, 0x8b69, 0x8b29, 
	0x730a, 0x52cc, 0x424a, 0x424a, 0x52cc, 0x5b0e, 0x6390, 0x63b0, 0x6390, 0x6390, 0x530e, 0x5b70, 0x5b70, 0x6bb1, 0x63b0, 0x6390, 
	0x63b1, 0x6bd1, 0x6390, 0x5b4f, 0x532f, 0x5b4f, 0x6390, 0x6390, 0x5b4f, 0x5b4f, 0x63b0, 0x5b2f, 0x6390, 0x6bb1, 0x6390, 0x6bd1, 
	0x7433, 0x7c12, 0x6bb0, 0x530e, 0x5b0e, 0x5b2e, 0x5b2f, 0x634f, 0x5b0e, 0x52cd, 0x5b0e, 0x634f, 0x5b0e, 0x5b2e, 0x5b2f, 0x5b2e, 
	0x5b2e, 0x52ed, 0x52ec, 0x5b0d, 0x52cc, 0x5b0e, 0x5b0e, 0x636f, 0x6b90, 0x6bb0, 0x6b90, 0x5b0e, 0x5b0c, 0x4a8a, 0x52ab, 0x52ab, 
	0x52cb, 0x52cb, 0x52cb, 0x52ca, 0x52aa, 0x52aa, 0x52ca, 0x4a69, 0x4249, 0x52aa, 0x5aeb, 0x5b0c, 0x52cb, 0x52ab, 0x4a8a, 0x4a8a, 
	0x52aa, 0x5289, 0x52aa, 0x4a48, 0x4a48, 0x4a68, 0x4a89, 0x4228, 0x4a48, 0x4a69, 0x4a48, 0x4a69, 0x52aa, 0x4a69, 0x52aa, 0x5289, 
	0x5289, 0x5289, 0x52ca, 0x5289, 0x52ca, 0x4a68, 0x4248, 0x4249, 0x4a69, 0x4a8a, 0x52cb, 0x52ab, 0xa986, 0xa986, 0xa986, 0xa986, 
	0x5b2d, 0x3a08, 0x3a08, 0x5b2e, 0x6390, 0x63b1, 0x7413, 0x63b1, 0x6390, 0x63b1, 0x6390, 0x5b4f, 0x530e, 0x5b4f, 0x5b6f, 0x5b2f, 
	0xcd71, 0xc530, 0xc550, 0xc530, 0xc550, 0xc551, 0xcd30, 0xcd51, 0xbcef, 0xbcee, 0xbcef, 0xb4ad, 0xb4ad, 0xb48d, 0xb4ae, 0xb4ae, 
	0xa986, 0xa986, 0xa986, 0xa986, 0xb42c, 0xac0b, 0xac0b, 0xa3ca, 0xabcb, 0xa3aa, 0xa3aa, 0x9389, 0x9389, 0x8b69, 0x8b49, 0x8329, 
	0x62ea, 0x4a8b, 0x424a, 0x426b, 0x52ed, 0x5b4f, 0x6390, 0x6390, 0x5b70, 0x6390, 0x6390, 0x6390, 0x63b1, 0x6390, 0x6390, 0x6bd1, 
	0x63b1, 0x6bd1, 0x5b4f, 0x5b4f, 0x5b4f, 0x532f, 0x6390, 0x5b6f, 0x6390, 0x63b0, 0x6370, 0x5b4f, 0x6390, 0x63b1, 0x6bd1, 0x6bd1, 
	0x532e, 0x6bb1, 0x636f, 0x636f, 0x5b2e, 0x5b2e, 0x5b2e, 0x5b2e, 0x634f, 0x5b0e, 0x5b2e, 0x52ed, 0x634e, 0x5b0d, 0x5b2e, 0x5b0d, 
	0x634e, 0x5b0d, 0x52ed, 0x52cd, 0x5b2e, 0x5b2e, 0x636f, 0x6b90, 0x6bb0, 0x6b90, 0x6b90, 0x5b2f, 0x52aa, 0x52ab, 0x52ab, 0x52cb, 
	0x52cb, 0x5aeb, 0x52ab, 0x5aeb, 0x52aa, 0x4a8a, 0x4a89, 0x4249, 0x4a8a, 0x4a8a, 0x5aeb, 0x634d, 0x5b0c, 0x5aec, 0x52aa, 0x4a8a, 
	0x528a, 0x52a9, 0x4a89, 0x52aa, 0x4248, 0x4a68, 0x4a48, 0x52aa, 0x4a69, 0x4a89, 0x52aa, 0x4a69, 0x4a69, 0x52a9, 0x52aa, 0x52aa, 
	0x52aa, 0x4a69, 0x52aa, 0x52a9, 0x52aa, 0x4228, 0x4a8a, 0x52aa, 0x4a89, 0x4a8a, 0x52cb, 0x52cb, 0xa986, 0xa986, 0xa986, 0xa986, 
	0x5b2d, 0x39e8, 0x39e7, 0x5b2d, 0x6390, 0x5b4f, 0x6bd1, 0x63b0, 0x5b70, 0x63b0, 0x63b1, 0x530e, 0x6370, 0x532f, 0x5b70, 0x5b4f, 
	0xc550, 0xc530, 0xc510, 0xc530, 0xc530, 0xc530, 0xc510, 0xcd31, 0xc510, 0xbccf, 0xbcce, 0xb4ad, 0xb4ae, 0xb4ae, 0xb4ad, 0xb4ae, 
	0xa986, 0xa986, 0xa986, 0xa986, 0xac0b, 0xac0b, 0xabcb, 0xa3ca, 0xa3aa, 0xa3aa, 0x9b8a, 0x9389, 0x938a, 0x938a, 0x8b49, 0x7309, 
	0x5289, 0x4a6b, 0x426a, 0x52ed, 0x6350, 0x6370, 0x6390, 0x6b90, 0x6370, 0x6370, 0x6bd1, 0x6390, 0x6bb1, 0x6370, 0x6bb1, 0x6390, 
	0x6370, 0x6bb1, 0x634f, 0x6390, 0x6370, 0x5b4f, 0x6bb1, 0x634f, 0x6390, 0x6370, 0x6390, 0x5b4f, 0x5b2f, 0x634f, 0x6370, 0x6b90, 
	0x6bd1, 0x6390, 0x5b4f, 0x5b4f, 0x634e, 0x634e, 0x6b8f, 0x5b0d, 0x5b0d, 0x5b2e, 0x5b0e, 0x5b2e, 0x5b0d, 0x5b0d, 0x5b0d, 0x632e, 
	0x5aed, 0x52cc, 0x52ac, 0x5b4e, 0x5b2e, 0x6370, 0x6b90, 0x6bb0, 0x6b90, 0x73d1, 0x6bb0, 0x5b2e, 0x5aeb, 0x4a8a, 0x52ab, 0x5aeb, 
	0x5aec, 0x5b0c, 0x5aec, 0x5aeb, 0x52ab, 0x4249, 0x4a8a, 0x4a8a, 0x4a8a, 0x5b0c, 0x5b0c, 0x52cb, 0x5aec, 0x52cb, 0x52cb, 0x52ab, 
	0x52aa, 0x4a69, 0x4a69, 0x4a48, 0x4228, 0x5aca, 0x4a89, 0x4a69, 0x4a69, 0x4a69, 0x4a69, 0x52aa, 0x5289, 0x5aca, 0x52a9, 0x5289, 
	0x52a9, 0x528a, 0x4a69, 0x52a9, 0x4a89, 0x4248, 0x52aa, 0x4a8a, 0x4a69, 0x52aa, 0x5aec, 0x5aec, 0xa986, 0xa986, 0xa986, 0xa986, 
	0x52ab, 0x31c7, 0x4229, 0x5b0d, 0x6390, 0x63b0, 0x73f2, 0x6bd1, 0x5b70, 0x5b70, 0x5b2f, 0x532f, 0x5b70, 0x6370, 0x6bf1, 0x6370
};


const int frame_8_bitmap_len = 128 * 160;

#endif
